date,channel_id,sessions,users,bookings,revenue,spend,impressions,clicks
2024-09-01,1,217,181,3,1174.45,0.0,0,0
2024-09-01,2,157,123,3,1093.34,0.0,0,0
2024-09-01,3,143,117,1,979.5,0.0,0,0
2024-09-01,4,73,59,2,1366.55,0.0,0,0
2024-09-01,5,105,88,3,3132.44,0.0,0,0
2024-09-01,6,0,0,12,8008.47,0.0,0,0
2024-09-01,7,125,99,2,1728.76,0.0,0,0
2024-09-02,1,498,415,10,7772.08,0.0,0,0
2024-09-02,2,135,112,3,1522.13,0.0,0,0
2024-09-02,3,145,117,1,1706.88,0.0,0,0
2024-09-02,4,167,142,6,2600.97,0.0,0,0
2024-09-02,5,24,19,0,0.0,0.0,0,0
2024-09-02,6,0,0,9,3327.24,0.0,0,0
2024-09-02,7,21,17,0,0.0,0.0,0,0
2024-09-03,1,332,273,5,4041.95,0.0,0,0
2024-09-03,2,206,170,5,2380.7,0.0,0,0
2024-09-03,3,17,14,0,0.0,0.0,0,0
2024-09-03,4,71,58,2,2337.72,0.0,0,0
2024-09-03,5,76,61,2,864.47,0.0,0,0
2024-09-03,6,0,0,7,3911.26,0.0,0,0
2024-09-03,7,20,16,0,0.0,0.0,0,0
2024-09-04,1,328,271,6,3505.02,0.0,0,0
2024-09-04,2,80,63,1,275.18,0.0,0,0
2024-09-04,3,137,114,1,558.74,0.0,0,0
2024-09-04,4,31,24,0,0.0,0.0,0,0
2024-09-04,5,128,100,4,1081.31,0.0,0,0
2024-09-04,6,0,0,8,4300.18,0.0,0,0
2024-09-04,7,113,95,2,1233.84,0.0,0,0
2024-09-05,1,475,381,10,5376.98,0.0,0,0
2024-09-05,2,217,184,5,4618.94,0.0,0,0
2024-09-05,3,147,118,1,629.36,0.0,0,0
2024-09-05,4,88,69,3,793.02,0.0,0,0
2024-09-05,5,111,91,3,1445.69,0.0,0,0
2024-09-05,6,0,0,9,5699.71,0.0,0,0
2024-09-05,7,71,57,1,282.46,0.0,0,0
2024-09-06,1,364,285,7,5150.41,0.0,0,0
2024-09-06,2,111,95,2,1155.0,0.0,0,0
2024-09-06,3,128,101,1,617.92,0.0,0,0
2024-09-06,4,31,26,0,0.0,0.0,0,0
2024-09-06,5,76,59,2,519.61,0.0,0,0
2024-09-06,6,0,0,9,6858.93,0.0,0,0
2024-09-06,7,20,16,0,0.0,0.0,0,0
2024-09-07,1,223,187,3,1243.7,0.0,0,0
2024-09-07,2,214,173,5,2925.8,0.0,0,0
2024-09-07,3,143,113,1,2024.89,0.0,0,0
2024-09-07,4,31,24,0,0.0,0.0,0,0
2024-09-07,5,53,44,1,263.23,0.0,0,0
2024-09-07,6,0,0,7,5891.78,0.0,0,0
2024-09-07,7,140,114,2,1628.99,0.0,0,0
2024-09-08,1,505,420,10,5373.11,0.0,0,0
2024-09-08,2,279,218,7,3906.32,0.0,0,0
2024-09-08,3,17,14,0,0.0,0.0,0,0
2024-09-08,4,70,55,2,997.23,0.0,0,0
2024-09-08,5,82,67,2,861.42,0.0,0,0
2024-09-08,6,0,0,10,6304.99,0.0,0,0
2024-09-08,7,147,118,2,1665.81,0.0,0,0
2024-09-09,1,440,347,8,5086.44,0.0,0,0
2024-09-09,2,155,123,3,1837.57,229.71,2857,120
2024-09-09,3,149,121,1,891.72,0.0,0,0
2024-09-09,4,69,54,2,1142.72,0.0,0,0
2024-09-09,5,110,90,3,864.1,0.0,0,0
2024-09-09,6,0,0,7,5856.79,0.0,0,0
2024-09-09,7,70,57,1,1143.12,0.0,0,0
2024-09-10,1,463,372,9,7584.98,0.0,0,0
2024-09-10,2,287,242,8,4802.21,305.34,3809,160
2024-09-10,3,153,119,1,232.06,0.0,0,0
2024-09-10,4,93,74,3,766.64,0.0,0,0
2024-09-10,5,24,18,0,0.0,0.0,0,0
2024-09-10,6,0,0,11,6276.33,0.0,0,0
2024-09-10,7,121,101,2,1178.32,0.0,0,0
2024-09-11,1,371,316,6,4844.93,0.0,0,0
2024-09-11,2,115,92,2,573.52,269.97,3380,142
2024-09-11,3,272,233,2,914.71,0.0,0,0
2024-09-11,4,69,54,2,1204.69,0.0,0,0
2024-09-11,5,75,61,2,421.72,0.0,0,0
2024-09-11,6,0,0,8,4763.06,0.0,0,0
2024-09-11,7,187,148,3,2139.06,0.0,0,0
2024-09-12,1,297,235,5,3838.58,0.0,0,0
2024-09-12,2,80,63,1,592.04,262.14,3261,137
2024-09-12,3,140,111,1,855.93,0.0,0,0
2024-09-12,4,76,64,2,2031.95,0.0,0,0
2024-09-12,5,48,40,1,276.28,0.0,0,0
2024-09-12,6,0,0,7,5987.61,0.0,0,0
2024-09-12,7,120,94,2,2228.49,0.0,0,0
2024-09-13,1,431,370,8,7663.09,0.0,0,0
2024-09-13,2,305,255,8,4842.26,235.8,2952,124
2024-09-13,3,469,385,4,2120.74,0.0,0,0
2024-09-13,4,119,97,4,2323.26,0.0,0,0
2024-09-13,5,50,41,1,676.77,0.0,0,0
2024-09-13,6,0,0,4,2005.66,0.0,0,0
2024-09-13,7,20,16,0,0.0,0.0,0,0
2024-09-14,1,452,353,8,5895.27,0.0,0,0
2024-09-14,2,178,146,4,1933.07,267.21,3333,140
2024-09-14,3,17,14,0,0.0,0.0,0,0
2024-09-14,4,30,23,0,0.0,0.0,0,0
2024-09-14,5,23,19,0,0.0,0.0,0,0
2024-09-14,6,0,0,9,5590.73,0.0,0,0
2024-09-14,7,75,60,1,260.42,0.0,0,0
2024-09-15,1,401,342,8,7015.07,0.0,0,0
2024-09-15,2,105,87,2,1079.46,239.93,3000,126
2024-09-15,3,16,13,0,0.0,0.0,0,0
2024-09-15,4,90,77,3,1522.3,0.0,0,0
2024-09-15,5,53,42,1,428.9,0.0,0,0
2024-09-15,6,0,0,13,7076.7,0.0,0,0
2024-09-15,7,194,152,3,1692.66,0.0,0,0
2024-09-16,1,166,139,2,1101.97,0.0,0,0
2024-09-16,2,263,213,6,2267.54,259.66,3238,136
2024-09-16,3,16,12,0,0.0,0.0,0,0
2024-09-16,4,123,96,4,2474.04,0.0,0,0
2024-09-16,5,106,90,3,1003.89,0.0,0,0
2024-09-16,6,0,0,7,5729.88,0.0,0,0
2024-09-16,7,75,61,1,539.46,0.0,0,0
2024-09-17,1,760,647,15,9865.66,0.0,0,0
2024-09-17,2,178,146,4,2406.29,285.14,3571,150
2024-09-17,3,267,227,2,1037.67,0.0,0,0
2024-09-17,4,99,83,3,977.66,0.0,0,0
2024-09-17,5,50,42,1,517.66,0.0,0,0
2024-09-17,6,0,0,11,4724.33,0.0,0,0
2024-09-17,7,136,109,2,1408.42,0.0,0,0
2024-09-18,1,288,226,5,3499.73,0.0,0,0
2024-09-18,2,192,163,5,2115.63,247.2,3095,130
2024-09-18,3,16,12,0,0.0,0.0,0,0
2024-09-18,4,56,47,1,940.71,0.0,0,0
2024-09-18,5,83,67,2,932.9,0.0,0,0
2024-09-18,6,0,0,13,8242.7,0.0,0,0
2024-09-18,7,20,15,0,0.0,0.0,0,0
2024-09-19,1,373,308,8,4625.54,0.0,0,0
2024-09-19,2,228,193,6,2644.71,296.07,3690,155
2024-09-19,3,551,445,4,1804.87,0.0,0,0
2024-09-19,4,86,71,3,2978.21,0.0,0,0
2024-09-19,5,52,42,1,269.46,0.0,0,0
2024-09-19,6,0,0,8,5335.68,0.0,0,0
2024-09-19,7,72,61,1,972.96,0.0,0,0
2024-09-20,1,432,358,9,6287.85,0.0,0,0
2024-09-20,2,110,90,2,1456.22,222.96,2785,117
2024-09-20,3,134,108,1,306.47,0.0,0,0
2024-09-20,4,102,85,3,758.44,0.0,0,0
2024-09-20,5,50,41,1,1207.76,0.0,0,0
2024-09-20,6,0,0,8,6883.82,0.0,0,0
2024-09-20,7,20,16,0,0.0,0.0,0,0
2024-09-21,1,437,369,8,4539.44,0.0,0,0
2024-09-21,2,367,286,10,5894.93,210.16,2619,110
2024-09-21,3,16,13,0,0.0,0.0,0,0
2024-09-21,4,72,60,2,1024.81,0.0,0,0
2024-09-21,5,23,18,0,0.0,0.0,0,0
2024-09-21,6,0,0,9,3675.83,0.0,0,0
2024-09-21,7,193,157,3,1234.56,0.0,0,0
2024-09-22,1,246,205,4,3027.19,0.0,0,0
2024-09-22,2,196,167,5,1656.23,307.46,3833,161
2024-09-22,3,131,108,1,1186.85,0.0,0,0
2024-09-22,4,70,57,2,1783.99,0.0,0,0
2024-09-22,5,77,63,2,591.22,0.0,0,0
2024-09-22,6,0,0,11,4905.19,0.0,0,0
2024-09-22,7,19,15,0,0.0,0.0,0,0
2024-09-23,1,338,282,6,3828.79,0.0,0,0
2024-09-23,2,109,91,2,1565.55,275.24,3428,144
2024-09-23,3,131,106,1,284.3,0.0,0,0
2024-09-23,4,50,41,1,280.57,0.0,0,0
2024-09-23,5,100,84,3,3086.16,0.0,0,0
2024-09-23,6,0,0,7,3749.07,0.0,0,0
2024-09-23,7,74,63,1,591.42,0.0,0,0
2024-09-24,1,264,222,4,2489.31,0.0,0,0
2024-09-24,2,209,165,5,3035.47,207.04,2571,108
2024-09-24,3,16,12,0,0.0,0.0,0,0
2024-09-24,4,164,138,7,4341.25,0.0,0,0
2024-09-24,5,23,19,0,0.0,0.0,0,0
2024-09-24,6,0,0,7,5551.02,0.0,0,0
2024-09-24,7,74,58,1,1083.24,0.0,0,0
2024-09-25,1,297,231,5,1921.88,0.0,0,0
2024-09-25,2,235,187,5,2764.06,335.37,4190,176
2024-09-25,3,131,107,1,466.56,0.0,0,0
2024-09-25,4,102,83,3,3170.32,0.0,0,0
2024-09-25,5,112,95,3,2273.88,0.0,0,0
2024-09-25,6,0,0,7,4607.94,0.0,0,0
2024-09-25,7,19,15,0,0.0,0.0,0,0
2024-09-26,1,426,342,8,3390.0,0.0,0,0
2024-09-26,2,216,170,5,3067.96,312.64,3904,164
2024-09-26,3,148,118,1,480.78,0.0,0,0
2024-09-26,4,117,93,4,2173.85,0.0,0,0
2024-09-26,5,80,68,2,1267.84,0.0,0,0
2024-09-26,6,0,0,10,3592.23,0.0,0,0
2024-09-26,7,124,105,2,520.95,0.0,0,0
2024-09-27,1,258,212,4,1997.02,0.0,0,0
2024-09-27,2,80,67,1,901.16,329.6,4119,173
2024-09-27,3,16,12,0,0.0,0.0,0,0
2024-09-27,4,52,40,1,547.88,0.0,0,0
2024-09-27,5,51,41,1,286.51,0.0,0,0
2024-09-27,6,0,0,8,3464.78,0.0,0,0
2024-09-27,7,77,61,1,1242.25,0.0,0,0
2024-09-28,1,266,221,4,1136.61,0.0,0,0
2024-09-28,2,142,122,3,1335.28,273.27,3404,143
2024-09-28,3,443,354,4,1868.09,0.0,0,0
2024-09-28,4,50,42,1,240.68,0.0,0,0
2024-09-28,5,130,108,4,1998.22,0.0,0,0
2024-09-28,6,0,0,6,3336.85,0.0,0,0
2024-09-28,7,19,15,0,0.0,0.0,0,0
2024-09-29,1,163,130,2,747.2,0.0,0,0
2024-09-29,2,150,120,3,2213.36,227.94,2833,119
2024-09-29,3,144,122,1,268.41,0.0,0,0
2024-09-29,4,49,41,1,300.98,0.0,0,0
2024-09-29,5,50,41,1,202.46,0.0,0,0
2024-09-29,6,0,0,14,6464.64,0.0,0,0
2024-09-29,7,119,101,2,1044.07,0.0,0,0
2024-09-30,1,296,236,5,2138.69,0.0,0,0
2024-09-30,2,183,157,4,1224.64,265.68,3309,139
2024-09-30,3,16,13,0,0.0,0.0,0,0
2024-09-30,4,87,74,3,2703.51,0.0,0,0
2024-09-30,5,51,42,1,1063.8,0.0,0,0
2024-09-30,6,0,0,8,5487.49,0.0,0,0
2024-09-30,7,19,16,0,0.0,0.0,0,0
2024-10-01,1,403,342,7,2126.99,0.0,0,0
2024-10-01,2,138,113,3,2139.37,251.8,3142,132
2024-10-01,3,128,105,1,712.38,0.0,0,0
2024-10-01,4,48,38,1,238.0,0.0,0,0
2024-10-01,5,55,44,1,982.88,0.0,0,0
2024-10-01,6,0,0,6,2677.49,0.0,0,0
2024-10-01,7,298,249,5,2828.54,0.0,0,0
2024-10-02,1,308,242,6,3121.47,0.0,0,0
2024-10-02,2,78,61,1,216.29,267.54,3333,140
2024-10-02,3,150,123,1,542.08,0.0,0,0
2024-10-02,4,152,125,6,2553.49,0.0,0,0
2024-10-02,5,70,57,2,917.95,0.0,0,0
2024-10-02,6,0,0,14,8300.21,0.0,0,0
2024-10-02,7,72,60,1,768.75,0.0,0,0
2024-10-03,1,357,288,6,3928.44,0.0,0,0
2024-10-03,2,140,114,3,1268.54,252.67,3142,132
2024-10-03,3,270,224,2,1803.0,0.0,0,0
2024-10-03,4,28,21,0,0.0,0.0,0,0
2024-10-03,5,22,18,0,0.0,0.0,0,0
2024-10-03,6,0,0,9,5624.14,0.0,0,0
2024-10-03,7,74,59,1,209.22,0.0,0,0
2024-10-04,1,411,326,8,4887.35,0.0,0,0
2024-10-04,2,137,115,3,1428.02,256.22,3190,134
2024-10-04,3,139,112,1,2428.29,0.0,0,0
2024-10-04,4,68,56,2,541.72,0.0,0,0
2024-10-04,5,48,41,1,597.3,0.0,0,0
2024-10-04,6,0,0,9,3531.02,0.0,0,0
2024-10-04,7,77,61,1,605.1,0.0,0,0
2024-10-05,1,317,266,6,2403.72,0.0,0,0
2024-10-05,2,43,36,0,0.0,277.83,3476,146
2024-10-05,3,145,124,1,334.72,0.0,0,0
2024-10-05,4,89,75,3,650.53,0.0,0,0
2024-10-05,5,22,17,0,0.0,0.0,0,0
2024-10-05,6,0,0,7,4551.09,0.0,0,0
2024-10-05,7,18,14,0,0.0,0.0,0,0
2024-10-06,1,393,310,7,2497.65,0.0,0,0
2024-10-06,2,76,63,1,251.57,287.65,3595,151
2024-10-06,3,248,203,2,832.89,0.0,0,0
2024-10-06,4,49,40,1,235.02,0.0,0,0
2024-10-06,5,21,16,0,0.0,0.0,0,0
2024-10-06,6,0,0,5,2263.92,0.0,0,0
2024-10-06,7,72,57,1,223.78,0.0,0,0
2024-10-07,1,383,325,7,3775.9,0.0,0,0
2024-10-07,2,210,179,5,2524.73,228.77,2857,120
2024-10-07,3,15,11,0,0.0,0.0,0,0
2024-10-07,4,91,73,3,1890.95,0.0,0,0
2024-10-07,5,46,38,1,195.55,0.0,0,0
2024-10-07,6,0,0,3,1150.97,0.0,0,0
2024-10-07,7,173,139,3,1570.36,0.0,0,0
2024-10-08,1,621,531,13,5299.65,0.0,0,0
2024-10-08,2,129,110,3,872.35,275.87,3452,145
2024-10-08,3,15,11,0,0.0,0.0,0,0
2024-10-08,4,51,39,1,421.5,0.0,0,0
2024-10-08,5,50,40,1,624.6,0.0,0,0
2024-10-08,6,0,0,8,3035.66,0.0,0,0
2024-10-08,7,18,15,0,0.0,0.0,0,0
2024-10-09,1,318,272,5,2252.05,0.0,0,0
2024-10-09,2,197,160,5,2954.21,253.38,3166,133
2024-10-09,3,287,231,2,729.68,0.0,0,0
2024-10-09,4,49,39,1,489.94,0.0,0,0
2024-10-09,5,50,40,1,287.42,0.0,0,0
2024-10-09,6,0,0,6,4222.9,0.0,0,0
2024-10-09,7,172,147,3,668.99,0.0,0,0
2024-10-10,1,267,212,5,2644.31,0.0,0,0
2024-10-10,2,288,244,7,4053.88,288.31,3595,151
2024-10-10,3,153,126,1,231.17,0.0,0,0
2024-10-10,4,27,22,0,0.0,0.0,0,0
2024-10-10,5,48,40,1,430.24,0.0,0,0
2024-10-10,6,0,0,6,2085.57,0.0,0,0
2024-10-10,7,198,163,3,960.0,0.0,0,0
2024-10-11,1,287,240,5,2036.21,0.0,0,0
2024-10-11,2,149,126,3,1550.02,212.71,2642,111
2024-10-11,3,149,122,1,818.01,0.0,0,0
2024-10-11,4,48,37,1,861.48,0.0,0,0
2024-10-11,5,21,17,0,0.0,0.0,0,0
2024-10-11,6,0,0,6,4024.87,0.0,0,0
2024-10-11,7,85,69,1,283.05,0.0,0,0
2024-10-12,1,295,253,5,2929.85,0.0,0,0
2024-10-12,2,147,124,3,4022.0,245.67,3071,129
2024-10-12,3,15,12,0,0.0,0.0,0,0
2024-10-12,4,93,73,3,1302.05,0.0,0,0
2024-10-12,5,48,39,1,260.37,0.0,0,0
2024-10-12,6,0,0,9,6440.63,0.0,0,0
2024-10-12,7,18,15,0,0.0,0.0,0,0
2024-10-13,1,207,162,3,1142.81,0.0,0,0
2024-10-13,2,179,147,4,2612.25,282.52,3523,148
2024-10-13,3,149,122,1,280.99,0.0,0,0
2024-10-13,4,88,75,3,1307.93,0.0,0,0
2024-10-13,5,45,36,1,846.28,0.0,0,0
2024-10-13,6,0,0,10,4685.56,0.0,0,0
2024-10-13,7,72,59,1,242.17,0.0,0,0
2024-10-14,1,248,197,4,2273.39,0.0,0,0
2024-10-14,2,103,80,2,478.62,245.79,3071,129
2024-10-14,3,295,230,2,724.1,0.0,0,0
2024-10-14,4,26,20,0,0.0,0.0,0,0
2024-10-14,5,49,40,1,1081.3,0.0,0,0
2024-10-14,6,0,0,0,0.0,0.0,0,0
2024-10-14,7,190,151,3,1675.5,0.0,0,0
2024-10-15,1,191,149,3,1983.59,0.0,0,0
2024-10-15,2,144,114,3,1108.97,253.96,3166,133
2024-10-15,3,152,129,1,872.04,0.0,0,0
2024-10-15,4,72,61,2,1192.57,0.0,0,0
2024-10-15,5,110,90,3,2498.17,0.0,0,0
2024-10-15,6,0,0,8,4600.49,0.0,0,0
2024-10-15,7,17,14,0,0.0,0.0,0,0
2024-10-16,1,300,235,5,2613.97,0.0,0,0
2024-10-16,2,264,216,7,2911.39,226.62,2833,119
2024-10-16,3,146,122,1,219.69,0.0,0,0
2024-10-16,4,48,40,1,867.28,0.0,0,0
2024-10-16,5,81,67,2,1453.34,0.0,0,0
2024-10-16,6,0,0,7,4014.35,0.0,0,0
2024-10-16,7,241,189,4,2532.86,0.0,0,0
2024-10-17,1,286,238,6,2303.38,0.0,0,0
2024-10-17,2,177,148,4,1179.79,224.15,2785,117
2024-10-17,3,145,121,1,763.29,0.0,0,0
2024-10-17,4,64,51,2,982.51,0.0,0,0
2024-10-17,5,103,86,3,2244.56,0.0,0,0
2024-10-17,6,0,0,10,4822.84,0.0,0,0
2024-10-17,7,17,13,0,0.0,0.0,0,0
2024-10-18,1,313,266,6,2704.44,0.0,0,0
2024-10-18,2,102,87,2,465.3,221.22,2761,116
2024-10-18,3,141,113,1,244.54,0.0,0,0
2024-10-18,4,75,64,2,615.84,0.0,0,0
2024-10-18,5,20,15,0,0.0,0.0,0,0
2024-10-18,6,0,0,4,1943.86,0.0,0,0
2024-10-18,7,71,55,1,211.96,0.0,0,0
2024-10-19,1,375,298,7,5189.67,0.0,0,0
2024-10-19,2,110,91,2,771.89,174.72,2166,91
2024-10-19,3,284,226,2,485.45,0.0,0,0
2024-10-19,4,47,38,1,178.99,0.0,0,0
2024-10-19,5,46,36,1,1786.32,0.0,0,0
2024-10-19,6,0,0,9,4841.28,0.0,0,0
2024-10-19,7,69,58,1,793.44,0.0,0,0
2024-10-20,1,288,237,5,2457.83,0.0,0,0
2024-10-20,2,233,197,6,2623.44,270.04,3380,142
2024-10-20,3,128,101,1,563.2,0.0,0,0
2024-10-20,4,70,60,2,450.39,0.0,0,0
2024-10-20,5,48,39,1,409.26,0.0,0,0
2024-10-20,6,0,0,9,4304.25,0.0,0,0
2024-10-20,7,71,57,1,590.46,0.0,0,0
2024-10-21,1,165,132,2,937.6,0.0,0,0
2024-10-21,2,72,56,1,233.46,224.13,2785,117
2024-10-21,3,380,308,3,1267.43,0.0,0,0
2024-10-21,4,25,19,0,0.0,0.0,0,0
2024-10-21,5,102,85,3,1539.44,0.0,0,0
2024-10-21,6,0,0,5,3279.96,0.0,0,0
2024-10-21,7,126,101,2,1138.87,0.0,0,0
2024-10-22,1,211,164,3,1394.18,0.0,0,0
2024-10-22,2,39,31,0,0.0,150.85,1880,79
2024-10-22,3,153,126,1,729.36,0.0,0,0
2024-10-22,4,48,40,1,556.89,0.0,0,0
2024-10-22,5,49,38,1,208.42,0.0,0,0
2024-10-22,6,0,0,10,3915.7,0.0,0,0
2024-10-22,7,16,12,0,0.0,0.0,0,0
2024-10-23,1,398,342,8,6347.56,0.0,0,0
2024-10-23,2,73,57,1,417.7,258.56,3238,136
2024-10-23,3,154,130,1,236.68,0.0,0,0
2024-10-23,4,25,20,0,0.0,0.0,0,0
2024-10-23,5,62,48,2,1987.76,0.0,0,0
2024-10-23,6,0,0,9,4578.9,0.0,0,0
2024-10-23,7,76,60,1,498.04,0.0,0,0
2024-10-24,1,221,183,3,1081.59,0.0,0,0
2024-10-24,2,134,107,3,1594.74,249.6,3119,131
2024-10-24,3,276,216,2,506.66,0.0,0,0
2024-10-24,4,25,19,0,0.0,0.0,0,0
2024-10-24,5,19,15,0,0.0,0.0,0,0
2024-10-24,6,0,0,8,4008.61,0.0,0,0
2024-10-24,7,74,59,1,458.0,0.0,0,0
2024-10-25,1,106,87,1,199.94,0.0,0,0
2024-10-25,2,158,125,4,1938.78,289.76,3619,152
2024-10-25,3,400,315,3,1281.97,0.0,0,0
2024-10-25,4,156,123,6,4521.02,0.0,0,0
2024-10-25,5,19,15,0,0.0,0.0,0,0
2024-10-25,6,0,0,6,2303.2,0.0,0,0
2024-10-25,7,16,13,0,0.0,0.0,0,0
2024-10-26,1,271,225,5,2154.95,0.0,0,0
2024-10-26,2,38,29,0,0.0,239.23,2976,125
2024-10-26,3,159,129,1,567.84,0.0,0,0
2024-10-26,4,95,77,3,2441.6,0.0,0,0
2024-10-26,5,46,39,1,232.52,0.0,0,0
2024-10-26,6,0,0,5,2199.15,0.0,0,0
2024-10-26,7,135,110,2,2276.2,0.0,0,0
2024-10-27,1,239,189,4,1273.07,0.0,0,0
2024-10-27,2,208,168,5,3287.14,163.42,2047,86
2024-10-27,3,239,188,2,1474.12,0.0,0,0
2024-10-27,4,24,19,0,0.0,0.0,0,0
2024-10-27,5,19,15,0,0.0,0.0,0,0
2024-10-27,6,0,0,6,2756.05,0.0,0,0
2024-10-27,7,78,62,1,242.67,0.0,0,0
2024-10-28,1,332,275,6,2861.38,0.0,0,0
2024-10-28,2,274,213,8,4500.31,211.69,2642,111
2024-10-28,3,157,127,1,773.22,0.0,0,0
2024-10-28,4,72,60,2,367.25,0.0,0,0
2024-10-28,5,18,15,0,0.0,0.0,0,0
2024-10-28,6,0,0,7,3521.41,0.0,0,0
2024-10-28,7,69,54,1,173.5,0.0,0,0
2024-10-29,1,336,281,6,2806.97,0.0,0,0
2024-10-29,2,123,104,3,1597.52,250.51,3119,131
2024-10-29,3,123,104,1,432.6,0.0,0,0
2024-10-29,4,97,82,3,1776.37,0.0,0,0
2024-10-29,5,75,63,2,1661.6,0.0,0,0
2024-10-29,6,0,0,14,6786.87,0.0,0,0
2024-10-29,7,16,13,0,0.0,0.0,0,0
2024-10-30,1,269,212,5,2745.71,0.0,0,0
2024-10-30,2,167,142,4,2399.01,253.62,3166,133
2024-10-30,3,13,10,0,0.0,0.0,0,0
2024-10-30,4,69,58,2,1654.34,0.0,0,0
2024-10-30,5,46,38,1,545.24,0.0,0,0
2024-10-30,6,0,0,6,2910.82,0.0,0,0
2024-10-30,7,71,59,1,700.68,0.0,0,0
2024-10-31,1,155,126,2,998.18,0.0,0,0
2024-10-31,2,96,81,2,843.24,288.56,3595,151
2024-10-31,3,128,106,1,814.16,0.0,0,0
2024-10-31,4,104,85,4,1115.53,0.0,0,0
2024-10-31,5,18,14,0,0.0,0.0,0,0
2024-10-31,6,0,0,1,230.24,0.0,0,0
2024-10-31,7,67,53,1,605.13,0.0,0,0
2024-11-01,1,349,299,6,1801.99,0.0,0,0
2024-11-01,2,95,80,2,1357.42,232.29,2904,122
2024-11-01,3,13,10,0,0.0,0.0,0,0
2024-11-01,4,116,98,4,1761.36,0.0,0,0
2024-11-01,5,79,67,2,784.48,0.0,0,0
2024-11-01,6,0,0,5,2678.78,0.0,0,0
2024-11-01,7,75,60,1,144.86,0.0,0,0
2024-11-02,1,239,195,4,1525.28,0.0,0,0
2024-11-02,2,150,125,4,1425.36,217.4,2714,114
2024-11-02,3,628,498,4,1424.95,0.0,0,0
2024-11-02,4,83,70,3,851.53,0.0,0,0
2024-11-02,5,74,61,2,905.2,0.0,0,0
2024-11-02,6,0,0,9,4838.78,0.0,0,0
2024-11-02,7,238,200,4,1246.93,0.0,0,0
2024-11-03,1,154,120,2,483.82,0.0,0,0
2024-11-03,2,35,28,0,0.0,234.77,2928,123
2024-11-03,3,133,105,1,218.38,0.0,0,0
2024-11-03,4,23,18,0,0.0,0.0,0,0
2024-11-03,5,44,37,1,916.48,0.0,0,0
2024-11-03,6,0,0,9,4730.33,0.0,0,0
2024-11-03,7,15,12,0,0.0,0.0,0,0
2024-11-04,1,198,166,3,2153.94,0.0,0,0
2024-11-04,2,95,75,2,424.37,0.0,0,0
2024-11-04,3,154,131,1,1071.0,0.0,0,0
2024-11-04,4,103,85,4,1559.73,0.0,0,0
2024-11-04,5,65,55,2,932.72,0.0,0,0
2024-11-04,6,0,0,7,4090.98,0.0,0,0
2024-11-04,7,15,12,0,0.0,0.0,0,0
2024-11-05,1,194,151,4,1324.75,0.0,0,0
2024-11-05,2,68,56,1,961.75,0.0,0,0
2024-11-05,3,12,9,0,0.0,0.0,0,0
2024-11-05,4,92,77,3,1141.53,0.0,0,0
2024-11-05,5,70,58,2,2065.32,0.0,0,0
2024-11-05,6,0,0,2,1662.48,0.0,0,0
2024-11-05,7,132,106,2,605.16,0.0,0,0
2024-11-06,1,234,184,4,1525.17,0.0,0,0
2024-11-06,2,66,55,1,222.59,0.0,0,0
2024-11-06,3,278,219,2,380.86,0.0,0,0
2024-11-06,4,65,50,2,1270.92,0.0,0,0
2024-11-06,5,99,77,3,2337.11,0.0,0,0
2024-11-06,6,0,0,7,1915.49,0.0,0,0
2024-11-06,7,137,113,2,1553.0,0.0,0,0
2024-11-07,1,150,125,2,1142.68,0.0,0,0
2024-11-07,2,100,85,2,1785.24,0.0,0,0
2024-11-07,3,128,107,1,227.07,0.0,0,0
2024-11-07,4,92,77,3,741.31,0.0,0,0
2024-11-07,5,105,84,3,770.85,0.0,0,0
2024-11-07,6,0,0,5,1236.62,0.0,0,0
2024-11-07,7,122,99,2,483.37,0.0,0,0
2024-11-08,1,258,210,5,3380.28,0.0,0,0
2024-11-08,2,159,131,4,844.38,0.0,0,0
2024-11-08,3,139,119,1,585.33,0.0,0,0
2024-11-08,4,44,34,1,408.86,0.0,0,0
2024-11-08,5,17,13,0,0.0,0.0,0,0
2024-11-08,6,0,0,5,1290.55,0.0,0,0
2024-11-08,7,14,11,0,0.0,0.0,0,0
2024-11-09,1,301,243,5,1926.73,0.0,0,0
2024-11-09,2,126,103,3,981.11,0.0,0,0
2024-11-09,3,153,120,1,905.88,0.0,0,0
2024-11-09,4,125,104,5,2252.97,0.0,0,0
2024-11-09,5,17,13,0,0.0,0.0,0,0
2024-11-09,6,0,0,7,4473.44,0.0,0,0
2024-11-09,7,64,50,1,380.9,0.0,0,0
2024-11-10,1,63,52,0,0.0,0.0,0,0
2024-11-10,2,63,54,1,344.44,0.0,0,0
2024-11-10,3,12,9,0,0.0,0.0,0,0
2024-11-10,4,43,36,1,199.61,0.0,0,0
2024-11-10,5,17,13,0,0.0,0.0,0,0
2024-11-10,6,0,0,5,1567.8,0.0,0,0
2024-11-10,7,14,11,0,0.0,0.0,0,0
2024-11-11,1,272,224,5,1341.81,0.0,0,0
2024-11-11,2,127,106,3,895.17,0.0,0,0
2024-11-11,3,11,8,0,0.0,0.0,0,0
2024-11-11,4,66,53,2,409.68,0.0,0,0
2024-11-11,5,132,104,5,3006.38,0.0,0,0
2024-11-11,6,0,0,6,3114.83,0.0,0,0
2024-11-11,7,73,59,1,503.02,0.0,0,0
2024-11-12,1,184,157,3,1230.36,0.0,0,0
2024-11-12,2,33,26,0,0.0,0.0,0,0
2024-11-12,3,138,111,1,689.97,0.0,0,0
2024-11-12,4,43,33,1,592.14,0.0,0,0
2024-11-12,5,16,12,0,0.0,0.0,0,0
2024-11-12,6,0,0,8,2346.22,0.0,0,0
2024-11-12,7,130,108,2,1659.76,0.0,0,0
2024-11-13,1,142,120,2,1671.39,0.0,0,0
2024-11-13,2,121,99,3,2198.02,0.0,0,0
2024-11-13,3,11,8,0,0.0,0.0,0,0
2024-11-13,4,21,17,0,0.0,0.0,0,0
2024-11-13,5,98,82,3,938.34,0.0,0,0
2024-11-13,6,0,0,7,2025.03,0.0,0,0
2024-11-13,7,14,11,0,0.0,0.0,0,0
2024-11-14,1,219,173,4,2490.3,0.0,0,0
2024-11-14,2,130,105,3,2771.12,0.0,0,0
2024-11-14,3,130,108,1,783.88,0.0,0,0
2024-11-14,4,91,71,3,1398.36,0.0,0,0
2024-11-14,5,16,13,0,0.0,0.0,0,0
2024-11-14,6,0,0,8,2923.06,0.0,0,0
2024-11-14,7,13,10,0,0.0,0.0,0,0
2024-11-15,1,183,147,3,744.81,0.0,0,0
2024-11-15,2,178,148,4,1271.05,0.0,0,0
2024-11-15,3,237,196,2,856.02,206.33,34090,375
2024-11-15,4,40,32,1,452.1,0.0,0,0
2024-11-15,5,43,36,1,445.98,0.0,0,0
2024-11-15,6,0,0,4,1174.59,0.0,0,0
2024-11-15,7,13,10,0,0.0,0.0,0,0
2024-11-16,1,174,141,3,1604.58,0.0,0,0
2024-11-16,2,194,152,5,2463.38,0.0,0,0
2024-11-16,3,124,99,1,692.4,228.01,37636,414
2024-11-16,4,88,69,3,1105.41,0.0,0,0
2024-11-16,5,16,12,0,0.0,0.0,0,0
2024-11-16,6,0,0,4,2154.01,0.0,0,0
2024-11-16,7,13,11,0,0.0,0.0,0,0
2024-11-17,1,243,207,4,1304.54,0.0,0,0
2024-11-17,2,61,50,1,177.46,0.0,0,0
2024-11-17,3,11,9,0,0.0,156.12,25727,283
2024-11-17,4,86,68,3,992.53,0.0,0,0
2024-11-17,5,15,11,0,0.0,0.0,0,0
2024-11-17,6,0,0,5,1744.67,0.0,0,0
2024-11-17,7,13,10,0,0.0,0.0,0,0
2024-11-18,1,319,259,6,2317.51,0.0,0,0
2024-11-18,2,63,51,1,432.24,0.0,0,0
2024-11-18,3,11,8,0,0.0,148.96,24545,270
2024-11-18,4,20,16,0,0.0,0.0,0,0
2024-11-18,5,97,82,3,485.21,0.0,0,0
2024-11-18,6,0,0,3,586.04,0.0,0,0
2024-11-18,7,13,10,0,0.0,0.0,0,0
2024-11-19,1,287,243,5,3885.18,0.0,0,0
2024-11-19,2,30,24,0,0.0,0.0,0,0
2024-11-19,3,429,365,3,1823.01,261.63,43181,475
2024-11-19,4,61,51,2,761.83,0.0,0,0
2024-11-19,5,39,30,1,160.67,0.0,0,0
2024-11-19,6,0,0,7,3075.01,0.0,0,0
2024-11-19,7,67,54,1,203.6,0.0,0,0
2024-11-20,1,221,186,4,1848.46,0.0,0,0
2024-11-20,2,63,49,1,532.08,0.0,0,0
2024-11-20,3,10,8,0,0.0,153.86,25363,279
2024-11-20,4,77,61,3,1923.91,0.0,0,0
2024-11-20,5,15,11,0,0.0,0.0,0,0
2024-11-20,6,0,0,12,4564.95,0.0,0,0
2024-11-20,7,69,58,1,186.68,0.0,0,0
2024-11-21,1,276,227,5,2114.57,0.0,0,0
2024-11-21,2,30,24,0,0.0,0.0,0,0
2024-11-21,3,140,112,1,218.95,145.1,23909,263
2024-11-21,4,81,66,3,1687.52,0.0,0,0
2024-11-21,5,38,32,1,300.22,0.0,0,0
2024-11-21,6,0,0,3,964.15,0.0,0,0
2024-11-21,7,66,55,1,398.7,0.0,0,0
2024-11-22,1,140,114,2,1060.32,0.0,0,0
2024-11-22,2,120,102,3,593.34,0.0,0,0
2024-11-22,3,10,7,0,0.0,227.69,37545,413
2024-11-22,4,58,48,2,926.23,0.0,0,0
2024-11-22,5,107,89,3,1301.37,0.0,0,0
2024-11-22,6,0,0,2,400.65,0.0,0,0
2024-11-22,7,12,10,0,0.0,0.0,0,0
2024-11-23,1,263,211,5,2910.11,0.0,0,0
2024-11-23,2,90,71,2,293.24,0.0,0,0
2024-11-23,3,247,201,2,991.88,166.53,27454,302
2024-11-23,4,19,16,0,0.0,0.0,0,0
2024-11-23,5,15,11,0,0.0,0.0,0,0
2024-11-23,6,0,0,6,2336.86,0.0,0,0
2024-11-23,7,12,10,0,0.0,0.0,0,0
2024-11-24,1,270,229,5,2968.84,0.0,0,0
2024-11-24,2,122,95,3,1380.36,0.0,0,0
2024-11-24,3,127,101,1,420.54,163.57,27000,297
2024-11-24,4,63,52,2,393.35,0.0,0,0
2024-11-24,5,14,11,0,0.0,0.0,0,0
2024-11-24,6,0,0,9,6022.9,0.0,0,0
2024-11-24,7,69,56,1,175.21,0.0,0,0
2024-11-25,1,232,197,4,2059.04,0.0,0,0
2024-11-25,2,151,125,4,1459.75,0.0,0,0
2024-11-25,3,10,7,0,0.0,232.07,38272,421
2024-11-25,4,40,33,1,526.2,0.0,0,0
2024-11-25,5,14,11,0,0.0,0.0,0,0
2024-11-25,6,0,0,4,1070.63,0.0,0,0
2024-11-25,7,12,10,0,0.0,0.0,0,0
2024-11-26,1,228,186,4,932.5,0.0,0,0
2024-11-26,2,95,81,2,1958.05,0.0,0,0
2024-11-26,3,503,409,4,1678.24,149.51,24636,271
2024-11-26,4,18,14,0,0.0,0.0,0,0
2024-11-26,5,14,11,0,0.0,0.0,0,0
2024-11-26,6,0,0,2,595.11,0.0,0,0
2024-11-26,7,12,10,0,0.0,0.0,0,0
2024-11-27,1,344,276,6,2654.04,0.0,0,0
2024-11-27,2,63,52,1,866.12,0.0,0,0
2024-11-27,3,10,8,0,0.0,257.99,42636,469
2024-11-27,4,63,51,2,1172.84,0.0,0,0
2024-11-27,5,65,51,2,307.71,0.0,0,0
2024-11-27,6,0,0,3,1448.73,0.0,0,0
2024-11-27,7,12,9,0,0.0,0.0,0,0
2024-11-28,1,176,150,3,689.16,0.0,0,0
2024-11-28,2,60,51,1,788.04,0.0,0,0
2024-11-28,3,304,239,3,879.22,274.91,45363,499
2024-11-28,4,38,29,1,224.42,0.0,0,0
2024-11-28,5,45,35,1,179.33,0.0,0,0
2024-11-28,6,0,0,7,3152.25,0.0,0,0
2024-11-28,7,72,56,1,198.55,0.0,0,0
2024-11-29,1,53,45,0,0.0,0.0,0,0
2024-11-29,2,200,165,5,1732.6,0.0,0,0
2024-11-29,3,123,96,1,807.66,159.53,26363,290
2024-11-29,4,58,48,2,323.49,0.0,0,0
2024-11-29,5,41,32,1,318.22,0.0,0,0
2024-11-29,6,0,0,2,542.04,0.0,0,0
2024-11-29,7,12,10,0,0.0,0.0,0,0
2024-11-30,1,177,148,3,1129.95,0.0,0,0
2024-11-30,2,92,78,2,320.96,0.0,0,0
2024-11-30,3,124,100,1,1022.64,153.3,25272,278
2024-11-30,4,18,14,0,0.0,0.0,0,0
2024-11-30,5,67,56,2,486.13,0.0,0,0
2024-11-30,6,0,0,6,1990.17,0.0,0,0
2024-11-30,7,67,53,1,285.48,0.0,0,0
2024-12-01,1,235,200,4,1775.51,0.0,0,0
2024-12-01,2,27,21,0,0.0,0.0,0,0
2024-12-01,3,505,431,4,725.74,208.83,34454,379
2024-12-01,4,36,29,1,320.02,0.0,0,0
2024-12-01,5,14,11,0,0.0,0.0,0,0
2024-12-01,6,0,0,7,3018.43,0.0,0,0
2024-12-01,7,62,49,1,335.84,0.0,0,0
2024-12-02,1,184,156,3,1551.39,0.0,0,0
2024-12-02,2,157,124,4,1398.04,0.0,0,0
2024-12-02,3,135,109,1,676.24,237.04,39090,430
2024-12-02,4,17,13,0,0.0,0.0,0,0
2024-12-02,5,41,33,1,530.19,0.0,0,0
2024-12-02,6,0,0,5,2245.0,0.0,0,0
2024-12-02,7,64,54,1,870.2,0.0,0,0
2024-12-03,1,132,104,2,1402.55,0.0,0,0
2024-12-03,2,121,99,3,1624.53,0.0,0,0
2024-12-03,3,118,100,1,867.65,159.53,26363,290
2024-12-03,4,17,13,0,0.0,0.0,0,0
2024-12-03,5,65,53,2,345.13,0.0,0,0
2024-12-03,6,0,0,4,1905.64,0.0,0,0
2024-12-03,7,116,95,2,387.65,0.0,0,0
2024-12-04,1,129,107,2,1000.17,0.0,0,0
2024-12-04,2,92,74,2,761.64,0.0,0,0
2024-12-04,3,9,7,0,0.0,188.23,31090,342
2024-12-04,4,17,13,0,0.0,0.0,0,0
2024-12-04,5,13,10,0,0.0,0.0,0,0
2024-12-04,6,0,0,5,1921.46,0.0,0,0
2024-12-04,7,63,51,1,181.5,0.0,0,0
2024-12-05,1,126,107,2,537.35,0.0,0,0
2024-12-05,2,92,78,2,1129.03,0.0,0,0
2024-12-05,3,9,7,0,0.0,205.29,33909,373
2024-12-05,4,71,58,3,2059.16,0.0,0,0
2024-12-05,5,72,57,2,328.06,0.0,0,0
2024-12-05,6,0,0,6,4892.0,0.0,0,0
2024-12-05,7,11,9,0,0.0,0.0,0,0
2024-12-06,1,267,210,6,2481.45,0.0,0,0
2024-12-06,2,59,49,1,302.26,0.0,0,0
2024-12-06,3,9,7,0,0.0,152.68,25181,277
2024-12-06,4,87,71,3,703.51,0.0,0,0
2024-12-06,5,68,53,2,499.89,0.0,0,0
2024-12-06,6,0,0,3,889.94,0.0,0,0
2024-12-06,7,11,8,0,0.0,0.0,0,0
2024-12-07,1,131,110,2,665.7,0.0,0,0
2024-12-07,2,129,105,3,1628.72,0.0,0,0
2024-12-07,3,9,7,0,0.0,250.7,41363,455
2024-12-07,4,60,47,2,1010.73,0.0,0,0
2024-12-07,5,13,10,0,0.0,0.0,0,0
2024-12-07,6,0,0,4,827.46,0.0,0,0
2024-12-07,7,11,8,0,0.0,0.0,0,0
2024-12-08,1,254,203,5,1220.33,0.0,0,0
2024-12-08,2,92,77,2,1812.88,0.0,0,0
2024-12-08,3,272,228,2,495.59,161.87,26727,294
2024-12-08,4,16,13,0,0.0,0.0,0,0
2024-12-08,5,13,10,0,0.0,0.0,0,0
2024-12-08,6,0,0,5,1535.2,0.0,0,0
2024-12-08,7,11,9,0,0.0,0.0,0,0
2024-12-09,1,227,182,4,1134.64,0.0,0,0
2024-12-09,2,81,69,2,360.45,0.0,0,0
2024-12-09,3,252,199,2,292.45,222.41,36727,404
2024-12-09,4,16,13,0,0.0,0.0,0,0
2024-12-09,5,39,30,1,173.18,0.0,0,0
2024-12-09,6,0,0,7,1617.96,0.0,0,0
2024-12-09,7,11,8,0,0.0,0.0,0,0
2024-12-10,1,214,169,4,2224.29,0.0,0,0
2024-12-10,2,83,64,2,1069.42,0.0,0,0
2024-12-10,3,116,93,1,167.18,224.92,37090,408
2024-12-10,4,35,28,1,331.66,0.0,0,0
2024-12-10,5,12,9,0,0.0,0.0,0,0
2024-12-10,6,0,0,2,584.47,0.0,0,0
2024-12-10,7,10,7,0,0.0,0.0,0,0
2024-12-11,1,351,282,7,2314.42,0.0,0,0
2024-12-11,2,95,76,2,1280.01,0.0,0,0
2024-12-11,3,9,7,0,0.0,215.95,35636,392
2024-12-11,4,16,13,0,0.0,0.0,0,0
2024-12-11,5,42,34,1,183.41,0.0,0,0
2024-12-11,6,0,0,3,1303.72,0.0,0,0
2024-12-11,7,74,61,1,456.33,0.0,0,0
2024-12-12,1,352,275,7,2694.64,0.0,0,0
2024-12-12,2,122,101,3,1060.31,0.0,0,0
2024-12-12,3,396,319,3,1700.04,186.28,30727,338
2024-12-12,4,38,29,1,358.18,0.0,0,0
2024-12-12,5,36,30,1,562.17,0.0,0,0
2024-12-12,6,0,0,4,1278.93,0.0,0,0
2024-12-12,7,10,8,0,0.0,0.0,0,0
2024-12-13,1,176,143,3,1150.54,0.0,0,0
2024-12-13,2,234,200,5,1763.61,0.0,0,0
2024-12-13,3,8,6,0,0.0,200.22,33090,364
2024-12-13,4,80,68,3,1432.23,0.0,0,0
2024-12-13,5,12,9,0,0.0,0.0,0,0
2024-12-13,6,0,0,4,868.4,0.0,0,0
2024-12-13,7,10,8,0,0.0,0.0,0,0
2024-12-14,1,147,122,3,1111.08,0.0,0,0
2024-12-14,2,97,79,2,308.34,0.0,0,0
2024-12-14,3,133,103,1,395.52,191.84,31636,348
2024-12-14,4,61,48,2,1516.33,0.0,0,0
2024-12-14,5,12,10,0,0.0,0.0,0,0
2024-12-14,6,0,0,6,2637.15,0.0,0,0
2024-12-14,7,66,54,1,697.48,0.0,0,0
2024-12-15,1,128,106,2,1255.47,0.0,0,0
2024-12-15,2,92,74,2,1832.36,0.0,0,0
2024-12-15,3,8,6,0,0.0,140.66,23181,255
2024-12-15,4,81,68,3,1435.16,0.0,0,0
2024-12-15,5,40,32,1,152.61,0.0,0,0
2024-12-15,6,0,0,3,779.76,0.0,0,0
2024-12-15,7,62,50,1,153.42,0.0,0,0
2024-12-16,1,261,210,5,1645.07,0.0,0,0
2024-12-16,2,24,18,0,0.0,0.0,0,0
2024-12-16,3,8,6,0,0.0,146.75,24181,266
2024-12-16,4,15,12,0,0.0,0.0,0,0
2024-12-16,5,40,32,1,191.15,0.0,0,0
2024-12-16,6,0,0,4,877.51,0.0,0,0
2024-12-16,7,10,8,0,0.0,0.0,0,0
2024-12-17,1,224,192,4,2685.03,0.0,0,0
2024-12-17,2,54,42,1,455.26,0.0,0,0
2024-12-17,3,8,6,0,0.0,246.31,40636,447
2024-12-17,4,114,89,4,2155.54,0.0,0,0
2024-12-17,5,38,32,1,164.25,0.0,0,0
2024-12-17,6,0,0,3,656.98,0.0,0,0
2024-12-17,7,10,8,0,0.0,0.0,0,0
2024-12-18,1,91,77,1,207.13,0.0,0,0
2024-12-18,2,60,47,1,277.66,0.0,0,0
2024-12-18,3,282,223,2,1098.2,212.37,35090,386
2024-12-18,4,36,29,1,188.07,0.0,0,0
2024-12-18,5,12,9,0,0.0,0.0,0,0
2024-12-18,6,0,0,5,1952.28,0.0,0,0
2024-12-18,7,196,168,3,987.91,0.0,0,0
2024-12-19,1,301,237,7,1509.21,0.0,0,0
2024-12-19,2,141,112,3,1375.55,0.0,0,0
2024-12-19,3,546,463,4,1195.22,197.1,32545,358
2024-12-19,4,35,29,1,551.4,0.0,0,0
2024-12-19,5,39,31,1,153.15,0.0,0,0
2024-12-19,6,0,0,7,1939.11,0.0,0,0
2024-12-19,7,66,54,1,181.58,0.0,0,0
2024-12-20,1,154,128,3,1963.2,0.0,0,0
2024-12-20,2,23,18,0,0.0,0.0,0,0
2024-12-20,3,126,98,1,428.64,198.32,32727,360
2024-12-20,4,15,12,0,0.0,0.0,0,0
2024-12-20,5,71,56,2,1174.43,0.0,0,0
2024-12-20,6,0,0,3,1054.37,0.0,0,0
2024-12-20,7,10,7,0,0.0,0.0,0,0
2024-12-21,1,130,104,2,734.63,0.0,0,0
2024-12-21,2,190,161,5,1375.84,0.0,0,0
2024-12-21,3,8,6,0,0.0,135.94,22454,247
2024-12-21,4,38,32,1,119.0,0.0,0,0
2024-12-21,5,41,32,1,129.01,0.0,0,0
2024-12-21,6,0,0,4,1476.81,0.0,0,0
2024-12-21,7,61,48,1,152.11,0.0,0,0
2024-12-22,1,268,219,5,1776.39,0.0,0,0
2024-12-22,2,23,18,0,0.0,0.0,0,0
2024-12-22,3,8,6,0,0.0,209.62,34636,381
2024-12-22,4,79,66,3,1322.76,0.0,0,0
2024-12-22,5,42,35,1,881.15,0.0,0,0
2024-12-22,6,0,0,7,2828.12,0.0,0,0
2024-12-22,7,9,7,0,0.0,0.0,0,0
2024-12-23,1,339,269,7,2655.73,0.0,0,0
2024-12-23,2,83,64,2,537.23,0.0,0,0
2024-12-23,3,284,234,2,717.52,274.82,45363,499
2024-12-23,4,15,12,0,0.0,0.0,0,0
2024-12-23,5,37,30,1,182.74,0.0,0,0
2024-12-23,6,0,0,2,954.93,0.0,0,0
2024-12-23,7,67,54,1,357.0,0.0,0,0
2024-12-24,1,251,201,5,1549.24,0.0,0,0
2024-12-24,2,89,69,2,1245.67,0.0,0,0
2024-12-24,3,273,217,2,468.15,207.14,34181,376
2024-12-24,4,82,68,3,1332.16,0.0,0,0
2024-12-24,5,11,8,0,0.0,0.0,0,0
2024-12-24,6,0,0,5,1937.46,0.0,0,0
2024-12-24,7,9,7,0,0.0,0.0,0,0
2024-12-25,1,205,166,4,1389.75,0.0,0,0
2024-12-25,2,97,82,2,922.51,0.0,0,0
2024-12-25,3,144,113,1,348.92,174.27,28727,316
2024-12-25,4,14,11,0,0.0,0.0,0,0
2024-12-25,5,65,53,2,1885.37,0.0,0,0
2024-12-25,6,0,0,2,455.84,0.0,0,0
2024-12-25,7,66,51,1,357.0,0.0,0,0
2024-12-26,1,204,173,4,1577.71,0.0,0,0
2024-12-26,2,191,154,5,1426.7,0.0,0,0
2024-12-26,3,141,113,1,134.44,189.2,31181,343
2024-12-26,4,36,28,1,365.7,0.0,0,0
2024-12-26,5,96,82,3,855.68,0.0,0,0
2024-12-26,6,0,0,4,1540.64,0.0,0,0
2024-12-26,7,70,59,1,164.69,0.0,0,0
2024-12-27,1,125,104,2,394.74,0.0,0,0
2024-12-27,2,57,46,1,483.42,0.0,0,0
2024-12-27,3,8,6,0,0.0,218.84,36090,397
2024-12-27,4,35,30,1,148.9,0.0,0,0
2024-12-27,5,38,29,1,815.85,0.0,0,0
2024-12-27,6,0,0,4,840.86,0.0,0,0
2024-12-27,7,66,52,1,326.04,0.0,0,0
2024-12-28,1,296,241,7,2592.08,0.0,0,0
2024-12-28,2,55,47,1,201.21,0.0,0,0
2024-12-28,3,142,111,1,547.59,246.28,40636,447
2024-12-28,4,14,10,0,0.0,0.0,0,0
2024-12-28,5,38,31,1,173.03,0.0,0,0
2024-12-28,6,0,0,6,1960.41,0.0,0,0
2024-12-28,7,9,7,0,0.0,0.0,0,0
2024-12-29,1,211,168,4,2399.82,0.0,0,0
2024-12-29,2,118,99,3,1614.44,0.0,0,0
2024-12-29,3,8,6,0,0.0,0.0,0,0
2024-12-29,4,14,10,0,0.0,0.0,0,0
2024-12-29,5,57,48,2,373.4,0.0,0,0
2024-12-29,6,0,0,4,790.63,0.0,0,0
2024-12-29,7,58,49,1,623.4,0.0,0,0
2024-12-30,1,158,132,3,2571.2,0.0,0,0
2024-12-30,2,76,62,2,1410.64,0.0,0,0
2024-12-30,3,271,221,2,288.1,0.0,0,0
2024-12-30,4,14,11,0,0.0,0.0,0,0
2024-12-30,5,39,31,1,524.04,0.0,0,0
2024-12-30,6,0,0,3,1260.77,0.0,0,0
2024-12-30,7,9,7,0,0.0,0.0,0,0
2024-12-31,1,139,115,2,1024.06,0.0,0,0
2024-12-31,2,56,47,1,163.29,0.0,0,0
2024-12-31,3,7,6,0,0.0,0.0,0,0
2024-12-31,4,80,68,3,920.56,0.0,0,0
2024-12-31,5,38,29,1,197.11,0.0,0,0
2024-12-31,6,0,0,5,1164.01,0.0,0,0
2024-12-31,7,59,46,1,535.65,0.0,0,0
2025-01-01,1,82,68,1,147.53,0.0,0,0
2025-01-01,2,22,17,0,0.0,0.0,0,0
2025-01-01,3,7,5,0,0.0,0.0,0,0
2025-01-01,4,56,47,2,1194.52,0.0,0,0
2025-01-01,5,65,54,2,824.79,0.0,0,0
2025-01-01,6,0,0,2,440.11,0.0,0,0
2025-01-01,7,118,93,2,370.45,0.0,0,0
2025-01-02,1,85,73,1,967.8,0.0,0,0
2025-01-02,2,56,44,1,221.3,0.0,0,0
2025-01-02,3,119,95,1,654.0,0.0,0,0
2025-01-02,4,36,30,1,744.36,0.0,0,0
2025-01-02,5,11,8,0,0.0,0.0,0,0
2025-01-02,6,0,0,7,2506.12,0.0,0,0
2025-01-02,7,247,205,4,856.31,0.0,0,0
2025-01-03,1,125,106,2,426.94,0.0,0,0
2025-01-03,2,22,17,0,0.0,0.0,0,0
2025-01-03,3,133,107,1,171.17,0.0,0,0
2025-01-03,4,55,44,2,401.17,0.0,0,0
2025-01-03,5,11,9,0,0.0,0.0,0,0
2025-01-03,6,0,0,2,1843.22,0.0,0,0
2025-01-03,7,62,49,1,414.4,0.0,0,0
2025-01-04,1,168,134,3,1538.67,0.0,0,0
2025-01-04,2,54,44,1,280.0,0.0,0,0
2025-01-04,3,350,277,3,1220.59,0.0,0,0
2025-01-04,4,58,48,2,971.9,0.0,0,0
2025-01-04,5,11,9,0,0.0,0.0,0,0
2025-01-04,6,0,0,10,3323.76,0.0,0,0
2025-01-04,7,9,7,0,0.0,0.0,0,0
2025-01-05,1,254,211,5,2009.63,0.0,0,0
2025-01-05,2,91,76,2,463.49,0.0,0,0
2025-01-05,3,286,242,2,472.63,0.0,0,0
2025-01-05,4,35,29,1,161.94,0.0,0,0
2025-01-05,5,126,102,4,1763.52,0.0,0,0
2025-01-05,6,0,0,6,2203.27,0.0,0,0
2025-01-05,7,9,7,0,0.0,0.0,0,0
2025-01-06,1,81,69,1,519.27,0.0,0,0
2025-01-06,2,194,156,5,2597.96,0.0,0,0
2025-01-06,3,267,218,2,1296.04,0.0,0,0
2025-01-06,4,36,28,1,383.88,0.0,0,0
2025-01-06,5,36,29,1,806.05,250.56,4127,227
2025-01-06,6,0,0,7,3417.91,0.0,0,0
2025-01-06,7,122,100,2,791.49,0.0,0,0
2025-01-07,1,186,157,4,1329.93,0.0,0,0
2025-01-07,2,21,16,0,0.0,0.0,0,0
2025-01-07,3,145,120,1,194.4,0.0,0,0
2025-01-07,4,14,11,0,0.0,0.0,0,0
2025-01-07,5,37,31,1,127.31,179.3,2963,163
2025-01-07,6,0,0,8,4083.49,0.0,0,0
2025-01-07,7,64,52,1,339.26,0.0,0,0
2025-01-08,1,162,136,3,1132.88,0.0,0,0
2025-01-08,2,86,67,2,346.25,0.0,0,0
2025-01-08,3,131,108,1,644.55,0.0,0,0
2025-01-08,4,80,66,3,1689.0,0.0,0,0
2025-01-08,5,65,54,2,938.07,188.55,3109,171
2025-01-08,6,0,0,4,1090.84,0.0,0,0
2025-01-08,7,110,92,2,1187.14,0.0,0,0
2025-01-09,1,80,65,1,143.34,0.0,0,0
2025-01-09,2,21,16,0,0.0,0.0,0,0
2025-01-09,3,7,5,0,0.0,0.0,0,0
2025-01-09,4,54,46,2,1105.68,0.0,0,0
2025-01-09,5,37,29,1,168.34,254.86,4200,231
2025-01-09,6,0,0,3,1439.31,0.0,0,0
2025-01-09,7,60,50,1,1078.08,0.0,0,0
2025-01-10,1,171,139,3,1099.64,0.0,0,0
2025-01-10,2,119,98,3,1107.3,0.0,0,0
2025-01-10,3,111,89,1,932.0,0.0,0,0
2025-01-10,4,34,28,1,375.56,0.0,0,0
2025-01-10,5,36,28,1,143.21,194.89,3218,177
2025-01-10,6,0,0,3,1170.26,0.0,0,0
2025-01-10,7,69,54,1,150.84,0.0,0,0
2025-01-11,1,280,233,6,1953.0,0.0,0,0
2025-01-11,2,111,88,3,2288.38,0.0,0,0
2025-01-11,3,7,5,0,0.0,0.0,0,0
2025-01-11,4,37,29,1,194.29,0.0,0,0
2025-01-11,5,79,67,3,1629.13,221.03,3636,200
2025-01-11,6,0,0,7,3905.02,0.0,0,0
2025-01-11,7,9,7,0,0.0,0.0,0,0
2025-01-12,1,123,100,2,1532.8,0.0,0,0
2025-01-12,2,158,133,4,998.63,0.0,0,0
2025-01-12,3,7,5,0,0.0,0.0,0,0
2025-01-12,4,33,26,1,188.66,0.0,0,0
2025-01-12,5,57,48,2,312.42,216.02,3563,196
2025-01-12,6,0,0,3,457.71,0.0,0,0
2025-01-12,7,66,55,1,450.66,0.0,0,0
2025-01-13,1,234,197,5,2325.15,0.0,0,0
2025-01-13,2,118,100,3,552.14,0.0,0,0
2025-01-13,3,7,5,0,0.0,0.0,0,0
2025-01-13,4,55,46,2,613.61,0.0,0,0
2025-01-13,5,11,8,0,0.0,232.96,3836,211
2025-01-13,6,0,0,4,1069.59,0.0,0,0
2025-01-13,7,63,50,1,143.04,0.0,0,0
2025-01-14,1,244,193,5,1535.09,0.0,0,0
2025-01-14,2,118,97,3,872.14,0.0,0,0
2025-01-14,3,149,121,1,164.98,0.0,0,0
2025-01-14,4,78,66,3,1246.17,0.0,0,0
2025-01-14,5,11,9,0,0.0,238.72,3945,217
2025-01-14,6,0,0,4,1245.28,0.0,0,0
2025-01-14,7,9,7,0,0.0,0.0,0,0
2025-01-15,1,160,132,3,714.97,0.0,0,0
2025-01-15,2,21,16,0,0.0,0.0,0,0
2025-01-15,3,7,5,0,0.0,0.0,0,0
2025-01-15,4,55,44,2,766.0,0.0,0,0
2025-01-15,5,70,58,2,1248.69,272.89,4509,248
2025-01-15,6,0,0,1,268.04,0.0,0,0
2025-01-15,7,9,7,0,0.0,0.0,0,0
2025-01-16,1,401,333,8,4148.54,0.0,0,0
2025-01-16,2,111,92,3,913.49,0.0,0,0
2025-01-16,3,136,112,1,131.79,0.0,0,0
2025-01-16,4,58,48,2,535.56,0.0,0,0
2025-01-16,5,11,9,0,0.0,234.97,3872,213
2025-01-16,6,0,0,4,1406.19,0.0,0,0
2025-01-16,7,62,49,1,441.81,0.0,0,0
2025-01-17,1,433,370,10,3871.53,0.0,0,0
2025-01-17,2,55,46,1,195.29,0.0,0,0
2025-01-17,3,7,5,0,0.0,0.0,0,0
2025-01-17,4,114,90,5,1300.82,0.0,0,0
2025-01-17,5,11,9,0,0.0,219.01,3618,199
2025-01-17,6,0,0,6,2234.31,0.0,0,0
2025-01-17,7,72,56,1,140.62,0.0,0,0
2025-01-18,1,158,135,3,925.79,0.0,0,0
2025-01-18,2,127,107,3,856.08,0.0,0,0
2025-01-18,3,7,5,0,0.0,0.0,0,0
2025-01-18,4,33,27,1,547.96,0.0,0,0
2025-01-18,5,11,8,0,0.0,167.92,2763,152
2025-01-18,6,0,0,3,793.78,0.0,0,0
2025-01-18,7,9,7,0,0.0,0.0,0,0
2025-01-19,1,131,105,2,791.0,0.0,0,0
2025-01-19,2,180,143,4,1538.66,0.0,0,0
2025-01-19,3,236,190,2,1321.53,0.0,0,0
2025-01-19,4,104,82,4,1005.68,0.0,0,0
2025-01-19,5,97,81,3,1580.0,262.16,4327,238
2025-01-19,6,0,0,3,557.72,0.0,0,0
2025-01-19,7,59,47,1,199.47,0.0,0,0
2025-01-20,1,199,167,4,2166.89,0.0,0,0
2025-01-20,2,50,40,1,371.54,0.0,0,0
2025-01-20,3,7,5,0,0.0,0.0,0,0
2025-01-20,4,14,11,0,0.0,0.0,0,0
2025-01-20,5,37,30,1,205.92,187.12,3090,170
2025-01-20,6,0,0,4,2048.22,0.0,0,0
2025-01-20,7,9,7,0,0.0,0.0,0,0
2025-01-21,1,188,151,4,1632.63,0.0,0,0
2025-01-21,2,57,47,1,485.98,0.0,0,0
2025-01-21,3,7,5,0,0.0,0.0,0,0
2025-01-21,4,36,29,1,917.19,0.0,0,0
2025-01-21,5,37,30,1,392.62,229.59,3781,208
2025-01-21,6,0,0,9,4114.19,0.0,0,0
2025-01-21,7,60,47,1,275.62,0.0,0,0
2025-01-22,1,205,174,4,1659.0,0.0,0,0
2025-01-22,2,124,106,3,1061.57,0.0,0,0
2025-01-22,3,268,216,2,312.37,0.0,0,0
2025-01-22,4,35,28,1,164.0,0.0,0,0
2025-01-22,5,97,82,3,1203.16,213.5,3527,194
2025-01-22,6,0,0,8,2802.16,0.0,0,0
2025-01-22,7,64,52,1,194.63,0.0,0,0
2025-01-23,1,220,185,4,3233.48,0.0,0,0
2025-01-23,2,85,66,2,883.46,0.0,0,0
2025-01-23,3,7,5,0,0.0,0.0,0,0
2025-01-23,4,97,78,4,878.53,0.0,0,0
2025-01-23,5,57,44,2,779.61,238.24,3927,216
2025-01-23,6,0,0,3,2019.48,0.0,0,0
2025-01-23,7,9,7,0,0.0,0.0,0,0
2025-01-24,1,174,138,3,1159.44,0.0,0,0
2025-01-24,2,90,72,2,523.49,0.0,0,0
2025-01-24,3,151,119,1,489.63,0.0,0,0
2025-01-24,4,35,30,1,655.08,0.0,0,0
2025-01-24,5,11,9,0,0.0,175.45,2890,159
2025-01-24,6,0,0,5,1629.7,0.0,0,0
2025-01-24,7,237,195,4,1417.93,0.0,0,0
2025-01-25,1,294,246,6,2806.77,0.0,0,0
2025-01-25,2,85,70,2,2320.31,0.0,0,0
2025-01-25,3,239,198,2,685.13,0.0,0,0
2025-01-25,4,14,11,0,0.0,0.0,0,0
2025-01-25,5,69,55,2,990.3,209.11,3454,190
2025-01-25,6,0,0,6,2302.24,0.0,0,0
2025-01-25,7,67,56,1,741.12,0.0,0,0
2025-01-26,1,193,155,4,1807.1,0.0,0,0
2025-01-26,2,181,155,5,2583.66,0.0,0,0
2025-01-26,3,8,6,0,0.0,0.0,0,0
2025-01-26,4,82,68,3,2218.66,0.0,0,0
2025-01-26,5,11,9,0,0.0,176.54,2909,160
2025-01-26,6,0,0,2,1007.22,0.0,0,0
2025-01-26,7,227,190,4,1615.55,0.0,0,0
2025-01-27,1,175,136,3,1889.48,0.0,0,0
2025-01-27,2,185,157,5,1692.37,0.0,0,0
2025-01-27,3,8,6,0,0.0,0.0,0,0
2025-01-27,4,37,31,1,594.09,0.0,1250,300
2025-01-27,5,38,32,1,529.16,205.74,3400,187
2025-01-27,6,0,0,3,975.44,0.0,0,0
2025-01-27,7,9,7,0,0.0,0.0,0,0
2025-01-28,1,189,158,4,1342.89,0.0,0,0
2025-01-28,2,185,147,5,1272.37,0.0,0,0
2025-01-28,3,492,386,4,1893.65,0.0,0,0
2025-01-28,4,56,46,2,2101.8,0.0,1175,282
2025-01-28,5,71,56,2,368.04,221.07,3636,200
2025-01-28,6,0,0,4,1299.41,0.0,0,0
2025-01-28,7,67,56,1,184.49,0.0,0,0
2025-01-29,1,191,151,4,1378.53,0.0,0,0
2025-01-29,2,87,68,2,479.98,0.0,0,0
2025-01-29,3,8,6,0,0.0,0.0,0,0
2025-01-29,4,15,12,0,0.0,0.0,1541,370
2025-01-29,5,114,91,4,1244.52,197.76,3254,179
2025-01-29,6,0,0,2,463.95,0.0,0,0
2025-01-29,7,115,94,2,980.48,0.0,0,0
2025-01-30,1,83,67,1,537.46,0.0,0,0
2025-01-30,2,99,77,2,348.0,0.0,0,0
2025-01-30,3,8,6,0,0.0,0.0,0,0
2025-01-30,4,74,57,3,830.64,0.0,1333,320
2025-01-30,5,39,32,1,553.5,185.97,3072,169
2025-01-30,6,0,0,5,2376.94,0.0,0,0
2025-01-30,7,71,57,1,213.87,0.0,0,0
2025-01-31,1,171,139,3,1287.83,0.0,0,0
2025-01-31,2,87,72,2,848.84,0.0,0,0
2025-01-31,3,8,6,0,0.0,0.0,0,0
2025-01-31,4,59,49,2,407.9,0.0,1079,259
2025-01-31,5,40,31,1,204.14,257.8,4254,234
2025-01-31,6,0,0,6,1329.48,0.0,0,0
2025-01-31,7,61,51,1,335.76,0.0,0,0
2025-02-01,1,343,273,7,2441.19,0.0,0,0
2025-02-01,2,56,44,1,619.96,0.0,0,0
2025-02-01,3,260,205,2,1110.96,0.0,0,0
2025-02-01,4,36,30,1,527.64,0.0,1416,340
2025-02-01,5,42,34,1,743.19,173.13,2854,157
2025-02-01,6,0,0,3,1375.3,0.0,0,0
2025-02-01,7,10,7,0,0.0,0.0,0,0
2025-02-02,1,220,181,4,1320.51,0.0,0,0
2025-02-02,2,92,72,2,661.51,0.0,0,0
2025-02-02,3,130,110,1,180.49,0.0,0,0
2025-02-02,4,36,29,1,705.6,0.0,1429,343
2025-02-02,5,12,9,0,0.0,168.85,2781,153
2025-02-02,6,0,0,7,3320.36,0.0,0,0
2025-02-02,7,10,8,0,0.0,0.0,0,0
2025-02-03,1,351,284,7,3983.58,0.0,0,0
2025-02-03,2,155,132,4,1833.89,0.0,0,0
2025-02-03,3,409,327,3,1286.1,0.0,0,0
2025-02-03,4,60,48,2,947.12,0.0,1033,248
2025-02-03,5,126,102,4,2321.01,194.67,3200,176
2025-02-03,6,0,0,6,2144.52,0.0,0,0
2025-02-03,7,10,8,0,0.0,0.0,0,0
2025-02-04,1,204,165,4,1114.35,0.0,0,0
2025-02-04,2,92,77,2,806.12,0.0,0,0
2025-02-04,3,8,6,0,0.0,0.0,0,0
2025-02-04,4,35,28,1,202.75,0.0,1433,344
2025-02-04,5,41,33,1,294.66,133.1,2181,120
2025-02-04,6,0,0,3,1057.6,0.0,0,0
2025-02-04,7,136,109,2,1091.66,0.0,0,0
2025-02-05,1,174,148,3,1567.38,0.0,0,0
2025-02-05,2,140,109,4,1978.05,0.0,0,0
2025-02-05,3,139,112,1,311.76,0.0,0,0
2025-02-05,4,63,50,2,532.28,0.0,1079,259
2025-02-05,5,90,77,3,1469.37,215.24,3545,195
2025-02-05,6,0,0,7,3030.85,0.0,0,0
2025-02-05,7,10,8,0,0.0,0.0,0,0
2025-02-06,1,152,121,3,796.36,0.0,0,0
2025-02-06,2,239,196,6,2304.46,0.0,0,0
2025-02-06,3,288,232,2,1442.36,0.0,0,0
2025-02-06,4,57,47,2,385.16,0.0,1145,275
2025-02-06,5,74,59,2,1251.42,234.71,3872,213
2025-02-06,6,0,0,7,5888.9,0.0,0,0
2025-02-06,7,10,8,0,0.0,0.0,0,0
2025-02-07,1,189,158,3,1787.7,0.0,0,0
2025-02-07,2,59,49,1,1137.36,0.0,0,0
2025-02-07,3,8,6,0,0.0,0.0,0,0
2025-02-07,4,131,111,5,2652.74,0.0,1033,248
2025-02-07,5,107,86,3,916.65,256.01,4218,232
2025-02-07,6,0,0,1,207.06,0.0,0,0
2025-02-07,7,71,59,1,413.58,0.0,0,0
2025-02-08,1,314,246,6,3094.43,0.0,0,0
2025-02-08,2,24,19,0,0.0,0.0,0,0
2025-02-08,3,139,108,1,1297.66,0.0,0,0
2025-02-08,4,36,30,1,528.12,0.0,1312,315
2025-02-08,5,65,53,2,1902.01,208.53,3436,189
2025-02-08,6,0,0,11,3663.78,0.0,0,0
2025-02-08,7,68,57,1,712.32,0.0,0,0
2025-02-09,1,297,251,6,3799.08,0.0,0,0
2025-02-09,2,223,181,6,1997.77,0.0,0,0
2025-02-09,3,142,114,1,448.44,0.0,0,0
2025-02-09,4,39,30,1,276.86,0.0,1416,340
2025-02-09,5,42,35,1,564.15,236.2,3890,214
2025-02-09,6,0,0,9,3170.81,0.0,0,0
2025-02-09,7,10,8,0,0.0,0.0,0,0
2025-02-10,1,167,136,3,1793.29,0.0,0,0
2025-02-10,2,91,72,2,512.49,0.0,0,0
2025-02-10,3,8,6,0,0.0,0.0,0,0
2025-02-10,4,77,65,3,1004.94,0.0,1270,305
2025-02-10,5,72,60,2,1142.41,172.28,2836,156
2025-02-10,6,0,0,4,1668.77,0.0,0,0
2025-02-10,7,158,132,3,1550.44,0.0,0,0
2025-02-11,1,416,329,8,2989.06,0.0,0,0
2025-02-11,2,55,47,1,595.16,0.0,0,0
2025-02-11,3,9,7,0,0.0,0.0,0,0
2025-02-11,4,63,50,2,765.85,0.0,1191,286
2025-02-11,5,38,29,1,537.68,188.72,3109,171
2025-02-11,6,0,0,5,2245.14,0.0,0,0
2025-02-11,7,10,8,0,0.0,0.0,0,0
2025-02-12,1,172,138,3,1537.11,0.0,0,0
2025-02-12,2,89,71,2,769.33,0.0,0,0
2025-02-12,3,9,7,0,0.0,0.0,0,0
2025-02-12,4,56,46,2,474.94,0.0,1391,334
2025-02-12,5,70,56,2,899.82,180.96,2981,164
2025-02-12,6,0,0,5,1642.46,0.0,0,0
2025-02-12,7,61,48,1,911.36,0.0,0,0
2025-02-13,1,261,222,5,3253.28,0.0,0,0
2025-02-13,2,290,231,8,3643.93,0.0,0,0
2025-02-13,3,248,193,2,933.44,0.0,0,0
2025-02-13,4,84,67,3,2182.22,0.0,1179,283
2025-02-13,5,36,30,1,440.76,167.87,2763,152
2025-02-13,6,0,0,0,0.0,0.0,0,0
2025-02-13,7,67,56,1,613.74,0.0,0,0
2025-02-14,1,279,220,6,2901.75,0.0,0,0
2025-02-14,2,92,75,2,403.72,0.0,0,0
2025-02-14,3,9,7,0,0.0,0.0,0,0
2025-02-14,4,17,13,0,0.0,0.0,0,0
2025-02-14,5,13,10,0,0.0,166.91,2745,151
2025-02-14,6,0,0,5,1923.93,0.0,0,0
2025-02-14,7,57,46,1,187.4,0.0,0,0
2025-02-15,1,335,263,6,2535.16,0.0,0,0
2025-02-15,2,149,120,4,1992.99,0.0,0,0
2025-02-15,3,148,120,1,180.94,0.0,0,0
2025-02-15,4,81,66,3,885.26,0.0,0,0
2025-02-15,5,67,54,2,892.62,172.66,2836,156
2025-02-15,6,0,0,3,897.26,0.0,0,0
2025-02-15,7,66,52,1,194.67,0.0,0,0
2025-02-16,1,292,240,6,2935.99,0.0,0,0
2025-02-16,2,127,105,3,841.89,0.0,0,0
2025-02-16,3,127,108,1,484.28,0.0,0,0
2025-02-16,4,37,31,1,1004.36,0.0,0,0
2025-02-16,5,68,54,2,1326.2,178.37,2945,162
2025-02-16,6,0,0,8,4702.46,0.0,0,0
2025-02-16,7,68,57,1,168.84,0.0,0,0
2025-02-17,1,295,252,5,2328.37,0.0,0,0
2025-02-17,2,95,74,2,1046.56,0.0,0,0
2025-02-17,3,9,7,0,0.0,0.0,0,0
2025-02-17,4,17,13,0,0.0,0.0,0,0
2025-02-17,5,42,35,1,245.71,187.4,3090,170
2025-02-17,6,0,0,6,2909.39,0.0,0,0
2025-02-17,7,73,60,1,274.63,0.0,0,0
2025-02-18,1,404,333,9,3910.68,0.0,0,0
2025-02-18,2,169,139,5,2483.79,0.0,0,0
2025-02-18,3,133,114,1,451.38,0.0,0,0
2025-02-18,4,41,34,1,1710.45,0.0,0,0
2025-02-18,5,37,29,1,246.13,215.41,3545,195
2025-02-18,6,0,0,9,5501.95,0.0,0,0
2025-02-18,7,67,57,1,916.4,0.0,0,0
2025-02-19,1,214,183,4,1762.4,0.0,0,0
2025-02-19,2,121,102,3,1119.61,0.0,0,0
2025-02-19,3,267,222,2,1921.52,0.0,0,0
2025-02-19,4,66,56,2,875.81,0.0,0,0
2025-02-19,5,13,10,0,0.0,149.48,2454,135
2025-02-19,6,0,0,8,3017.72,0.0,0,0
2025-02-19,7,11,8,0,0.0,0.0,0,0
2025-02-20,1,169,133,3,888.48,0.0,0,0
2025-02-20,2,93,78,2,685.99,0.0,0,0
2025-02-20,3,9,7,0,0.0,0.0,0,0
2025-02-20,4,18,15,0,0.0,0.0,0,0
2025-02-20,5,41,32,1,412.74,212.46,3509,193
2025-02-20,6,0,0,7,3632.69,0.0,0,0
2025-02-20,7,68,57,1,249.97,0.0,0,0
2025-02-21,1,400,319,8,2699.03,0.0,0,0
2025-02-21,2,59,49,1,378.1,0.0,0,0
2025-02-21,3,343,290,3,2011.56,0.0,0,0
2025-02-21,4,122,96,5,1695.82,0.0,0,0
2025-02-21,5,130,109,4,2305.81,207.09,3418,188
2025-02-21,6,0,0,8,2369.24,0.0,0,0
2025-02-21,7,11,9,0,0.0,0.0,0,0
2025-02-22,1,415,333,10,3882.18,0.0,0,0
2025-02-22,2,154,131,4,1945.31,0.0,0,0
2025-02-22,3,136,116,1,939.28,0.0,0,0
2025-02-22,4,68,54,2,1406.43,0.0,0,0
2025-02-22,5,14,11,0,0.0,211.1,3472,191
2025-02-22,6,0,0,7,2349.79,0.0,0,0
2025-02-22,7,125,99,2,446.68,0.0,0,0
2025-02-23,1,271,229,5,3993.4,0.0,0,0
2025-02-23,2,93,78,2,934.71,0.0,0,0
2025-02-23,3,144,114,1,295.96,0.0,0,0
2025-02-23,4,83,70,3,1593.38,0.0,0,0
2025-02-23,5,41,33,1,308.44,237.83,3927,216
2025-02-23,6,0,0,7,2368.33,0.0,0,0
2025-02-23,7,185,155,3,1483.52,0.0,0,0
2025-02-24,1,280,228,6,3187.37,0.0,0,0
2025-02-24,2,134,106,3,2076.25,0.0,0,0
2025-02-24,3,242,199,2,1652.43,0.0,0,0
2025-02-24,4,59,48,2,881.84,0.0,0,0
2025-02-24,5,95,78,3,1864.36,213.2,3509,193
2025-02-24,6,0,0,9,2489.19,0.0,0,0
2025-02-24,7,12,10,0,0.0,0.0,0,0
2025-02-25,1,344,293,7,3206.74,0.0,0,0
2025-02-25,2,126,104,3,1118.17,0.0,0,0
2025-02-25,3,278,237,2,770.59,0.0,0,0
2025-02-25,4,40,32,1,429.24,0.0,0,0
2025-02-25,5,14,11,0,0.0,225.53,3727,205
2025-02-25,6,0,0,8,4375.79,0.0,0,0
2025-02-25,7,12,9,0,0.0,0.0,0,0
2025-02-26,1,272,221,5,1890.25,0.0,0,0
2025-02-26,2,131,105,3,1013.94,0.0,0,0
2025-02-26,3,10,8,0,0.0,0.0,0,0
2025-02-26,4,86,72,3,1055.69,0.0,0,0
2025-02-26,5,40,32,1,150.63,161.76,2672,147
2025-02-26,6,0,0,4,1916.79,0.0,0,0
2025-02-26,7,119,94,2,1283.6,0.0,0,0
2025-02-27,1,366,308,8,4046.63,0.0,0,0
2025-02-27,2,154,131,4,3151.64,0.0,0,0
2025-02-27,3,112,93,1,467.6,0.0,0,0
2025-02-27,4,62,50,2,1047.96,0.0,0,0
2025-02-27,5,111,95,3,2595.84,230.13,3800,209
2025-02-27,6,0,0,8,2848.07,0.0,0,0
2025-02-27,7,105,89,2,1460.34,0.0,0,0
2025-02-28,1,362,295,8,2634.93,0.0,0,0
2025-02-28,2,185,151,5,1357.4,0.0,0,0
2025-02-28,3,140,117,1,507.76,0.0,0,0
2025-02-28,4,58,48,2,455.35,0.0,0,0
2025-02-28,5,69,57,2,1506.12,211.79,3490,192
2025-02-28,6,0,0,7,4080.87,0.0,0,0
2025-02-28,7,12,10,0,0.0,0.0,0,0
2025-03-01,1,217,173,4,830.41,0.0,0,0
2025-03-01,2,92,77,2,515.94,0.0,0,0
2025-03-01,3,10,8,0,0.0,0.0,0,0
2025-03-01,4,58,46,2,465.91,0.0,0,0
2025-03-01,5,68,56,2,414.63,0.0,0,0
2025-03-01,6,0,0,4,1575.7,0.0,0,0
2025-03-01,7,12,10,0,0.0,0.0,0,0
2025-03-02,1,434,370,9,2791.27,0.0,0,0
2025-03-02,2,189,147,5,2190.32,0.0,0,0
2025-03-02,3,272,221,2,1989.02,0.0,0,0
2025-03-02,4,59,47,2,486.91,0.0,0,0
2025-03-02,5,74,58,2,791.65,0.0,0,0
2025-03-02,6,0,0,7,3019.39,0.0,0,0
2025-03-02,7,68,55,1,524.46,0.0,0,0
2025-03-03,1,195,160,3,1099.34,0.0,0,0
2025-03-03,2,262,224,7,3586.11,384.24,4809,202
2025-03-03,3,154,121,1,770.28,0.0,0,0
2025-03-03,4,41,33,1,607.56,0.0,0,0
2025-03-03,5,81,64,2,1422.36,0.0,0,0
2025-03-03,6,0,0,7,2374.9,0.0,0,0
2025-03-03,7,189,161,3,1598.95,0.0,0,0
2025-03-04,1,236,187,4,1716.5,0.0,0,0
2025-03-04,2,168,137,4,1306.49,363.46,4547,191
2025-03-04,3,248,195,2,488.52,0.0,0,0
2025-03-04,4,84,72,3,3515.63,0.0,0,0
2025-03-04,5,15,12,0,0.0,0.0,0,0
2025-03-04,6,0,0,3,1320.68,0.0,0,0
2025-03-04,7,13,10,0,0.0,0.0,0,0
2025-03-05,1,192,158,3,1357.9,0.0,0,0
2025-03-05,2,93,78,2,1234.12,398.77,4976,209
2025-03-05,3,11,8,0,0.0,0.0,0,0
2025-03-05,4,90,72,3,1053.12,0.0,0,0
2025-03-05,5,70,56,2,819.51,0.0,0,0
2025-03-05,6,0,0,13,6779.03,0.0,0,0
2025-03-05,7,128,104,2,1052.89,0.0,0,0
2025-03-06,1,329,274,6,2942.06,0.0,0,0
2025-03-06,2,217,184,6,3055.45,323.68,4047,170
2025-03-06,3,289,232,2,983.32,0.0,0,0
2025-03-06,4,89,72,3,1446.5,0.0,0,0
2025-03-06,5,39,32,1,535.68,0.0,0,0
2025-03-06,6,0,0,5,4415.07,0.0,0,0
2025-03-06,7,130,110,2,868.7,0.0,0,0
2025-03-07,1,228,189,4,3019.73,0.0,0,0
2025-03-07,2,130,103,3,844.68,160.21,1999,84
2025-03-07,3,143,118,1,903.2,0.0,0,0
2025-03-07,4,122,101,5,2176.57,0.0,0,0
2025-03-07,5,90,74,3,3618.44,0.0,0,0
2025-03-07,6,0,0,8,4002.36,0.0,0,0
2025-03-07,7,62,49,1,312.06,0.0,0,0
2025-03-08,1,371,300,8,4530.55,0.0,0,0
2025-03-08,2,134,112,3,2744.98,261.03,3261,137
2025-03-08,3,250,211,2,1555.1,0.0,0,0
2025-03-08,4,99,82,4,1712.85,0.0,0,0
2025-03-08,5,106,84,3,1201.76,0.0,0,0
2025-03-08,6,0,0,6,3452.46,0.0,0,0
2025-03-08,7,74,61,1,272.47,0.0,0,0
2025-03-09,1,248,202,4,2026.23,0.0,0,0
2025-03-09,2,235,186,6,2060.7,362.68,4523,190
2025-03-09,3,147,116,1,265.93,0.0,0,0
2025-03-09,4,21,16,0,0.0,0.0,0,0
2025-03-09,5,46,37,1,453.52,0.0,0,0
2025-03-09,6,0,0,4,2478.91,0.0,0,0
2025-03-09,7,13,10,0,0.0,0.0,0,0
2025-03-10,1,203,159,4,2445.53,0.0,0,0
2025-03-10,2,240,201,7,5237.47,444.68,5571,234
2025-03-10,3,142,111,1,225.48,0.0,0,0
2025-03-10,4,21,17,0,0.0,0.0,0,0
2025-03-10,5,42,33,1,673.5,0.0,0,0
2025-03-10,6,0,0,5,2167.72,0.0,0,0
2025-03-10,7,116,98,2,1520.7,0.0,0,0
2025-03-11,1,194,163,3,1121.7,0.0,0,0
2025-03-11,2,95,79,2,963.84,387.96,4857,204
2025-03-11,3,136,116,1,214.48,0.0,0,0
2025-03-11,4,39,32,1,1342.0,0.0,0,0
2025-03-11,5,69,57,2,668.65,0.0,0,0
2025-03-11,6,0,0,6,3428.65,0.0,0,0
2025-03-11,7,66,52,1,424.54,0.0,0,0
2025-03-12,1,107,84,1,283.61,0.0,0,0
2025-03-12,2,247,204,7,2839.43,314.19,3928,165
2025-03-12,3,543,451,4,1945.06,0.0,0,0
2025-03-12,4,84,68,3,1802.93,0.0,0,0
2025-03-12,5,76,61,2,2396.68,0.0,0,0
2025-03-12,6,0,0,10,4235.37,0.0,0,0
2025-03-12,7,178,141,3,2794.99,0.0,0,0
2025-03-13,1,304,243,5,4832.96,0.0,0,0
2025-03-13,2,244,194,7,4527.25,373.46,4666,196
2025-03-13,3,373,299,3,1158.53,0.0,0,0
2025-03-13,4,69,55,2,1075.04,0.0,0,0
2025-03-13,5,99,81,3,1602.39,0.0,0,0
2025-03-13,6,0,0,7,2772.38,0.0,0,0
2025-03-13,7,65,52,1,459.3,0.0,0,0
2025-03-14,1,433,341,8,4066.28,0.0,0,0
2025-03-14,2,150,123,4,3587.34,267.31,3333,140
2025-03-14,3,426,348,3,1237.45,0.0,0,0
2025-03-14,4,61,48,2,1611.78,0.0,0,0
2025-03-14,5,17,13,0,0.0,0.0,0,0
2025-03-14,6,0,0,8,3835.78,0.0,0,0
2025-03-14,7,120,97,2,964.73,0.0,0,0
2025-03-15,1,362,307,7,4488.81,0.0,0,0
2025-03-15,2,226,179,6,1888.61,272.95,3404,143
2025-03-15,3,145,121,1,1760.78,0.0,0,0
2025-03-15,4,89,76,3,830.75,0.0,0,0
2025-03-15,5,72,58,2,845.65,0.0,0,0
2025-03-15,6,0,0,6,3091.53,0.0,0,0
2025-03-15,7,122,101,2,2086.34,0.0,0,0
2025-03-16,1,606,517,12,8849.97,0.0,0,0
2025-03-16,2,148,127,4,3569.48,441.4,5523,232
2025-03-16,3,134,105,1,257.92,0.0,0,0
2025-03-16,4,43,36,1,292.92,0.0,0,0
2025-03-16,5,109,87,3,1409.03,0.0,0,0
2025-03-16,6,0,0,11,6182.61,0.0,0,0
2025-03-16,7,214,172,4,2221.32,0.0,0,0
2025-03-17,1,323,270,6,3214.88,0.0,0,0
2025-03-17,2,192,164,5,2822.61,290.78,3642,153
2025-03-17,3,128,103,1,265.6,0.0,0,0
2025-03-17,4,23,19,0,0.0,0.0,0,0
2025-03-17,5,87,70,3,1768.03,0.0,0,0
2025-03-17,6,0,0,9,6501.83,0.0,0,0
2025-03-17,7,66,55,1,285.45,0.0,0,0
2025-03-18,1,226,186,4,1252.68,0.0,0,0
2025-03-18,2,181,155,4,2840.63,355.71,4452,187
2025-03-18,3,268,216,2,828.95,0.0,0,0
2025-03-18,4,84,69,3,3398.25,0.0,0,0
2025-03-18,5,17,14,0,0.0,0.0,0,0
2025-03-18,6,0,0,7,4080.98,0.0,0,0
2025-03-18,7,14,11,0,0.0,0.0,0,0
2025-03-19,1,274,215,5,2926.87,0.0,0,0
2025-03-19,2,240,194,7,2614.71,263.61,3285,138
2025-03-19,3,12,9,0,0.0,0.0,0,0
2025-03-19,4,91,74,3,1985.22,0.0,0,0
2025-03-19,5,48,40,1,547.04,0.0,0,0
2025-03-19,6,0,0,12,6116.57,0.0,0,0
2025-03-19,7,173,144,3,2557.74,0.0,0,0
2025-03-20,1,462,392,11,6835.07,0.0,0,0
2025-03-20,2,97,80,2,1015.18,310.58,3880,163
2025-03-20,3,139,111,1,755.52,0.0,0,0
2025-03-20,4,88,70,3,1759.77,0.0,0,0
2025-03-20,5,46,36,1,723.36,0.0,0,0
2025-03-20,6,0,0,9,6680.22,0.0,0,0
2025-03-20,7,15,12,0,0.0,0.0,0,0
2025-03-21,1,413,340,8,6151.1,0.0,0,0
2025-03-21,2,324,270,9,5850.95,303.07,3785,159
2025-03-21,3,12,9,0,0.0,0.0,0,0
2025-03-21,4,90,72,3,1122.42,0.0,0,0
2025-03-21,5,46,36,1,263.91,0.0,0,0
2025-03-21,6,0,0,5,2531.46,0.0,0,0
2025-03-21,7,116,91,2,1233.62,0.0,0,0
2025-03-22,1,512,439,11,6243.5,0.0,0,0
2025-03-22,2,169,135,4,2575.07,317.5,3976,167
2025-03-22,3,736,627,6,3485.04,0.0,0,0
2025-03-22,4,45,38,1,197.02,0.0,0,0
2025-03-22,5,79,63,2,889.85,0.0,0,0
2025-03-22,6,0,0,6,3007.15,0.0,0,0
2025-03-22,7,187,159,3,1637.68,0.0,0,0
2025-03-23,1,661,540,13,7492.29,0.0,0,0
2025-03-23,2,101,83,2,816.15,253.86,3166,133
2025-03-23,3,126,100,1,506.82,0.0,0,0
2025-03-23,4,47,36,1,547.7,0.0,0,0
2025-03-23,5,101,85,3,1610.54,0.0,0,0
2025-03-23,6,0,0,10,4750.4,0.0,0,0
2025-03-23,7,175,141,3,862.96,0.0,0,0
2025-03-24,1,474,374,11,6837.94,0.0,0,0
2025-03-24,2,101,85,2,1522.08,396.52,4952,208
2025-03-24,3,130,105,1,993.2,0.0,0,0
2025-03-24,4,45,36,1,462.52,0.0,0,0
2025-03-24,5,42,33,1,173.74,0.0,0,0
2025-03-24,6,0,0,9,4518.16,0.0,0,0
2025-03-24,7,67,54,1,242.1,0.0,0,0
2025-03-25,1,568,482,11,6507.99,0.0,0,0
2025-03-25,2,233,191,6,2979.33,415.42,5190,218
2025-03-25,3,267,226,2,1563.75,0.0,0,0
2025-03-25,4,24,19,0,0.0,0.0,0,0
2025-03-25,5,48,39,1,948.08,0.0,0,0
2025-03-25,6,0,0,10,3438.99,0.0,0,0
2025-03-25,7,66,53,1,908.46,0.0,0,0
2025-03-26,1,154,121,2,1534.53,0.0,0,0
2025-03-26,2,163,127,4,2828.34,306.26,3833,161
2025-03-26,3,228,194,2,1287.17,0.0,0,0
2025-03-26,4,117,94,5,2903.32,0.0,0,0
2025-03-26,5,106,85,3,833.97,0.0,0,0
2025-03-26,6,0,0,11,5007.97,0.0,0,0
2025-03-26,7,116,98,2,761.99,0.0,0,0
2025-03-27,1,605,475,12,8946.01,0.0,0,0
2025-03-27,2,71,57,1,219.86,326.33,4071,171
2025-03-27,3,145,123,1,784.71,0.0,0,0
2025-03-27,4,102,86,4,1988.82,0.0,0,0
2025-03-27,5,107,84,3,1264.04,0.0,0,0
2025-03-27,6,0,0,10,4788.79,0.0,0,0
2025-03-27,7,16,13,0,0.0,0.0,0,0
2025-03-28,1,357,280,7,3374.09,0.0,0,0
2025-03-28,2,203,171,5,1643.25,343.3,4285,180
2025-03-28,3,580,458,4,2020.63,0.0,0,0
2025-03-28,4,69,55,2,1846.08,0.0,0,0
2025-03-28,5,97,76,3,3198.2,0.0,0,0
2025-03-28,6,0,0,8,5547.96,0.0,0,0
2025-03-28,7,126,101,2,1397.76,0.0,0,0
2025-03-29,1,314,253,6,3740.01,0.0,0,0
2025-03-29,2,237,197,6,3896.17,372.67,4666,196
2025-03-29,3,136,115,1,492.66,0.0,0,0
2025-03-29,4,126,105,5,2219.64,0.0,0,0
2025-03-29,5,130,110,4,1794.12,0.0,0,0
2025-03-29,6,0,0,5,2968.4,0.0,0,0
2025-03-29,7,133,109,2,1135.69,0.0,0,0
2025-03-30,1,280,227,6,5214.05,0.0,0,0
2025-03-30,2,264,213,7,5332.8,342.43,4285,180
2025-03-30,3,126,100,1,713.16,0.0,0,0
2025-03-30,4,69,57,2,1218.96,0.0,0,0
2025-03-30,5,46,38,1,284.21,0.0,0,0
2025-03-30,6,0,0,11,4675.53,0.0,0,0
2025-03-30,7,16,12,0,0.0,0.0,0,0
2025-03-31,1,290,233,5,4305.37,0.0,0,0
2025-03-31,2,258,203,6,3906.6,336.44,4214,177
2025-03-31,3,415,326,3,1165.9,0.0,0,0
2025-03-31,4,68,57,2,1206.87,0.0,0,0
2025-03-31,5,171,137,5,3084.16,0.0,0,0
2025-03-31,6,0,0,8,4859.95,0.0,0,0
2025-03-31,7,75,64,1,1289.28,0.0,0,0
2025-04-01,1,317,259,6,2392.08,0.0,0,0
2025-04-01,2,161,136,4,2071.5,291.31,3642,153
2025-04-01,3,155,128,1,380.96,0.0,0,0
2025-04-01,4,50,41,1,351.29,0.0,0,0
2025-04-01,5,66,52,2,1397.86,0.0,0,0
2025-04-01,6,0,0,14,11238.97,0.0,0,0
2025-04-01,7,347,297,6,3630.98,0.0,0,0
2025-04-02,1,575,478,11,9027.78,0.0,0,0
2025-04-02,2,146,119,3,1081.45,231.54,2880,121
2025-04-02,3,14,11,0,0.0,0.0,0,0
2025-04-02,4,68,54,2,2954.36,0.0,0,0
2025-04-02,5,70,58,2,1012.26,0.0,0,0
2025-04-02,6,0,0,7,4864.69,0.0,0,0
2025-04-02,7,16,13,0,0.0,0.0,0,0
2025-04-03,1,393,328,8,5663.19,0.0,0,0
2025-04-03,2,132,105,3,1546.52,225.87,2809,118
2025-04-03,3,235,187,2,521.42,0.0,0,0
2025-04-03,4,106,87,4,1868.24,0.0,0,0
2025-04-03,5,20,15,0,0.0,0.0,0,0
2025-04-03,6,0,0,13,7518.44,0.0,0,0
2025-04-03,7,74,59,1,967.47,0.0,0,0
2025-04-04,1,419,356,8,3836.06,0.0,0,0
2025-04-04,2,290,233,7,3879.79,293.62,3666,154
2025-04-04,3,122,101,1,1153.84,0.0,0,0
2025-04-04,4,91,74,3,2744.42,0.0,0,0
2025-04-04,5,48,40,1,258.0,0.0,0,0
2025-04-04,6,0,0,8,5827.97,0.0,0,0
2025-04-04,7,73,61,1,759.69,0.0,0,0
2025-04-05,1,509,420,10,7283.9,0.0,0,0
2025-04-05,2,264,216,7,3392.4,329.45,4119,173
2025-04-05,3,14,11,0,0.0,0.0,0,0
2025-04-05,4,97,83,3,2083.53,0.0,0,0
2025-04-05,5,101,81,3,2401.8,0.0,0,0
2025-04-05,6,0,0,17,10402.44,0.0,0,0
2025-04-05,7,129,102,2,585.03,0.0,0,0
2025-04-06,1,510,415,10,5603.25,0.0,0,0
2025-04-06,2,286,241,7,5800.72,284.64,3547,149
2025-04-06,3,237,195,2,565.4,0.0,0,0
2025-04-06,4,156,127,7,3714.94,0.0,0,0
2025-04-06,5,158,129,5,3526.59,0.0,0,0
2025-04-06,6,0,0,17,10796.27,0.0,0,0
2025-04-06,7,17,14,0,0.0,0.0,0,0
2025-04-07,1,449,354,9,8367.98,0.0,0,0
2025-04-07,2,225,186,5,2829.73,241.72,3023,127
2025-04-07,3,230,180,2,2662.01,0.0,0,0
2025-04-07,4,74,62,2,2430.18,0.0,0,0
2025-04-07,5,48,39,1,316.42,0.0,0,0
2025-04-07,6,0,0,9,4221.35,0.0,0,0
2025-04-07,7,302,237,5,3113.15,0.0,0,0
2025-04-08,1,481,377,9,4699.91,0.0,0,0
2025-04-08,2,274,217,7,6552.31,363.14,4547,191
2025-04-08,3,125,102,1,547.5,0.0,0,0
2025-04-08,4,79,64,2,574.99,0.0,0,0
2025-04-08,5,67,55,2,1379.02,0.0,0,0
2025-04-08,6,0,0,10,6190.4,0.0,0,0
2025-04-08,7,196,153,3,1367.5,0.0,0,0
2025-04-09,1,698,576,15,13918.62,0.0,0,0
2025-04-09,2,217,184,5,2812.74,376.97,4714,198
2025-04-09,3,263,205,2,1346.61,0.0,0,0
2025-04-09,4,92,76,3,2336.26,0.0,0,0
2025-04-09,5,75,64,2,1254.16,0.0,0,0
2025-04-09,6,0,0,10,6319.47,0.0,0,0
2025-04-09,7,230,197,4,3394.54,0.0,0,0
2025-04-10,1,563,444,12,8629.38,0.0,0,0
2025-04-10,2,321,259,8,3958.17,158.1,1976,83
2025-04-10,3,298,237,2,501.76,0.0,0,0
2025-04-10,4,123,104,4,2910.24,0.0,0,0
2025-04-10,5,100,78,3,2693.83,0.0,0,0
2025-04-10,6,0,0,4,1461.57,0.0,0,0
2025-04-10,7,140,111,2,1496.92,0.0,0,0
2025-04-11,1,218,186,4,2648.28,0.0,0,0
2025-04-11,2,185,151,4,1699.75,277.27,3452,145
2025-04-11,3,355,278,3,2980.18,0.0,0,0
2025-04-11,4,48,38,1,1145.56,0.0,0,0
2025-04-11,5,148,116,5,3340.59,0.0,0,0
2025-04-11,6,0,0,13,6107.35,0.0,0,0
2025-04-11,7,184,147,3,1219.58,0.0,0,0
2025-04-12,1,386,326,7,5386.96,0.0,0,0
2025-04-12,2,129,110,3,1826.06,250.4,3119,131
2025-04-12,3,489,411,4,1720.24,0.0,0,0
2025-04-12,4,87,69,3,1092.82,0.0,0,0
2025-04-12,5,82,65,2,505.64,0.0,0,0
2025-04-12,6,0,0,9,8538.46,0.0,0,0
2025-04-12,7,140,116,2,925.4,0.0,0,0
2025-04-13,1,304,251,5,3182.76,0.0,0,0
2025-04-13,2,283,238,7,6017.48,234.69,2928,123
2025-04-13,3,285,237,2,2134.72,0.0,0,0
2025-04-13,4,49,39,1,545.46,0.0,0,0
2025-04-13,5,50,40,1,343.44,0.0,0,0
2025-04-13,6,0,0,8,5128.84,0.0,0,0
2025-04-13,7,118,99,2,1497.69,0.0,0,0
2025-04-14,1,427,342,9,5311.32,0.0,0,0
2025-04-14,2,349,286,10,4362.85,207.52,2595,109
2025-04-14,3,146,119,1,622.32,0.0,0,0
2025-04-14,4,114,95,4,3293.74,0.0,0,0
2025-04-14,5,109,86,3,1470.35,0.0,0,0
2025-04-14,6,0,0,11,8947.74,0.0,0,0
2025-04-14,7,183,151,3,1180.99,0.0,0,0
2025-04-15,1,527,415,10,7653.29,0.0,0,0
2025-04-15,2,98,80,2,1842.34,240.3,3000,126
2025-04-15,3,15,12,0,0.0,0.0,0,0
2025-04-15,4,107,84,4,1022.36,0.0,0,0
2025-04-15,5,76,62,2,1206.52,0.0,0,0
2025-04-15,6,0,0,12,5346.68,0.0,0,0
2025-04-15,7,184,154,3,2302.38,0.0,0,0
2025-04-16,1,372,317,7,5864.22,0.0,0,0
2025-04-16,2,105,82,2,1111.54,413.02,5166,217
2025-04-16,3,338,281,3,1361.45,0.0,0,0
2025-04-16,4,50,40,1,727.77,0.0,0,0
2025-04-16,5,153,123,5,3922.26,0.0,0,0
2025-04-16,6,0,0,8,7323.53,0.0,0,0
2025-04-16,7,130,102,2,1214.98,0.0,0,0
2025-04-17,1,473,373,10,5850.81,0.0,0,0
2025-04-17,2,162,131,4,2244.38,350.11,4380,184
2025-04-17,3,409,333,3,1776.43,0.0,0,0
2025-04-17,4,188,156,7,6508.07,0.0,0,0
2025-04-17,5,150,126,4,2221.02,0.0,0,0
2025-04-17,6,0,0,13,10601.72,0.0,0,0
2025-04-17,7,182,142,3,904.62,0.0,0,0
2025-04-18,1,527,453,10,4489.58,0.0,0,0
2025-04-18,2,273,214,7,3114.45,351.13,4380,184
2025-04-18,3,418,358,3,1910.74,0.0,0,0
2025-04-18,4,128,107,4,2559.5,0.0,0,0
2025-04-18,5,142,115,4,3390.61,0.0,0,0
2025-04-18,6,0,0,17,8282.39,0.0,0,0
2025-04-18,7,66,54,1,1270.88,0.0,0,0
2025-04-19,1,346,287,6,4612.25,0.0,0,0
2025-04-19,2,286,229,9,4935.95,322.24,4023,169
2025-04-19,3,267,216,2,2115.79,0.0,0,0
2025-04-19,4,50,39,1,335.92,0.0,0,0
2025-04-19,5,87,74,2,1517.01,0.0,0,0
2025-04-19,6,0,0,10,4948.51,0.0,0,0
2025-04-19,7,73,59,1,1366.64,0.0,0,0
2025-04-20,1,340,266,6,6159.51,0.0,0,0
2025-04-20,2,273,223,7,3519.27,355.99,4452,187
2025-04-20,3,414,324,3,886.09,0.0,0,0
2025-04-20,4,51,42,1,265.9,0.0,0,0
2025-04-20,5,129,102,4,2024.24,0.0,0,0
2025-04-20,6,0,0,10,7172.48,0.0,0,0
2025-04-20,7,18,14,0,0.0,0.0,0,0
2025-04-21,1,423,362,9,4795.86,0.0,0,0
2025-04-21,2,219,174,5,3253.39,0.0,0,0
2025-04-21,3,15,12,0,0.0,0.0,0,0
2025-04-21,4,118,94,4,5140.45,0.0,0,0
2025-04-21,5,210,176,7,5613.18,0.0,0,0
2025-04-21,6,0,0,9,6773.38,0.0,0,0
2025-04-21,7,122,100,2,858.18,0.0,0,0
2025-04-22,1,431,364,7,6397.45,0.0,0,0
2025-04-22,2,145,116,3,1264.19,0.0,0,0
2025-04-22,3,714,564,5,3389.95,0.0,0,0
2025-04-22,4,91,71,3,1538.29,0.0,0,0
2025-04-22,5,118,94,3,2054.08,0.0,0,0
2025-04-22,6,0,0,9,3657.37,0.0,0,0
2025-04-22,7,120,99,2,922.03,0.0,0,0
2025-04-23,1,419,356,8,5591.28,0.0,0,0
2025-04-23,2,133,110,3,1942.31,0.0,0,0
2025-04-23,3,386,311,3,3978.03,0.0,0,0
2025-04-23,4,142,110,6,2879.93,0.0,0,0
2025-04-23,5,94,79,3,1863.03,0.0,0,0
2025-04-23,6,0,0,9,4709.08,0.0,0,0
2025-04-23,7,72,56,1,278.04,0.0,0,0
2025-04-24,1,439,366,8,5418.46,0.0,0,0
2025-04-24,2,211,173,5,4053.02,0.0,0,0
2025-04-24,3,515,406,4,3260.2,0.0,0,0
2025-04-24,4,75,62,2,1670.94,0.0,0,0
2025-04-24,5,50,40,1,1039.44,0.0,0,0
2025-04-24,6,0,0,10,6457.16,0.0,0,0
2025-04-24,7,67,54,1,303.52,0.0,0,0
2025-04-25,1,614,499,13,7942.67,0.0,0,0
2025-04-25,2,102,80,2,951.14,0.0,0,0
2025-04-25,3,637,544,5,2365.82,0.0,0,0
2025-04-25,4,169,139,6,4735.91,0.0,0,0
2025-04-25,5,77,65,2,1502.98,0.0,0,0
2025-04-25,6,0,0,9,4586.97,0.0,0,0
2025-04-25,7,175,138,3,1423.7,0.0,0,0
2025-04-26,1,332,282,6,3826.55,0.0,0,0
2025-04-26,2,202,160,5,1876.7,0.0,0,0
2025-04-26,3,492,385,4,4901.87,0.0,0,0
2025-04-26,4,107,90,4,2720.22,0.0,0,0
2025-04-26,5,78,62,2,1304.24,0.0,0,0
2025-04-26,6,0,0,7,2435.03,0.0,0,0
2025-04-26,7,188,149,3,1849.34,0.0,0,0
2025-04-27,1,369,288,6,3294.74,0.0,0,0
2025-04-27,2,240,191,7,5705.53,0.0,0,0
2025-04-27,3,16,13,0,0.0,0.0,0,0
2025-04-27,4,86,69,3,4297.46,0.0,0,0
2025-04-27,5,76,64,2,1330.05,0.0,0,0
2025-04-27,6,0,0,8,6752.61,0.0,0,0
2025-04-27,7,132,107,2,1009.94,0.0,0,0
2025-04-28,1,457,390,8,4509.67,0.0,0,0
2025-04-28,2,270,219,6,3676.59,0.0,0,0
2025-04-28,3,155,122,1,314.36,0.0,0,0
2025-04-28,4,78,64,2,975.43,0.0,0,0
2025-04-28,5,23,19,0,0.0,0.0,0,0
2025-04-28,6,0,0,10,4143.69,0.0,0,0
2025-04-28,7,62,51,1,316.13,0.0,0,0
2025-04-29,1,421,350,8,7205.95,0.0,0,0
2025-04-29,2,279,219,8,6773.15,0.0,0,0
2025-04-29,3,16,12,0,0.0,0.0,0,0
2025-04-29,4,71,55,2,2417.8,0.0,0,0
2025-04-29,5,23,18,0,0.0,0.0,0,0
2025-04-29,6,0,0,12,10331.95,0.0,0,0
2025-04-29,7,266,220,4,2456.43,0.0,0,0
2025-04-30,1,287,238,5,5504.1,0.0,0,0
2025-04-30,2,115,90,2,1226.33,0.0,0,0
2025-04-30,3,514,426,4,1848.82,0.0,0,0
2025-04-30,4,73,60,2,1012.69,0.0,0,0
2025-04-30,5,48,37,1,296.6,0.0,0,0
2025-04-30,6,0,0,10,5981.66,0.0,0,0
2025-04-30,7,173,135,3,1251.24,0.0,0,0
2025-05-01,1,601,499,12,7499.15,0.0,0,0
2025-05-01,2,196,157,4,3513.74,0.0,0,0
2025-05-01,3,273,225,2,1252.72,0.0,0,0
2025-05-01,4,101,83,3,1314.94,0.0,0,0
2025-05-01,5,74,61,2,676.91,0.0,0,0
2025-05-01,6,0,0,8,5727.73,0.0,0,0
2025-05-01,7,76,65,1,363.33,0.0,0,0
2025-05-02,1,525,447,10,6861.75,0.0,0,0
2025-05-02,2,180,142,4,2274.97,0.0,0,0
2025-05-02,3,154,131,1,626.28,0.0,0,0
2025-05-02,4,108,92,4,2279.5,0.0,0,0
2025-05-02,5,132,113,4,1720.11,0.0,0,0
2025-05-02,6,0,0,5,3945.33,0.0,0,0
2025-05-02,7,232,181,4,1640.73,0.0,0,0
2025-05-03,1,420,331,8,5073.35,0.0,0,0
2025-05-03,2,230,196,6,7483.07,0.0,0,0
2025-05-03,3,155,123,1,286.82,0.0,0,0
2025-05-03,4,86,73,3,2848.59,0.0,0,0
2025-05-03,5,108,88,3,2648.68,0.0,0,0
2025-05-03,6,0,0,5,3675.64,0.0,0,0
2025-05-03,7,129,101,2,1470.88,0.0,0,0
2025-05-04,1,300,250,5,3369.71,0.0,0,0
2025-05-04,2,193,158,4,1988.59,0.0,0,0
2025-05-04,3,280,234,2,1375.14,0.0,0,0
2025-05-04,4,143,115,5,3990.42,0.0,0,0
2025-05-04,5,75,64,2,915.68,0.0,0,0
2025-05-04,6,0,0,11,9817.54,0.0,0,0
2025-05-04,7,79,63,1,517.62,0.0,0,0
2025-05-05,1,491,388,9,6280.39,0.0,0,0
2025-05-05,2,211,177,5,3361.87,0.0,0,0
2025-05-05,3,673,535,5,2242.66,0.0,0,0
2025-05-05,4,75,62,2,1447.62,0.0,0,0
2025-05-05,5,102,82,3,2249.0,0.0,0,0
2025-05-05,6,0,0,10,8512.41,0.0,0,0
2025-05-05,7,275,218,4,3645.39,0.0,0,0
2025-05-06,1,452,363,8,5639.77,0.0,0,0
2025-05-06,2,311,254,8,5262.77,0.0,0,0
2025-05-06,3,458,371,4,1558.4,0.0,0,0
2025-05-06,4,92,74,3,2522.88,0.0,0,0
2025-05-06,5,151,120,4,3024.63,0.0,0,0
2025-05-06,6,0,0,6,3728.09,0.0,0,0
2025-05-06,7,75,61,1,306.5,0.0,0,0
2025-05-07,1,527,429,11,7402.31,0.0,0,0
2025-05-07,2,197,162,5,2908.53,0.0,0,0
2025-05-07,3,753,629,6,5269.04,0.0,0,0
2025-05-07,4,104,89,4,1550.2,0.0,0,0
2025-05-07,5,111,92,3,1482.69,0.0,0,0
2025-05-07,6,0,0,9,7651.02,0.0,0,0
2025-05-07,7,250,208,4,4704.34,0.0,0,0
2025-05-08,1,368,300,7,5547.76,0.0,0,0
2025-05-08,2,246,201,6,4658.2,0.0,0,0
2025-05-08,3,17,13,0,0.0,0.0,0,0
2025-05-08,4,101,79,3,1696.17,0.0,0,0
2025-05-08,5,119,94,3,1987.05,0.0,0,0
2025-05-08,6,0,0,9,6300.89,0.0,0,0
2025-05-08,7,250,212,4,5859.96,0.0,0,0
2025-05-09,1,376,322,8,5360.73,0.0,0,0
2025-05-09,2,288,229,7,2857.98,0.0,0,0
2025-05-09,3,316,266,3,1910.73,0.0,0,0
2025-05-09,4,95,78,3,955.4,0.0,0,0
2025-05-09,5,55,46,1,575.56,0.0,0,0
2025-05-09,6,0,0,8,4859.92,0.0,0,0
2025-05-09,7,142,116,2,943.24,0.0,0,0
2025-05-10,1,527,421,10,8005.63,0.0,0,0
2025-05-10,2,299,235,8,3563.48,0.0,0,0
2025-05-10,3,145,113,1,328.72,0.0,0,0
2025-05-10,4,119,94,4,2012.79,0.0,0,0
2025-05-10,5,87,67,2,1994.06,0.0,0,0
2025-05-10,6,0,0,9,5036.66,0.0,0,0
2025-05-10,7,144,117,2,2924.88,0.0,0,0
2025-05-11,1,374,314,7,4064.38,0.0,0,0
2025-05-11,2,214,183,5,3219.99,0.0,0,0
2025-05-11,3,358,306,3,1218.41,0.0,0,0
2025-05-11,4,72,57,2,588.81,0.0,0,0
2025-05-11,5,25,20,0,0.0,0.0,0,0
2025-05-11,6,0,0,6,4827.49,0.0,0,0
2025-05-11,7,72,58,1,398.44,0.0,0,0
2025-05-12,1,367,304,6,4338.52,0.0,0,0
2025-05-12,2,223,177,6,3557.16,0.0,0,0
2025-05-12,3,169,141,1,1294.6,263.24,43454,478
2025-05-12,4,51,42,1,539.68,0.0,0,0
2025-05-12,5,115,98,3,1505.94,0.0,0,0
2025-05-12,6,0,0,7,3881.58,0.0,0,0
2025-05-12,7,182,156,3,2704.04,0.0,0,0
2025-05-13,1,281,227,5,3172.33,0.0,0,0
2025-05-13,2,133,108,3,2219.87,0.0,0,0
2025-05-13,3,144,113,1,302.45,230.01,38000,418
2025-05-13,4,190,152,7,3789.34,0.0,0,0
2025-05-13,5,25,21,0,0.0,0.0,0,0
2025-05-13,6,0,0,13,9034.54,0.0,0,0
2025-05-13,7,138,110,2,903.65,0.0,0,0
2025-05-14,1,663,542,13,6992.2,0.0,0,0
2025-05-14,2,160,126,4,2961.69,0.0,0,0
2025-05-14,3,268,225,2,2172.95,189.73,31272,344
2025-05-14,4,77,60,2,954.67,0.0,0,0
2025-05-14,5,25,20,0,0.0,0.0,0,0
2025-05-14,6,0,0,8,4758.52,0.0,0,0
2025-05-14,7,137,110,2,710.85,0.0,0,0
2025-05-15,1,617,483,11,6229.47,0.0,0,0
2025-05-15,2,296,244,7,5072.26,0.0,0,0
2025-05-15,3,400,312,3,911.54,242.4,40000,440
2025-05-15,4,99,78,3,3056.77,0.0,0,0
2025-05-15,5,77,61,2,1547.22,0.0,0,0
2025-05-15,6,0,0,10,5591.23,0.0,0,0
2025-05-15,7,172,145,3,1373.64,0.0,0,0
2025-05-16,1,434,361,8,7034.72,0.0,0,0
2025-05-16,2,164,140,4,3004.3,0.0,0,0
2025-05-16,3,137,117,1,858.3,235.95,38909,428
2025-05-16,4,53,45,1,955.95,0.0,0,0
2025-05-16,5,79,65,2,1236.18,0.0,0,0
2025-05-16,6,0,0,6,4594.13,0.0,0,0
2025-05-16,7,136,112,2,1494.48,0.0,0,0
2025-05-17,1,700,549,14,8463.79,0.0,0,0
2025-05-17,2,271,218,7,7095.99,0.0,0,0
2025-05-17,3,373,300,3,1543.23,249.36,41181,453
2025-05-17,4,117,97,4,4440.4,0.0,0,0
2025-05-17,5,112,92,3,1695.49,0.0,0,0
2025-05-17,6,0,0,10,5195.01,0.0,0,0
2025-05-17,7,85,72,1,1736.28,0.0,0,0
2025-05-18,1,616,490,12,9132.64,0.0,0,0
2025-05-18,2,181,155,4,3678.79,0.0,0,0
2025-05-18,3,546,446,4,2658.93,284.46,47000,517
2025-05-18,4,104,89,3,2834.16,0.0,0,0
2025-05-18,5,82,65,2,1718.29,0.0,0,0
2025-05-18,6,0,0,12,9010.82,0.0,0,0
2025-05-18,7,21,17,0,0.0,0.0,0,0
2025-05-19,1,497,388,9,7968.41,0.0,0,0
2025-05-19,2,146,120,3,2276.18,0.0,0,0
2025-05-19,3,268,219,2,1544.84,319.58,52818,581
2025-05-19,4,55,45,1,276.68,0.0,0,0
2025-05-19,5,51,40,1,672.32,0.0,0,0
2025-05-19,6,0,0,15,9919.05,0.0,0,0
2025-05-19,7,68,56,1,316.98,0.0,0,0
2025-05-20,1,538,431,10,5264.98,0.0,0,0
2025-05-20,2,329,276,10,8998.09,0.0,0,0
2025-05-20,3,523,429,4,2855.9,223.58,36909,406
2025-05-20,4,80,64,2,1289.85,0.0,0,0
2025-05-20,5,53,42,1,346.55,0.0,0,0
2025-05-20,6,0,0,10,7759.12,0.0,0,0
2025-05-20,7,21,16,0,0.0,0.0,0,0
2025-05-21,1,488,409,10,5161.93,0.0,0,0
2025-05-21,2,248,205,6,3232.74,0.0,0,0
2025-05-21,3,136,115,1,545.3,209.0,34454,379
2025-05-21,4,98,80,3,1136.69,0.0,0,0
2025-05-21,5,81,67,2,2352.83,0.0,0,0
2025-05-21,6,0,0,9,5425.38,0.0,0,0
2025-05-21,7,21,17,0,0.0,0.0,0,0
2025-05-22,1,446,361,8,8099.46,0.0,0,0
2025-05-22,2,132,103,3,1711.59,0.0,0,0
2025-05-22,3,130,110,1,1724.94,256.22,42272,465
2025-05-22,4,125,101,4,4516.82,0.0,0,0
2025-05-22,5,91,78,3,2199.16,0.0,0,0
2025-05-22,6,0,0,8,7972.6,0.0,0,0
2025-05-22,7,174,146,3,2575.14,0.0,0,0
2025-05-23,1,396,335,7,6315.22,0.0,0,0
2025-05-23,2,257,206,6,5363.32,0.0,0,0
2025-05-23,3,17,14,0,0.0,302.34,49909,549
2025-05-23,4,72,56,2,1674.26,0.0,0,0
2025-05-23,5,26,21,0,0.0,0.0,0,0
2025-05-23,6,0,0,11,4556.3,0.0,0,0
2025-05-23,7,73,58,1,1203.8,0.0,0,0
2025-05-24,1,550,450,12,11847.0,0.0,0,0
2025-05-24,2,206,174,5,4400.73,0.0,0,0
2025-05-24,3,278,238,2,1530.83,190.24,31363,345
2025-05-24,4,78,64,2,2587.44,0.0,0,0
2025-05-24,5,100,81,3,1841.32,0.0,0,0
2025-05-24,6,0,0,4,2463.05,0.0,0,0
2025-05-24,7,138,117,2,1182.58,0.0,0,0
2025-05-25,1,555,438,12,9096.2,0.0,0,0
2025-05-25,2,303,247,7,6034.33,0.0,0,0
2025-05-25,3,375,315,3,1021.36,230.15,38000,418
2025-05-25,4,132,110,4,3284.63,0.0,0,0
2025-05-25,5,26,21,0,0.0,0.0,0,0
2025-05-25,6,0,0,9,9135.56,0.0,0,0
2025-05-25,7,132,107,2,2361.72,0.0,0,0
2025-05-26,1,461,362,9,5957.87,0.0,0,0
2025-05-26,2,334,268,8,2736.92,163.98,2047,86
2025-05-26,3,18,14,0,0.0,288.02,47545,523
2025-05-26,4,34,26,0,0.0,0.0,0,0
2025-05-26,5,55,47,1,760.5,0.0,0,0
2025-05-26,6,0,0,14,10984.74,0.0,0,0
2025-05-26,7,406,317,7,5662.22,0.0,0,0
2025-05-27,1,480,374,9,6231.01,0.0,0,0
2025-05-27,2,301,241,7,3586.74,149.1,1857,78
2025-05-27,3,268,226,2,922.56,224.41,37090,408
2025-05-27,4,96,81,3,2251.67,0.0,0,0
2025-05-27,5,50,40,1,300.77,0.0,0,0
2025-05-27,6,0,0,8,4505.77,0.0,0,0
2025-05-27,7,322,269,6,4879.54,0.0,0,0
2025-05-28,1,446,369,8,8647.24,0.0,0,0
2025-05-28,2,266,208,7,6092.79,139.24,1738,73
2025-05-28,3,18,14,0,0.0,128.17,21181,233
2025-05-28,4,80,64,2,597.26,0.0,0,0
2025-05-28,5,105,84,3,2220.66,0.0,0,0
2025-05-28,6,0,0,10,5415.09,0.0,0,0
2025-05-28,7,182,151,3,1892.71,0.0,0,0
2025-05-29,1,487,410,9,7949.91,0.0,0,0
2025-05-29,2,242,194,7,5489.51,206.27,2571,108
2025-05-29,3,290,241,2,1028.49,266.49,44000,484
2025-05-29,4,73,62,2,899.11,0.0,0,0
2025-05-29,5,89,75,2,1752.36,0.0,0,0
2025-05-29,6,0,0,6,4236.17,0.0,0,0
2025-05-29,7,83,70,1,701.58,0.0,0,0
2025-05-30,1,377,306,7,3817.11,0.0,0,0
2025-05-30,2,146,117,3,2896.23,179.41,2238,94
2025-05-30,3,151,127,1,357.64,228.45,37727,415
2025-05-30,4,76,64,2,827.61,0.0,0,0
2025-05-30,5,26,20,0,0.0,0.0,0,0
2025-05-30,6,0,0,6,3351.97,0.0,0,0
2025-05-30,7,143,120,2,939.25,0.0,0,0
2025-05-31,1,333,281,5,2345.44,0.0,0,0
2025-05-31,2,302,258,7,5020.85,160.05,1999,84
2025-05-31,3,417,352,3,1221.55,194.54,32090,353
2025-05-31,4,78,61,2,2086.96,0.0,0,0
2025-05-31,5,140,111,4,2835.87,0.0,0,0
2025-05-31,6,0,0,11,5771.84,0.0,0,0
2025-05-31,7,82,68,1,289.42,0.0,0,0
2025-06-01,1,384,319,7,4458.75,0.0,0,0
2025-06-01,2,169,137,4,2625.86,181.6,2261,95
2025-06-01,3,146,123,1,344.66,260.06,42909,472
2025-06-01,4,116,98,4,1594.84,0.0,0,0
2025-06-01,5,72,60,2,831.26,0.0,0,0
2025-06-01,6,0,0,8,7397.3,0.0,0,0
2025-06-01,7,73,60,1,657.12,0.0,0,0
2025-06-02,1,381,321,7,5795.62,0.0,0,0
2025-06-02,2,178,145,4,2712.65,124.85,1547,65
2025-06-02,3,123,99,1,335.35,301.61,49818,548
2025-06-02,4,79,65,2,1470.31,0.0,0,0
2025-06-02,5,74,63,2,3552.52,0.0,0,0
2025-06-02,6,0,0,8,5800.93,0.0,0,0
2025-06-02,7,78,66,1,717.42,0.0,0,0
2025-06-03,1,518,415,10,8829.41,0.0,0,0
2025-06-03,2,154,125,3,2783.53,122.99,1523,64
2025-06-03,3,427,350,3,2187.17,303.71,50181,552
2025-06-03,4,73,60,2,2635.44,0.0,0,0
2025-06-03,5,91,74,2,1537.51,0.0,0,0
2025-06-03,6,0,0,12,8453.18,0.0,0,0
2025-06-03,7,134,106,2,1017.44,0.0,0,0
2025-06-04,1,529,432,11,6256.43,0.0,0,0
2025-06-04,2,244,203,6,4024.0,193.12,2404,101
2025-06-04,3,270,219,2,934.66,224.81,37090,408
2025-06-04,4,76,64,2,953.43,0.0,0,0
2025-06-04,5,80,67,2,1955.22,0.0,0,0
2025-06-04,6,0,0,5,1719.74,0.0,0,0
2025-06-04,7,121,98,2,855.4,0.0,0,0
2025-06-05,1,507,400,10,8571.71,0.0,0,0
2025-06-05,2,196,163,5,3338.02,146.35,1833,77
2025-06-05,3,136,112,1,1292.45,174.28,28727,316
2025-06-05,4,137,107,5,2955.59,0.0,0,0
2025-06-05,5,144,115,4,1804.45,0.0,0,0
2025-06-05,6,0,0,9,3763.21,0.0,0,0
2025-06-05,7,22,18,0,0.0,0.0,0,0
2025-06-06,1,556,465,9,5060.55,0.0,0,0
2025-06-06,2,294,238,7,4686.45,210.43,2619,110
2025-06-06,3,360,301,3,2684.07,192.16,31727,349
2025-06-06,4,77,65,2,2372.7,0.0,0,0
2025-06-06,5,58,48,1,324.62,0.0,0,0
2025-06-06,6,0,0,8,3841.7,0.0,0,0
2025-06-06,7,191,161,3,2049.71,0.0,0,0
2025-06-07,1,555,439,12,7387.34,0.0,0,0
2025-06-07,2,248,194,6,2741.27,194.09,2428,102
2025-06-07,3,121,102,1,345.15,233.47,38545,424
2025-06-07,4,80,63,2,1477.66,0.0,0,0
2025-06-07,5,190,150,6,3884.88,0.0,0,0
2025-06-07,6,0,0,16,8518.18,0.0,0,0
2025-06-07,7,129,103,2,1284.95,0.0,0,0
2025-06-08,1,371,318,7,4301.5,0.0,0,0
2025-06-08,2,201,169,5,2470.86,173.58,2166,91
2025-06-08,3,281,238,2,1804.26,257.8,42545,468
2025-06-08,4,135,113,5,6127.36,0.0,0,0
2025-06-08,5,27,22,0,0.0,0.0,0,0
2025-06-08,6,0,0,8,7813.91,0.0,0,0
2025-06-08,7,22,17,0,0.0,0.0,0,0
2025-06-09,1,677,531,12,8198.4,0.0,0,0
2025-06-09,2,305,253,8,5812.39,140.59,1738,73
2025-06-09,3,18,15,0,0.0,276.35,45636,502
2025-06-09,4,102,82,3,1267.79,0.0,0,0
2025-06-09,5,128,109,4,3813.92,0.0,0,0
2025-06-09,6,0,0,8,6468.22,0.0,0,0
2025-06-09,7,81,63,1,285.95,0.0,0,0
2025-06-10,1,392,327,7,3912.22,0.0,0,0
2025-06-10,2,319,252,7,6067.29,171.92,2142,90
2025-06-10,3,140,112,1,592.94,209.84,34636,381
2025-06-10,4,55,44,1,346.21,0.0,0,0
2025-06-10,5,84,69,2,629.64,0.0,0,0
2025-06-10,6,0,0,9,6806.69,0.0,0,0
2025-06-10,7,188,151,3,1304.34,0.0,0,0
2025-06-11,1,635,516,12,8619.55,0.0,0,0
2025-06-11,2,310,262,7,5789.93,183.57,2285,96
2025-06-11,3,18,14,0,0.0,201.97,33363,367
2025-06-11,4,56,47,1,1581.45,0.0,0,0
2025-06-11,5,50,41,1,284.16,0.0,0,0
2025-06-11,6,0,0,12,9398.25,0.0,0,0
2025-06-11,7,72,56,1,541.92,0.0,0,0
2025-06-12,1,449,370,9,6381.19,0.0,0,0
2025-06-12,2,116,99,2,688.4,236.01,2952,124
2025-06-12,3,276,234,2,3112.16,215.98,35636,392
2025-06-12,4,98,81,3,2803.45,0.0,0,0
2025-06-12,5,86,73,2,2417.76,0.0,0,0
2025-06-12,6,0,0,5,3046.82,0.0,0,0
2025-06-12,7,121,102,2,1728.07,0.0,0,0
2025-06-13,1,563,456,10,6378.07,0.0,0,0
2025-06-13,2,239,191,5,1929.43,182.32,2261,95
2025-06-13,3,256,214,2,578.83,221.0,36454,401
2025-06-13,4,75,61,2,1012.91,0.0,0,0
2025-06-13,5,157,134,4,1967.85,0.0,0,0
2025-06-13,6,0,0,9,6011.83,0.0,0,0
2025-06-13,7,22,18,0,0.0,0.0,0,0
2025-06-14,1,280,223,4,4218.5,0.0,0,0
2025-06-14,2,113,96,2,553.22,162.16,2023,85
2025-06-14,3,151,122,1,281.68,244.43,40363,444
2025-06-14,4,77,61,2,1011.8,0.0,0,0
2025-06-14,5,177,151,5,2913.68,0.0,0,0
2025-06-14,6,0,0,10,7464.57,0.0,0,0
2025-06-14,7,22,17,0,0.0,0.0,0,0
2025-06-15,1,481,387,9,6415.75,0.0,0,0
2025-06-15,2,305,239,7,4247.16,136.44,1690,71
2025-06-15,3,529,443,4,2157.94,257.4,42454,467
2025-06-15,4,87,69,3,1805.96,0.0,0,0
2025-06-15,5,84,72,2,2022.69,0.0,0,0
2025-06-15,6,0,0,6,2800.45,0.0,0,0
2025-06-15,7,199,167,3,1571.69,0.0,0,0
2025-06-16,1,400,329,8,4166.95,0.0,0,0
2025-06-16,2,148,121,3,1390.22,193.91,2428,102
2025-06-16,3,133,106,1,971.91,221.13,36545,402
2025-06-16,4,126,101,4,2339.11,0.0,0,0
2025-06-16,5,83,70,2,900.81,0.0,0,0
2025-06-16,6,0,0,10,7112.44,0.0,0,0
2025-06-16,7,22,17,0,0.0,0.0,0,0
2025-06-17,1,420,335,8,3558.71,0.0,0,0
2025-06-17,2,147,123,3,1306.15,132.95,1642,69
2025-06-17,3,398,323,3,4084.55,221.09,36454,401
2025-06-17,4,102,81,3,1605.08,0.0,0,0
2025-06-17,5,79,65,2,1269.62,0.0,0,0
2025-06-17,6,0,0,9,7368.3,0.0,0,0
2025-06-17,7,128,100,2,672.18,0.0,0,0
2025-06-18,1,355,302,7,5421.93,0.0,0,0
2025-06-18,2,152,123,3,1225.81,157.44,1952,82
2025-06-18,3,275,214,2,1858.32,97.6,16090,177
2025-06-18,4,142,111,5,2840.31,0.0,0,0
2025-06-18,5,78,63,2,915.8,0.0,0,0
2025-06-18,6,0,0,10,4629.61,0.0,0,0
2025-06-18,7,124,103,2,3610.52,0.0,0,0
2025-06-19,1,640,526,13,8629.85,0.0,0,0
2025-06-19,2,122,101,2,2037.12,149.43,1857,78
2025-06-19,3,18,14,0,0.0,201.5,33272,366
2025-06-19,4,78,64,2,1753.69,0.0,0,0
2025-06-19,5,118,100,3,1803.41,0.0,0,0
2025-06-19,6,0,0,11,6566.54,0.0,0,0
2025-06-19,7,22,17,0,0.0,0.0,0,0
2025-06-20,1,487,418,9,9931.75,0.0,0,0
2025-06-20,2,228,180,6,3813.94,154.21,1928,81
2025-06-20,3,18,14,0,0.0,285.84,47181,519
2025-06-20,4,202,170,8,6858.65,0.0,0,0
2025-06-20,5,27,22,0,0.0,0.0,0,0
2025-06-20,6,0,0,16,10640.92,0.0,0,0
2025-06-20,7,127,105,2,903.67,0.0,0,0
2025-06-21,1,460,382,10,9211.19,0.0,0,0
2025-06-21,2,217,178,5,2097.44,236.86,2952,124
2025-06-21,3,515,426,4,2848.98,222.46,36727,404
2025-06-21,4,81,67,2,803.14,0.0,0,0
2025-06-21,5,148,124,4,1502.06,0.0,0,0
2025-06-21,6,0,0,8,5057.35,0.0,0,0
2025-06-21,7,22,17,0,0.0,0.0,0,0
2025-06-22,1,197,157,2,1027.08,0.0,0,0
2025-06-22,2,172,143,4,2338.21,156.66,1952,82
2025-06-22,3,585,469,4,4115.07,198.15,32727,360
2025-06-22,4,78,61,2,1080.18,0.0,0,0
2025-06-22,5,54,42,1,1330.36,0.0,0,0
2025-06-22,6,0,0,5,2857.97,0.0,0,0
2025-06-22,7,254,198,4,3791.74,0.0,0,0
2025-06-23,1,245,191,4,2532.58,0.0,0,0
2025-06-23,2,269,226,6,4038.34,226.31,2833,119
2025-06-23,3,280,238,2,1908.46,210.06,34636,381
2025-06-23,4,145,122,5,2915.38,0.0,0,0
2025-06-23,5,81,68,2,995.82,0.0,0,0
2025-06-23,6,0,0,8,3958.92,0.0,0,0
2025-06-23,7,138,109,2,837.17,0.0,0,0
2025-06-24,1,721,619,14,13395.35,0.0,0,0
2025-06-24,2,116,94,2,863.27,157.51,1952,82
2025-06-24,3,389,321,3,1216.94,213.95,35272,388
2025-06-24,4,57,45,1,303.18,0.0,0,0
2025-06-24,5,84,67,2,2861.08,0.0,0,0
2025-06-24,6,0,0,8,4478.84,0.0,0,0
2025-06-24,7,264,208,4,3072.5,0.0,0,0
2025-06-25,1,566,460,11,6283.87,0.0,0,0
2025-06-25,2,121,103,2,1253.38,172.24,2142,90
2025-06-25,3,391,329,3,4547.76,214.96,35454,390
2025-06-25,4,35,27,0,0.0,0.0,0,0
2025-06-25,5,76,61,2,1475.83,0.0,0,0
2025-06-25,6,0,0,12,7023.63,0.0,0,0
2025-06-25,7,125,100,2,935.45,0.0,0,0
2025-06-26,1,702,558,14,10766.69,0.0,0,0
2025-06-26,2,122,101,2,1803.42,164.58,2047,86
2025-06-26,3,18,15,0,0.0,289.97,47909,527
2025-06-26,4,100,80,3,2625.1,0.0,0,0
2025-06-26,5,84,66,2,1063.52,0.0,0,0
2025-06-26,6,0,0,10,7397.13,0.0,0,0
2025-06-26,7,129,106,2,996.27,0.0,0,0
2025-06-27,1,412,353,8,6764.23,0.0,0,0
2025-06-27,2,118,99,2,1462.83,150.06,1857,78
2025-06-27,3,320,254,3,2155.85,233.32,38545,424
2025-06-27,4,76,63,2,1162.93,0.0,0,0
2025-06-27,5,76,63,2,1597.54,0.0,0,0
2025-06-27,6,0,0,9,4303.9,0.0,0,0
2025-06-27,7,74,61,1,943.53,0.0,0,0
2025-06-28,1,407,334,9,6228.07,0.0,0,0
2025-06-28,2,260,203,6,5627.74,178.83,2238,94
2025-06-28,3,272,212,2,1609.84,270.43,44636,491
2025-06-28,4,103,83,3,2383.78,0.0,0,0
2025-06-28,5,91,77,2,2870.2,0.0,0,0
2025-06-28,6,0,0,10,5927.35,0.0,0,0
2025-06-28,7,82,69,1,357.2,0.0,0,0
2025-06-29,1,328,270,6,4737.24,0.0,0,0
2025-06-29,2,173,137,4,4520.74,188.91,2357,99
2025-06-29,3,19,15,0,0.0,182.02,30000,330
2025-06-29,4,117,99,4,1736.67,0.0,0,0
2025-06-29,5,85,68,2,639.73,0.0,0,0
2025-06-29,6,0,0,11,8628.62,0.0,0,0
2025-06-29,7,147,122,2,652.94,0.0,0,0
2025-06-30,1,379,319,6,7904.11,0.0,0,0
2025-06-30,2,294,229,8,4403.6,130.26,1619,68
2025-06-30,3,19,16,0,0.0,168.28,27727,305
2025-06-30,4,155,123,5,3217.38,0.0,0,0
2025-06-30,5,150,125,4,2829.69,0.0,0,0
2025-06-30,6,0,0,5,2265.98,0.0,0,0
2025-06-30,7,22,18,0,0.0,0.0,0,0
2025-07-01,1,412,337,7,6773.07,0.0,0,0
2025-07-01,2,186,151,4,2728.97,212.19,2642,111
2025-07-01,3,592,477,5,3545.47,272.78,45000,495
2025-07-01,4,152,125,6,3642.43,0.0,0,0
2025-07-01,5,117,96,3,2873.91,0.0,0,0
2025-07-01,6,0,0,13,5488.86,0.0,0,0
2025-07-01,7,80,66,1,960.96,0.0,0,0
2025-07-02,1,506,432,11,9328.24,0.0,0,0
2025-07-02,2,282,227,8,3592.96,78.97,976,41
2025-07-02,3,292,240,2,2400.3,217.29,35909,395
2025-07-02,4,36,30,0,0.0,0.0,0,0
2025-07-02,5,109,85,3,1128.0,0.0,0,0
2025-07-02,6,0,0,8,6315.88,0.0,0,0
2025-07-02,7,122,104,2,872.97,0.0,0,0
2025-07-03,1,280,218,4,2276.81,0.0,0,0
2025-07-03,2,185,157,5,2700.75,180.41,2238,94
2025-07-03,3,19,15,0,0.0,317.52,52454,577
2025-07-03,4,139,112,5,4030.3,0.0,0,0
2025-07-03,5,121,98,3,2116.24,0.0,0,0
2025-07-03,6,0,0,12,5772.55,0.0,0,0
2025-07-03,7,123,99,2,971.42,0.0,0,0
2025-07-04,1,433,371,8,6305.89,0.0,0,0
2025-07-04,2,200,167,4,2433.22,162.36,2023,85
2025-07-04,3,593,497,4,3325.14,219.56,36272,399
2025-07-04,4,122,102,4,2553.03,0.0,0,0
2025-07-04,5,89,72,2,1216.2,0.0,0,0
2025-07-04,6,0,0,5,2662.86,0.0,0,0
2025-07-04,7,81,67,1,333.3,0.0,0,0
2025-07-05,1,316,264,5,2265.22,0.0,0,0
2025-07-05,2,323,271,7,4943.36,174.67,2166,91
2025-07-05,3,252,204,2,557.73,280.84,46363,510
2025-07-05,4,80,65,2,1008.52,0.0,0,0
2025-07-05,5,54,45,1,331.67,0.0,0,0
2025-07-05,6,0,0,9,5172.02,0.0,0,0
2025-07-05,7,22,18,0,0.0,0.0,0,0
2025-07-06,1,442,369,8,6113.06,0.0,0,0
2025-07-06,2,219,176,5,2777.15,214.17,2666,112
2025-07-06,3,140,112,1,1178.12,231.51,38181,420
2025-07-06,4,78,65,2,2068.3,0.0,0,0
2025-07-06,5,57,46,1,538.56,0.0,0,0
2025-07-06,6,0,0,12,9140.72,0.0,0,0
2025-07-06,7,169,137,3,3530.92,0.0,0,0
2025-07-07,1,285,238,5,2298.67,0.0,0,0
2025-07-07,2,344,295,9,4964.39,159.06,1976,83
2025-07-07,3,19,16,0,0.0,223.16,36818,405
2025-07-07,4,96,79,3,2005.36,0.0,0,0
2025-07-07,5,28,24,0,0.0,0.0,0,0
2025-07-07,6,0,0,13,9634.18,0.0,0,0
2025-07-07,7,22,17,0,0.0,0.0,0,0
2025-07-08,1,424,353,7,5792.93,0.0,0,0
2025-07-08,2,200,160,5,5238.25,160.08,1999,84
2025-07-08,3,411,332,3,1968.15,223.33,36909,406
2025-07-08,4,130,101,5,2566.73,0.0,0,0
2025-07-08,5,59,49,1,957.63,0.0,0,0
2025-07-08,6,0,0,6,3225.35,0.0,0,0
2025-07-08,7,91,75,1,353.97,0.0,0,0
2025-07-09,1,278,219,5,5593.8,0.0,0,0
2025-07-09,2,164,136,3,3202.12,157.44,1952,82
2025-07-09,3,291,233,2,618.23,170.34,28090,309
2025-07-09,4,55,45,1,1284.68,0.0,0,0
2025-07-09,5,73,57,2,1625.31,0.0,0,0
2025-07-09,6,0,0,11,6811.03,0.0,0,0
2025-07-09,7,144,122,2,895.86,0.0,0,0
2025-07-10,1,613,518,13,8311.93,0.0,0,0
2025-07-10,2,161,134,3,2328.43,176.08,2190,92
2025-07-10,3,285,232,2,1993.26,223.49,36909,406
2025-07-10,4,130,111,4,4664.21,0.0,0,0
2025-07-10,5,77,65,2,1601.47,0.0,0,0
2025-07-10,6,0,0,13,7442.48,0.0,0,0
2025-07-10,7,73,60,1,328.78,0.0,0,0
2025-07-11,1,357,304,6,5582.28,0.0,0,0
2025-07-11,2,288,238,7,4236.22,177.74,2214,93
2025-07-11,3,252,211,2,560.36,230.89,38090,419
2025-07-11,4,76,63,2,1422.79,0.0,0,0
2025-07-11,5,240,202,7,5108.89,0.0,0,0
2025-07-11,6,0,0,10,7438.19,0.0,0,0
2025-07-11,7,23,19,0,0.0,0.0,0,0
2025-07-12,1,304,253,5,4701.41,0.0,0,0
2025-07-12,2,272,213,7,6032.2,187.63,2333,98
2025-07-12,3,386,326,3,2794.93,183.83,30363,334
2025-07-12,4,80,67,2,572.01,0.0,0,0
2025-07-12,5,28,21,0,0.0,0.0,0,0
2025-07-12,6,0,0,11,6413.98,0.0,0,0
2025-07-12,7,119,101,2,2113.2,0.0,0,0
2025-07-13,1,490,392,10,7955.47,0.0,0,0
2025-07-13,2,107,84,2,1134.94,176.33,2190,92
2025-07-13,3,19,16,0,0.0,205.81,34000,374
2025-07-13,4,95,81,3,1554.36,0.0,0,0
2025-07-13,5,132,109,4,3103.2,0.0,0,0
2025-07-13,6,0,0,7,5655.28,0.0,0,0
2025-07-13,7,82,67,1,545.1,0.0,0,0
2025-07-14,1,544,463,10,8341.09,0.0,0,0
2025-07-14,2,148,122,3,2406.43,209.43,2619,110
2025-07-14,3,254,213,2,1782.68,246.29,40636,447
2025-07-14,4,58,48,1,546.7,0.0,0,0
2025-07-14,5,78,64,2,625.8,0.0,0,0
2025-07-14,6,0,0,10,5832.98,0.0,0,0
2025-07-14,7,83,66,1,353.34,0.0,0,0
2025-07-15,1,224,175,3,1271.4,0.0,0,0
2025-07-15,2,178,145,4,2983.05,174.92,2190,92
2025-07-15,3,261,209,2,1163.8,258.02,42636,469
2025-07-15,4,110,87,3,2327.2,0.0,0,0
2025-07-15,5,103,81,3,3003.45,0.0,0,0
2025-07-15,6,0,0,5,1874.11,0.0,0,0
2025-07-15,7,126,102,2,1752.48,0.0,0,0
2025-07-16,1,287,242,5,2374.37,0.0,0,0
2025-07-16,2,115,95,2,3120.45,235.37,2928,123
2025-07-16,3,19,15,0,0.0,166.69,27545,303
2025-07-16,4,93,77,3,924.68,0.0,0,0
2025-07-16,5,28,23,0,0.0,0.0,0,0
2025-07-16,6,0,0,8,5211.74,0.0,0,0
2025-07-16,7,80,67,1,351.64,0.0,0,0
2025-07-17,1,187,147,2,1794.67,0.0,0,0
2025-07-17,2,249,212,7,6445.75,168.68,2095,88
2025-07-17,3,19,15,0,0.0,170.8,28181,310
2025-07-17,4,83,68,2,1513.31,0.0,0,0
2025-07-17,5,84,66,2,1343.08,0.0,0,0
2025-07-17,6,0,0,8,5978.56,0.0,0,0
2025-07-17,7,76,64,1,524.22,0.0,0,0
2025-07-18,1,324,275,6,5275.62,0.0,0,0
2025-07-18,2,225,181,6,4782.41,180.81,2261,95
2025-07-18,3,619,485,5,5024.46,245.97,40636,447
2025-07-18,4,99,82,3,2205.6,0.0,0,0
2025-07-18,5,28,22,0,0.0,0.0,0,0
2025-07-18,6,0,0,7,5931.13,0.0,0,0
2025-07-18,7,23,18,0,0.0,0.0,0,0
2025-07-19,1,369,310,6,3488.49,0.0,0,0
2025-07-19,2,178,150,4,2096.28,136.61,1690,71
2025-07-19,3,411,351,3,3346.15,264.93,43727,481
2025-07-19,4,92,73,3,2255.97,0.0,0,0
2025-07-19,5,85,66,2,2377.02,0.0,0,0
2025-07-19,6,0,0,6,4442.17,0.0,0,0
2025-07-19,7,189,154,3,4141.71,0.0,0,0
2025-07-20,1,444,356,8,6619.27,0.0,0,0
2025-07-20,2,218,182,5,3462.79,145.89,1809,76
2025-07-20,3,19,15,0,0.0,259.43,42818,471
2025-07-20,4,97,79,3,1645.44,0.0,0,0
2025-07-20,5,120,100,3,1666.89,0.0,0,0
2025-07-20,6,0,0,8,8175.26,0.0,0,0
2025-07-20,7,142,116,2,1108.49,0.0,0,0
2025-07-21,1,447,353,9,4418.57,0.0,0,0
2025-07-21,2,262,205,7,5348.63,156.18,1952,82
2025-07-21,3,152,126,1,715.7,190.21,31363,345
2025-07-21,4,70,55,2,2621.56,0.0,0,0
2025-07-21,5,57,48,1,315.53,0.0,0,0
2025-07-21,6,0,0,12,9164.96,0.0,0,0
2025-07-21,7,145,118,2,1070.97,0.0,0,0
2025-07-22,1,601,513,12,5822.27,0.0,0,0
2025-07-22,2,187,151,4,1638.75,118.78,1476,62
2025-07-22,3,512,405,4,2538.05,239.6,39545,435
2025-07-22,4,57,45,1,557.84,0.0,0,0
2025-07-22,5,153,128,4,2176.58,0.0,0,0
2025-07-22,6,0,0,12,6617.46,0.0,0,0
2025-07-22,7,131,109,2,952.79,0.0,0,0
2025-07-23,1,295,252,5,2904.66,0.0,0,0
2025-07-23,2,86,70,1,301.49,196.04,2452,103
2025-07-23,3,329,263,2,1422.92,235.32,38818,427
2025-07-23,4,136,114,5,5341.4,0.0,0,0
2025-07-23,5,84,65,2,668.21,0.0,0,0
2025-07-23,6,0,0,7,5091.04,0.0,0,0
2025-07-23,7,74,61,1,615.04,0.0,0,0
2025-07-24,1,532,457,9,6536.32,0.0,0,0
2025-07-24,2,187,158,4,2748.42,183.04,2285,96
2025-07-24,3,144,120,1,515.26,246.73,40727,448
2025-07-24,4,74,58,2,1677.42,0.0,0,0
2025-07-24,5,84,69,2,1613.65,0.0,0,0
2025-07-24,6,0,0,12,12419.13,0.0,0,0
2025-07-24,7,226,177,4,3017.59,0.0,0,0
2025-07-25,1,272,217,4,2159.86,0.0,0,0
2025-07-25,2,216,175,6,6572.72,110.1,1357,57
2025-07-25,3,144,118,1,585.56,287.21,47454,522
2025-07-25,4,57,48,1,1017.45,0.0,0,0
2025-07-25,5,57,46,1,360.54,0.0,0,0
2025-07-25,6,0,0,13,9279.84,0.0,0,0
2025-07-25,7,265,218,4,1448.61,0.0,0,0
2025-07-26,1,471,396,9,5791.43,0.0,0,0
2025-07-26,2,223,186,5,3475.04,167.6,2095,88
2025-07-26,3,19,16,0,0.0,182.37,30090,331
2025-07-26,4,82,68,2,1234.3,0.0,0,0
2025-07-26,5,115,91,3,1967.89,0.0,0,0
2025-07-26,6,0,0,6,4455.1,0.0,0,0
2025-07-26,7,23,18,0,0.0,0.0,0,0
2025-07-27,1,515,434,9,6939.11,0.0,0,0
2025-07-27,2,248,210,6,4039.45,144.57,1809,76
2025-07-27,3,247,196,2,577.44,275.69,45545,501
2025-07-27,4,127,101,4,2680.42,0.0,0,0
2025-07-27,5,92,77,2,1235.92,0.0,0,0
2025-07-27,6,0,0,8,9297.14,0.0,0,0
2025-07-27,7,23,17,0,0.0,0.0,0,0
2025-07-28,1,378,324,7,7459.04,0.0,0,0
2025-07-28,2,115,93,2,973.34,174.89,2190,92
2025-07-28,3,150,117,1,286.78,253.36,41818,460
2025-07-28,4,125,102,4,3473.78,0.0,0,0
2025-07-28,5,84,68,2,1666.59,0.0,0,0
2025-07-28,6,0,0,7,4897.09,0.0,0,0
2025-07-28,7,23,18,0,0.0,0.0,0,0
2025-07-29,1,315,257,5,2952.21,0.0,0,0
2025-07-29,2,246,198,6,3619.78,182.64,2285,96
2025-07-29,3,142,114,1,1176.32,234.05,38636,425
2025-07-29,4,58,48,1,273.1,0.0,0,0
2025-07-29,5,116,93,3,1829.99,0.0,0,0
2025-07-29,6,0,0,6,5589.14,0.0,0,0
2025-07-29,7,147,125,2,665.03,0.0,0,0
2025-07-30,1,275,218,4,2878.58,0.0,0,0
2025-07-30,2,184,153,4,5474.06,181.11,2261,95
2025-07-30,3,157,125,1,1359.8,291.48,48090,529
2025-07-30,4,77,60,2,3125.93,0.0,0,0
2025-07-30,5,90,74,2,1663.02,0.0,0,0
2025-07-30,6,0,0,7,3458.08,0.0,0,0
2025-07-30,7,138,108,2,2256.98,0.0,0,0
2025-07-31,1,257,215,4,3908.06,0.0,0,0
2025-07-31,2,225,181,5,4022.45,144.48,1809,76
2025-07-31,3,259,204,2,1500.59,215.22,35545,391
2025-07-31,4,120,95,4,4124.3,0.0,0,0
2025-07-31,5,83,65,2,2078.4,0.0,0,0
2025-07-31,6,0,0,11,8906.91,0.0,0,0
2025-07-31,7,127,105,2,1704.85,0.0,0,0
2025-08-01,1,448,382,7,6244.61,0.0,0,0
2025-08-01,2,265,226,6,5392.59,192.21,2404,101
2025-08-01,3,141,113,1,291.14,236.76,39090,430
2025-08-01,4,104,87,3,3972.66,0.0,0,0
2025-08-01,5,53,45,1,299.73,0.0,0,0
2025-08-01,6,0,0,5,3606.32,0.0,0,0
2025-08-01,7,23,19,0,0.0,0.0,0,0
2025-08-02,1,298,250,4,4389.99,0.0,0,0
2025-08-02,2,149,120,3,3111.73,161.82,2023,85
2025-08-02,3,19,16,0,0.0,285.35,47090,518
2025-08-02,4,100,81,3,2761.77,0.0,0,0
2025-08-02,5,55,42,1,280.38,0.0,0,0
2025-08-02,6,0,0,5,3822.63,0.0,0,0
2025-08-02,7,137,117,2,1425.8,0.0,0,0
2025-08-03,1,389,312,7,7567.58,0.0,0,0
2025-08-03,2,243,195,6,5603.51,151.07,1880,79
2025-08-03,3,260,210,2,893.81,200.4,33090,364
2025-08-03,4,81,69,2,2932.34,0.0,0,0
2025-08-03,5,185,146,6,5586.18,0.0,0,0
2025-08-03,6,0,0,7,4068.29,0.0,0,0
2025-08-03,7,76,61,1,288.32,0.0,0,0
2025-08-04,1,415,332,8,7283.11,0.0,0,0
2025-08-04,2,205,166,5,1925.66,171.07,2142,90
2025-08-04,3,385,309,3,899.35,194.99,32181,354
2025-08-04,4,166,133,7,3883.9,0.0,0,0
2025-08-04,5,54,43,1,322.37,0.0,0,0
2025-08-04,6,0,0,10,6397.93,0.0,0,0
2025-08-04,7,68,55,1,292.88,0.0,0,0
2025-08-05,1,292,242,5,3287.09,0.0,0,0
2025-08-05,2,299,238,8,3983.42,153.27,1904,80
2025-08-05,3,367,287,3,3435.07,201.56,33272,366
2025-08-05,4,91,73,3,1358.42,0.0,0,0
2025-08-05,5,28,22,0,0.0,0.0,0,0
2025-08-05,6,0,0,11,7407.86,0.0,0,0
2025-08-05,7,84,67,1,369.08,0.0,0,0
2025-08-06,1,421,360,7,6081.44,0.0,0,0
2025-08-06,2,233,197,6,3274.9,153.57,1904,80
2025-08-06,3,155,132,1,655.06,246.01,40636,447
2025-08-06,4,99,79,3,2888.52,0.0,0,0
2025-08-06,5,84,69,2,1111.29,0.0,0,0
2025-08-06,6,0,0,3,2594.94,0.0,0,0
2025-08-06,7,80,67,1,1137.48,0.0,0,0
2025-08-07,1,458,358,9,10744.11,0.0,0,0
2025-08-07,2,146,122,3,2225.22,171.64,2142,90
2025-08-07,3,19,15,0,0.0,217.52,35909,395
2025-08-07,4,57,47,1,709.76,0.0,0,0
2025-08-07,5,28,23,0,0.0,0.0,0,0
2025-08-07,6,0,0,8,8562.98,0.0,0,0
2025-08-07,7,78,66,1,323.35,0.0,0,0
2025-08-08,1,320,250,5,2587.8,0.0,0,0
2025-08-08,2,186,152,4,1611.31,180.17,2238,94
2025-08-08,3,145,113,1,316.41,171.49,28272,311
2025-08-08,4,58,46,1,240.02,0.0,0,0
2025-08-08,5,62,52,1,308.41,0.0,0,0
2025-08-08,6,0,0,5,3361.75,0.0,0,0
2025-08-08,7,146,121,2,949.74,0.0,0,0
2025-08-09,1,324,269,5,3484.94,0.0,0,0
2025-08-09,2,159,126,3,1749.13,228.2,2857,120
2025-08-09,3,19,16,0,0.0,141.97,23454,258
2025-08-09,4,58,47,1,351.17,0.0,0,0
2025-08-09,5,80,63,2,817.36,0.0,0,0
2025-08-09,6,0,0,12,6007.95,0.0,0,0
2025-08-09,7,23,18,0,0.0,0.0,0,0
2025-08-10,1,443,362,8,4044.93,0.0,0,0
2025-08-10,2,90,75,1,621.42,178.77,2238,94
2025-08-10,3,152,127,1,253.63,250.93,41454,456
2025-08-10,4,37,30,0,0.0,0.0,0,0
2025-08-10,5,84,66,2,942.05,0.0,0,0
2025-08-10,6,0,0,10,7243.85,0.0,0,0
2025-08-10,7,23,18,0,0.0,0.0,0,0
2025-08-11,1,408,340,8,5066.61,0.0,0,0
2025-08-11,2,226,176,6,4011.55,0.0,0,0
2025-08-11,3,714,563,5,4074.06,197.03,32545,358
2025-08-11,4,138,116,5,3496.57,0.0,0,0
2025-08-11,5,115,96,3,2089.25,0.0,0,0
2025-08-11,6,0,0,9,6384.72,0.0,0,0
2025-08-11,7,23,19,0,0.0,0.0,0,0
2025-08-12,1,324,260,5,2810.2,0.0,0,0
2025-08-12,2,244,205,6,3383.36,0.0,0,0
2025-08-12,3,19,15,0,0.0,291.25,48090,529
2025-08-12,4,80,66,2,1239.57,0.0,0,0
2025-08-12,5,81,69,2,634.19,0.0,0,0
2025-08-12,6,0,0,12,7591.45,0.0,0,0
2025-08-12,7,85,68,1,2438.38,0.0,0,0
2025-08-13,1,222,176,3,2556.15,0.0,0,0
2025-08-13,2,128,103,2,604.18,0.0,0,0
2025-08-13,3,19,15,0,0.0,215.14,35545,391
2025-08-13,4,55,44,1,318.97,0.0,0,0
2025-08-13,5,110,88,3,1143.15,0.0,0,0
2025-08-13,6,0,0,8,6331.76,0.0,0,0
2025-08-13,7,180,143,3,1454.96,0.0,0,0
2025-08-14,1,328,267,5,3731.36,0.0,0,0
2025-08-14,2,215,175,5,3555.31,0.0,0,0
2025-08-14,3,19,15,0,0.0,212.75,35090,386
2025-08-14,4,37,30,0,0.0,0.0,0,0
2025-08-14,5,28,23,0,0.0,0.0,0,0
2025-08-14,6,0,0,5,4334.77,0.0,0,0
2025-08-14,7,194,156,3,2816.14,0.0,0,0
2025-08-15,1,421,344,6,4016.18,0.0,0,0
2025-08-15,2,150,118,3,1647.69,0.0,0,0
2025-08-15,3,149,116,1,342.38,184.11,30363,334
2025-08-15,4,77,66,2,1239.11,0.0,0,0
2025-08-15,5,28,22,0,0.0,0.0,0,0
2025-08-15,6,0,0,9,5627.61,0.0,0,0
2025-08-15,7,135,112,2,1031.17,0.0,0,0
2025-08-16,1,389,326,7,6043.91,0.0,0,0
2025-08-16,2,367,306,10,6070.7,0.0,0,0
2025-08-16,3,144,115,1,1920.17,207.82,34272,377
2025-08-16,4,166,136,6,2714.89,0.0,0,0
2025-08-16,5,85,72,2,1310.02,0.0,0,0
2025-08-16,6,0,0,4,2312.71,0.0,0,0
2025-08-16,7,130,108,2,928.58,0.0,0,0
2025-08-17,1,322,252,5,3600.84,0.0,0,0
2025-08-17,2,112,90,2,896.05,0.0,0,0
2025-08-17,3,128,109,1,778.53,249.8,41272,454
2025-08-17,4,174,137,7,5369.79,0.0,0,0
2025-08-17,5,28,22,0,0.0,0.0,0,0
2025-08-17,6,0,0,4,2124.21,0.0,0,0
2025-08-17,7,264,222,4,2508.31,0.0,0,0
2025-08-18,1,447,362,9,6267.75,0.0,0,0
2025-08-18,2,165,140,3,1622.58,0.0,0,0
2025-08-18,3,422,341,3,2179.01,0.0,0,0
2025-08-18,4,136,113,5,2860.84,0.0,1475,354
2025-08-18,5,116,95,3,2048.36,0.0,0,0
2025-08-18,6,0,0,12,7608.63,0.0,0,0
2025-08-18,7,88,75,1,391.35,0.0,0,0
2025-08-19,1,533,417,10,6409.22,0.0,0,0
2025-08-19,2,147,118,3,2008.77,0.0,0,0
2025-08-19,3,282,240,2,617.82,0.0,0,0
2025-08-19,4,75,61,2,919.83,0.0,1391,334
2025-08-19,5,58,49,1,1076.67,0.0,0,0
2025-08-19,6,0,0,12,8927.05,0.0,0,0
2025-08-19,7,23,19,0,0.0,0.0,0,0
2025-08-20,1,571,476,11,7385.78,0.0,0,0
2025-08-20,2,149,124,3,1488.33,0.0,0,0
2025-08-20,3,165,133,1,274.28,0.0,0,0
2025-08-20,4,125,97,4,3403.04,0.0,1254,301
2025-08-20,5,55,44,1,1656.9,0.0,0,0
2025-08-20,6,0,0,7,3117.66,0.0,0,0
2025-08-20,7,275,218,4,3732.2,0.0,0,0
2025-08-21,1,401,318,7,4379.32,0.0,0,0
2025-08-21,2,258,211,7,3558.34,0.0,0,0
2025-08-21,3,141,116,1,1095.12,0.0,0,0
2025-08-21,4,79,64,2,1390.9,0.0,1325,318
2025-08-21,5,53,42,1,315.97,0.0,0,0
2025-08-21,6,0,0,11,5594.98,0.0,0,0
2025-08-21,7,85,66,1,1369.95,0.0,0,0
2025-08-22,1,196,159,2,2551.6,0.0,0,0
2025-08-22,2,175,148,4,3560.54,0.0,0,0
2025-08-22,3,275,235,2,4435.2,0.0,0,0
2025-08-22,4,56,48,1,1522.68,0.0,1454,349
2025-08-22,5,89,76,2,948.55,0.0,0,0
2025-08-22,6,0,0,9,4586.59,0.0,0,0
2025-08-22,7,199,158,3,2256.78,0.0,0,0
2025-08-23,1,396,315,7,5479.04,0.0,0,0
2025-08-23,2,216,177,5,5103.08,0.0,0,0
2025-08-23,3,308,260,2,2329.0,0.0,0,0
2025-08-23,4,81,67,2,3050.5,0.0,1458,350
2025-08-23,5,86,67,2,1805.06,0.0,0,0
2025-08-23,6,0,0,6,3552.67,0.0,0,0
2025-08-23,7,196,162,3,1698.95,0.0,0,0
2025-08-24,1,255,206,4,3210.11,0.0,0,0
2025-08-24,2,167,140,4,2290.71,0.0,0,0
2025-08-24,3,278,218,2,924.68,0.0,0,0
2025-08-24,4,98,79,3,1316.07,0.0,1462,351
2025-08-24,5,28,23,0,0.0,0.0,0,0
2025-08-24,6,0,0,7,6273.78,0.0,0,0
2025-08-24,7,73,62,1,300.97,0.0,0,0
2025-08-25,1,482,378,9,5017.47,0.0,0,0
2025-08-25,2,87,72,1,309.38,0.0,0,0
2025-08-25,3,141,120,1,1474.68,0.0,0,0
2025-08-25,4,97,81,3,2324.36,0.0,1491,358
2025-08-25,5,28,22,0,0.0,0.0,0,0
2025-08-25,6,0,0,8,5167.48,0.0,0,0
2025-08-25,7,157,128,3,2297.68,0.0,0,0
2025-08-26,1,446,361,8,5508.48,0.0,0,0
2025-08-26,2,123,99,2,1175.04,0.0,0,0
2025-08-26,3,275,234,2,2042.34,0.0,0,0
2025-08-26,4,78,64,2,1677.18,0.0,1116,268
2025-08-26,5,122,103,3,1976.13,0.0,0,0
2025-08-26,6,0,0,6,4216.1,0.0,0,0
2025-08-26,7,22,17,0,0.0,0.0,0,0
2025-08-27,1,489,414,8,5061.33,0.0,0,0
2025-08-27,2,204,167,5,4237.05,0.0,0,0
2025-08-27,3,19,15,0,0.0,0.0,0,0
2025-08-27,4,134,111,5,2534.36,0.0,1416,340
2025-08-27,5,86,67,2,1691.68,0.0,0,0
2025-08-27,6,0,0,8,3902.2,0.0,0,0
2025-08-27,7,199,155,3,2539.27,0.0,0,0
2025-08-28,1,481,384,8,5086.07,0.0,0,0
2025-08-28,2,115,94,2,882.57,0.0,0,0
2025-08-28,3,151,120,1,1461.4,0.0,0,0
2025-08-28,4,36,28,0,0.0,0.0,1220,293
2025-08-28,5,81,63,2,1034.59,0.0,0,0
2025-08-28,6,0,0,19,13783.4,0.0,0,0
2025-08-28,7,22,18,0,0.0,0.0,0,0
2025-08-29,1,535,429,10,6031.98,0.0,0,0
2025-08-29,2,118,100,2,1440.99,0.0,0,0
2025-08-29,3,19,14,0,0.0,0.0,0,0
2025-08-29,4,113,93,4,2265.15,0.0,1900,456
2025-08-29,5,105,86,3,4328.62,0.0,0,0
2025-08-29,6,0,0,6,3107.68,0.0,0,0
2025-08-29,7,22,17,0,0.0,0.0,0,0
2025-08-30,1,358,300,7,5586.9,0.0,0,0
2025-08-30,2,215,175,5,1592.41,0.0,0,0
2025-08-30,3,19,15,0,0.0,0.0,0,0
2025-08-30,4,83,66,2,1702.59,0.0,1316,316
2025-08-30,5,139,109,4,3265.35,0.0,0,0
2025-08-30,6,0,0,6,3123.54,0.0,0,0
2025-08-30,7,142,115,2,543.12,0.0,0,0
2025-08-31,1,320,258,5,4050.23,0.0,0,0
2025-08-31,2,121,94,2,645.12,0.0,0,0
2025-08-31,3,19,15,0,0.0,0.0,0,0
2025-08-31,4,79,66,2,2497.73,0.0,1279,307
2025-08-31,5,78,63,2,832.1,0.0,0,0
2025-08-31,6,0,0,12,7450.17,0.0,0,0
2025-08-31,7,22,17,0,0.0,0.0,0,0
2025-09-01,1,336,285,6,4070.56,0.0,0,0
2025-09-01,2,146,124,3,1940.12,0.0,0,0
2025-09-01,3,145,113,1,569.92,0.0,0,0
2025-09-01,4,83,70,2,1531.65,0.0,0,0
2025-09-01,5,127,103,4,3194.97,0.0,0,0
2025-09-01,6,0,0,4,2760.44,0.0,0,0
2025-09-01,7,80,62,1,1273.88,0.0,0,0
2025-09-02,1,350,297,6,4587.46,0.0,0,0
2025-09-02,2,174,141,4,2688.0,0.0,0,0
2025-09-02,3,144,122,1,1192.4,0.0,0,0
2025-09-02,4,101,82,3,2295.18,0.0,0,0
2025-09-02,5,115,93,3,1584.03,0.0,0,0
2025-09-02,6,0,0,6,3516.22,0.0,0,0
2025-09-02,7,76,59,1,929.64,0.0,0,0
2025-09-03,1,556,437,11,6603.8,0.0,0,0
2025-09-03,2,153,119,3,2067.55,0.0,0,0
2025-09-03,3,18,14,0,0.0,0.0,0,0
2025-09-03,4,80,65,2,626.95,0.0,0,0
2025-09-03,5,105,87,3,1490.46,0.0,0,0
2025-09-03,6,0,0,7,6533.49,0.0,0,0
2025-09-03,7,274,228,4,3341.89,0.0,0,0
2025-09-04,1,304,243,5,3242.29,0.0,0,0
2025-09-04,2,252,207,6,2652.13,0.0,0,0
2025-09-04,3,132,103,1,273.49,0.0,0,0
2025-09-04,4,98,79,3,1688.38,0.0,0,0
2025-09-04,5,113,92,3,1195.9,0.0,0,0
2025-09-04,6,0,0,10,5697.19,0.0,0,0
2025-09-04,7,259,214,4,1522.56,0.0,0,0
2025-09-05,1,325,278,5,3851.4,0.0,0,0
2025-09-05,2,351,284,10,5415.17,0.0,0,0
2025-09-05,3,18,14,0,0.0,0.0,0,0
2025-09-05,4,36,29,0,0.0,0.0,0,0
2025-09-05,5,57,47,1,281.07,0.0,0,0
2025-09-05,6,0,0,9,4571.38,0.0,0,0
2025-09-05,7,145,119,2,1339.12,0.0,0,0
2025-09-06,1,571,483,12,9958.92,0.0,0,0
2025-09-06,2,251,209,6,4783.75,0.0,0,0
2025-09-06,3,314,267,2,863.97,0.0,0,0
2025-09-06,4,120,96,4,2495.78,0.0,0,0
2025-09-06,5,27,21,0,0.0,0.0,0,0
2025-09-06,6,0,0,8,4240.14,0.0,0,0
2025-09-06,7,137,112,2,1668.23,0.0,0,0
2025-09-07,1,424,351,7,6729.53,0.0,0,0
2025-09-07,2,182,142,4,2376.08,0.0,0,0
2025-09-07,3,154,127,1,528.1,0.0,0,0
2025-09-07,4,58,46,1,247.82,0.0,0,0
2025-09-07,5,55,44,1,1253.95,0.0,0,0
2025-09-07,6,0,0,12,8221.05,0.0,0,0
2025-09-07,7,22,17,0,0.0,0.0,0,0
2025-09-08,1,301,254,5,1413.14,0.0,0,0
2025-09-08,2,111,90,2,3346.08,324.8,4047,170
2025-09-08,3,155,127,1,248.32,0.0,0,0
2025-09-08,4,120,95,4,3031.51,0.0,0,0
2025-09-08,5,119,101,3,1217.28,0.0,0,0
2025-09-08,6,0,0,3,2581.48,0.0,0,0
2025-09-08,7,22,18,0,0.0,0.0,0,0
2025-09-09,1,246,208,3,1694.61,0.0,0,0
2025-09-09,2,118,96,2,1869.52,276.62,3452,145
2025-09-09,3,18,15,0,0.0,0.0,0,0
2025-09-09,4,97,76,3,2031.15,0.0,0,0
2025-09-09,5,27,22,0,0.0,0.0,0,0
2025-09-09,6,0,0,12,7937.33,0.0,0,0
2025-09-09,7,22,17,0,0.0,0.0,0,0
2025-09-10,1,334,271,6,5356.37,0.0,0,0
2025-09-10,2,157,131,3,5245.21,347.24,4333,182
2025-09-10,3,234,184,2,1179.48,0.0,0,0
2025-09-10,4,113,93,4,2298.22,0.0,0,0
2025-09-10,5,81,64,2,854.66,0.0,0,0
2025-09-10,6,0,0,12,9058.96,0.0,0,0
2025-09-10,7,348,277,6,3540.34,0.0,0,0
2025-09-11,1,510,413,9,6644.65,0.0,0,0
2025-09-11,2,117,94,2,627.2,392.41,4904,206
2025-09-11,3,131,111,1,596.68,0.0,0,0
2025-09-11,4,95,78,3,3735.13,0.0,0,0
2025-09-11,5,104,83,3,2255.01,0.0,0,0
2025-09-11,6,0,0,7,7295.13,0.0,0,0
2025-09-11,7,22,18,0,0.0,0.0,0,0
2025-09-12,1,482,406,9,6064.97,0.0,0,0
2025-09-12,2,233,186,6,3437.84,232.66,2904,122
2025-09-12,3,18,14,0,0.0,0.0,0,0
2025-09-12,4,79,62,2,1210.77,0.0,0,0
2025-09-12,5,93,72,2,1121.02,0.0,0,0
2025-09-12,6,0,0,11,6022.54,0.0,0,0
2025-09-12,7,129,103,2,635.42,0.0,0,0
2025-09-13,1,691,544,14,11264.35,0.0,0,0
2025-09-13,2,181,147,4,2067.16,284.71,3547,149
2025-09-13,3,256,215,2,1201.35,0.0,0,0
2025-09-13,4,101,86,3,1412.03,0.0,0,0
2025-09-13,5,50,42,1,245.56,0.0,0,0
2025-09-13,6,0,0,4,2401.79,0.0,0,0
2025-09-13,7,22,17,0,0.0,0.0,0,0
2025-09-14,1,603,513,12,8300.56,0.0,0,0
2025-09-14,2,207,162,5,4195.83,252.1,3142,132
2025-09-14,3,156,128,1,300.81,0.0,0,0
2025-09-14,4,119,99,4,1968.65,0.0,0,0
2025-09-14,5,145,115,4,3785.8,0.0,0,0
2025-09-14,6,0,0,5,4122.42,0.0,0,0
2025-09-14,7,76,60,1,281.27,0.0,0,0
2025-09-15,1,269,213,4,2915.96,0.0,0,0
2025-09-15,2,226,190,5,2225.44,294.87,3690,155
2025-09-15,3,138,118,1,720.81,0.0,0,0
2025-09-15,4,35,28,0,0.0,0.0,0,0
2025-09-15,5,169,142,5,2253.91,0.0,0,0
2025-09-15,6,0,0,7,2954.54,0.0,0,0
2025-09-15,7,177,147,3,2250.82,0.0,0,0
2025-09-16,1,458,385,8,6031.69,0.0,0,0
2025-09-16,2,115,90,2,1466.7,339.0,4238,178
2025-09-16,3,18,15,0,0.0,0.0,0,0
2025-09-16,4,76,62,2,790.55,0.0,0,0
2025-09-16,5,113,88,3,991.32,0.0,0,0
2025-09-16,6,0,0,11,7846.27,0.0,0,0
2025-09-16,7,79,62,1,916.53,0.0,0,0
2025-09-17,1,398,322,7,5394.76,0.0,0,0
2025-09-17,2,140,116,3,1891.04,303.15,3785,159
2025-09-17,3,146,117,1,346.03,0.0,0,0
2025-09-17,4,71,58,2,565.28,0.0,0,0
2025-09-17,5,57,44,1,1268.0,0.0,0,0
2025-09-17,6,0,0,9,4380.13,0.0,0,0
2025-09-17,7,79,67,1,292.85,0.0,0,0
2025-09-18,1,516,417,9,5973.42,0.0,0,0
2025-09-18,2,216,180,5,3525.67,199.98,2500,105
2025-09-18,3,154,129,1,1199.64,0.0,0,0
2025-09-18,4,187,152,7,4625.7,0.0,0,0
2025-09-18,5,142,121,4,3693.78,0.0,0,0
2025-09-18,6,0,0,9,5283.82,0.0,0,0
2025-09-18,7,123,102,2,1128.9,0.0,0,0
2025-09-19,1,391,306,7,5651.39,0.0,0,0
2025-09-19,2,176,138,4,2381.22,268.48,3357,141
2025-09-19,3,403,342,3,1902.14,0.0,0,0
2025-09-19,4,100,80,3,1414.53,0.0,0,0
2025-09-19,5,54,43,1,396.26,0.0,0,0
2025-09-19,6,0,0,11,10071.92,0.0,0,0
2025-09-19,7,127,105,2,1163.04,0.0,0,0
2025-09-20,1,513,415,10,6488.88,0.0,0,0
2025-09-20,2,141,120,3,1649.81,343.28,4285,180
2025-09-20,3,133,111,1,298.95,0.0,0,0
2025-09-20,4,100,80,3,1959.07,0.0,0,0
2025-09-20,5,81,67,2,1159.75,0.0,0,0
2025-09-20,6,0,0,9,2748.84,0.0,0,0
2025-09-20,7,138,116,2,1561.31,0.0,0,0
2025-09-21,1,248,201,4,1940.74,0.0,0,0
2025-09-21,2,213,168,5,2972.04,299.04,3738,157
2025-09-21,3,18,14,0,0.0,0.0,0,0
2025-09-21,4,141,114,5,2146.11,0.0,0,0
2025-09-21,5,55,44,1,270.9,0.0,0,0
2025-09-21,6,0,0,5,3199.58,0.0,0,0
2025-09-21,7,76,63,1,936.75,0.0,0,0
2025-09-22,1,536,446,9,5220.55,0.0,0,0
2025-09-22,2,179,149,4,2007.57,171.96,2142,90
2025-09-22,3,289,243,2,940.12,0.0,0,0
2025-09-22,4,96,78,3,1205.64,0.0,0,0
2025-09-22,5,76,62,2,930.71,0.0,0,0
2025-09-22,6,0,0,10,7966.93,0.0,0,0
2025-09-22,7,187,155,3,1425.46,0.0,0,0
2025-09-23,1,220,183,3,3611.54,0.0,0,0
2025-09-23,2,147,125,3,3043.5,266.97,3333,140
2025-09-23,3,158,133,1,230.82,0.0,0,0
2025-09-23,4,76,64,2,925.04,0.0,0,0
2025-09-23,5,54,46,1,491.8,0.0,0,0
2025-09-23,6,0,0,7,2398.72,0.0,0,0
2025-09-23,7,127,103,2,588.26,0.0,0,0
2025-09-24,1,435,344,8,6571.34,0.0,0,0
2025-09-24,2,265,206,7,3614.39,345.02,4309,181
2025-09-24,3,150,127,1,510.6,0.0,0,0
2025-09-24,4,159,129,6,2182.14,0.0,0,0
2025-09-24,5,26,22,0,0.0,0.0,0,0
2025-09-24,6,0,0,7,4054.59,0.0,0,0
2025-09-24,7,201,161,3,2792.08,0.0,0,0
2025-09-25,1,312,249,6,3948.42,0.0,0,0
2025-09-25,2,253,201,7,6214.28,268.96,3357,141
2025-09-25,3,139,118,1,484.84,0.0,0,0
2025-09-25,4,92,72,3,1887.82,0.0,0,0
2025-09-25,5,83,68,2,741.12,0.0,0,0
2025-09-25,6,0,0,8,3525.76,0.0,0,0
2025-09-25,7,78,62,1,249.88,0.0,0,0
2025-09-26,1,323,275,6,2862.83,0.0,0,0
2025-09-26,2,204,175,5,2954.31,335.96,4190,176
2025-09-26,3,404,333,3,1513.71,0.0,0,0
2025-09-26,4,159,129,6,2914.9,0.0,0,0
2025-09-26,5,87,69,2,2108.63,0.0,0,0
2025-09-26,6,0,0,4,2208.43,0.0,0,0
2025-09-26,7,258,214,4,5058.68,0.0,0,0
2025-09-27,1,304,260,5,5787.97,0.0,0,0
2025-09-27,2,148,123,3,672.91,248.05,3095,130
2025-09-27,3,421,358,3,1616.37,0.0,0,0
2025-09-27,4,77,61,2,624.55,0.0,0,0
2025-09-27,5,26,20,0,0.0,0.0,0,0
2025-09-27,6,0,0,11,6651.52,0.0,0,0
2025-09-27,7,146,118,2,802.04,0.0,0,0
2025-09-28,1,438,351,8,5850.48,0.0,0,0
2025-09-28,2,137,112,3,1660.06,296.21,3690,155
2025-09-28,3,148,122,1,897.33,0.0,0,0
2025-09-28,4,122,101,4,3461.58,0.0,0,0
2025-09-28,5,76,61,2,2227.04,0.0,0,0
2025-09-28,6,0,0,11,7130.1,0.0,0,0
2025-09-28,7,82,68,1,983.44,0.0,0,0
2025-09-29,1,319,257,6,3896.86,0.0,0,0
2025-09-29,2,358,280,10,4130.52,219.36,2738,115
2025-09-29,3,17,14,0,0.0,0.0,0,0
2025-09-29,4,73,60,2,465.84,0.0,0,0
2025-09-29,5,54,42,1,275.29,0.0,0,0
2025-09-29,6,0,0,7,4642.57,0.0,0,0
2025-09-29,7,20,15,0,0.0,0.0,0,0
2025-09-30,1,282,229,4,1309.13,0.0,0,0
2025-09-30,2,253,208,6,3526.05,287.25,3595,151
2025-09-30,3,153,125,1,260.4,0.0,0,0
2025-09-30,4,81,65,2,1112.46,0.0,0,0
2025-09-30,5,25,19,0,0.0,0.0,0,0
2025-09-30,6,0,0,10,6170.52,0.0,0,0
2025-09-30,7,78,66,1,335.87,0.0,0,0
2025-10-01,1,295,233,5,2334.97,0.0,0,0
2025-10-01,2,81,68,1,569.84,304.56,3809,160
2025-10-01,3,17,13,0,0.0,0.0,0,0
2025-10-01,4,90,71,3,1986.75,0.0,0,0
2025-10-01,5,54,42,1,260.1,0.0,0,0
2025-10-01,6,0,0,13,8945.88,0.0,0,0
2025-10-01,7,20,15,0,0.0,0.0,0,0
2025-10-02,1,478,390,9,8148.23,0.0,0,0
2025-10-02,2,80,66,1,534.2,233.12,2904,122
2025-10-02,3,17,13,0,0.0,0.0,0,0
2025-10-02,4,110,89,4,1214.61,0.0,0,0
2025-10-02,5,55,46,1,526.16,0.0,0,0
2025-10-02,6,0,0,7,4133.67,0.0,0,0
2025-10-02,7,20,15,0,0.0,0.0,0,0
2025-10-03,1,341,269,6,2609.85,0.0,0,0
2025-10-03,2,211,173,5,1473.0,321.68,4023,169
2025-10-03,3,140,112,1,290.39,0.0,0,0
2025-10-03,4,72,61,2,838.17,0.0,0,0
2025-10-03,5,53,44,1,244.35,0.0,0,0
2025-10-03,6,0,0,6,4210.39,0.0,0,0
2025-10-03,7,185,155,3,2687.15,0.0,0,0
2025-10-04,1,601,515,12,7987.27,0.0,0,0
2025-10-04,2,272,218,7,3833.49,236.64,2952,124
2025-10-04,3,490,404,4,3078.52,0.0,0,0
2025-10-04,4,56,44,1,526.42,0.0,0,0
2025-10-04,5,54,46,1,838.76,0.0,0,0
2025-10-04,6,0,0,9,4054.02,0.0,0,0
2025-10-04,7,299,241,5,3455.35,0.0,0,0
2025-10-05,1,454,367,8,3880.49,0.0,0,0
2025-10-05,2,209,167,5,1903.43,327.26,4095,172
2025-10-05,3,278,231,2,834.91,0.0,0,0
2025-10-05,4,54,45,1,1198.8,0.0,0,0
2025-10-05,5,129,109,4,2679.29,0.0,0,0
2025-10-05,6,0,0,9,5216.83,0.0,0,0
2025-10-05,7,20,16,0,0.0,0.0,0,0
2025-10-06,1,254,214,4,2892.36,0.0,0,0
2025-10-06,2,190,151,5,1613.19,289.34,3619,152
2025-10-06,3,16,12,0,0.0,0.0,0,0
2025-10-06,4,78,61,2,1539.96,0.0,0,0
2025-10-06,5,60,47,1,512.38,0.0,0,0
2025-10-06,6,0,0,13,8841.17,0.0,0,0
2025-10-06,7,82,70,1,227.38,0.0,0,0
2025-10-07,1,216,174,3,1472.16,0.0,0,0
2025-10-07,2,140,120,3,1385.29,315.12,3928,165
2025-10-07,3,271,224,2,1281.55,0.0,0,0
2025-10-07,4,105,82,4,2186.9,0.0,0,0
2025-10-07,5,79,64,2,1190.17,0.0,0,0
2025-10-07,6,0,0,7,4453.4,0.0,0,0
2025-10-07,7,128,107,2,726.72,0.0,0,0
2025-10-08,1,408,331,8,5613.6,0.0,0,0
2025-10-08,2,204,163,6,3323.16,214.43,2666,112
2025-10-08,3,136,109,1,561.38,0.0,0,0
2025-10-08,4,77,65,2,954.36,0.0,0,0
2025-10-08,5,53,43,1,1277.01,0.0,0,0
2025-10-08,6,0,0,10,4943.41,0.0,0,0
2025-10-08,7,187,151,4,2624.47,0.0,0,0
2025-10-09,1,368,303,8,3094.38,0.0,0,0
2025-10-09,2,190,158,5,3619.22,163.05,2023,85
2025-10-09,3,415,343,3,1919.66,0.0,0,0
2025-10-09,4,89,74,3,2395.22,0.0,0,0
2025-10-09,5,24,18,0,0.0,0.0,0,0
2025-10-09,6,0,0,8,4848.76,0.0,0,0
2025-10-09,7,19,16,0,0.0,0.0,0,0
2025-10-10,1,250,197,4,1736.72,0.0,0,0
2025-10-10,2,82,67,1,978.52,353.28,4404,185
2025-10-10,3,253,199,2,2002.32,0.0,0,0
2025-10-10,4,74,60,2,1533.42,0.0,0,0
2025-10-10,5,53,44,1,226.63,0.0,0,0
2025-10-10,6,0,0,7,6280.06,0.0,0,0
2025-10-10,7,19,15,0,0.0,0.0,0,0
2025-10-11,1,269,220,5,1983.02,0.0,0,0
2025-10-11,2,77,60,1,224.89,266.48,3333,140
2025-10-11,3,140,117,1,270.5,0.0,0,0
2025-10-11,4,55,46,1,1164.16,0.0,0,0
2025-10-11,5,49,41,1,208.69,0.0,0,0
2025-10-11,6,0,0,11,7077.84,0.0,0,0
2025-10-11,7,123,99,2,1492.2,0.0,0,0
2025-10-12,1,424,348,8,4649.13,0.0,0,0
2025-10-12,2,156,129,3,1277.05,355.38,4452,187
2025-10-12,3,245,192,2,1285.83,0.0,0,0
2025-10-12,4,51,40,1,1027.75,0.0,0,0
2025-10-12,5,82,65,2,1106.1,0.0,0,0
2025-10-12,6,0,0,9,4563.86,0.0,0,0
2025-10-12,7,80,63,1,1024.08,0.0,0,0
2025-10-13,1,523,416,11,6674.58,0.0,0,0
2025-10-13,2,133,104,3,760.36,295.63,3690,155
2025-10-13,3,130,111,1,717.48,0.0,0,0
2025-10-13,4,137,115,5,2577.5,0.0,0,0
2025-10-13,5,50,40,1,203.85,0.0,0,0
2025-10-13,6,0,0,14,8654.24,0.0,0,0
2025-10-13,7,183,153,3,1992.94,0.0,0,0
2025-10-14,1,220,184,3,1991.9,0.0,0,0
2025-10-14,2,114,91,2,885.69,266.6,3333,140
2025-10-14,3,267,211,2,627.95,0.0,0,0
2025-10-14,4,116,91,4,2136.7,0.0,0,0
2025-10-14,5,75,58,2,1122.95,0.0,0,0
2025-10-14,6,0,0,7,4858.6,0.0,0,0
2025-10-14,7,113,92,2,1466.95,0.0,0,0
2025-10-15,1,397,321,7,5152.9,0.0,0,0
2025-10-15,2,117,92,2,1441.42,407.07,5095,214
2025-10-15,3,139,114,1,637.32,0.0,0,0
2025-10-15,4,31,24,0,0.0,0.0,0,0
2025-10-15,5,74,62,2,899.04,0.0,0,0
2025-10-15,6,0,0,4,2413.28,0.0,0,0
2025-10-15,7,19,15,0,0.0,0.0,0,0
2025-10-16,1,293,245,6,3593.22,0.0,0,0
2025-10-16,2,141,120,3,1546.55,300.7,3761,158
2025-10-16,3,552,435,4,1437.3,0.0,0,0
2025-10-16,4,103,85,3,1564.16,0.0,0,0
2025-10-16,5,50,40,1,409.0,0.0,0,0
2025-10-16,6,0,0,6,2460.36,0.0,0,0
2025-10-16,7,132,107,2,2135.87,0.0,0,0
2025-10-17,1,243,190,4,2576.83,0.0,0,0
2025-10-17,2,169,138,4,2012.94,307.05,3833,161
2025-10-17,3,372,319,3,1917.01,0.0,0,0
2025-10-17,4,129,104,5,4081.33,0.0,0,0
2025-10-17,5,92,78,2,523.88,0.0,0,0
2025-10-17,6,0,0,6,1924.28,0.0,0,0
2025-10-17,7,122,95,2,974.65,0.0,0,0
2025-10-18,1,215,170,3,1363.89,0.0,0,0
2025-10-18,2,242,202,6,1617.15,207.76,2595,109
2025-10-18,3,15,12,0,0.0,0.0,0,0
2025-10-18,4,101,79,3,2877.98,0.0,0,0
2025-10-18,5,63,51,2,492.32,0.0,0,0
2025-10-18,6,0,0,7,3387.02,0.0,0,0
2025-10-18,7,72,60,1,951.32,0.0,0,0
2025-10-19,1,345,277,6,3255.71,0.0,0,0
2025-10-19,2,78,61,1,265.47,318.72,3976,167
2025-10-19,3,15,12,0,0.0,0.0,0,0
2025-10-19,4,165,135,6,2353.84,0.0,0,0
2025-10-19,5,126,99,3,2011.23,0.0,0,0
2025-10-19,6,0,0,13,6859.73,0.0,0,0
2025-10-19,7,73,60,1,233.33,0.0,0,0
2025-10-20,1,486,385,10,6017.7,0.0,0,0
2025-10-20,2,168,136,4,1853.68,267.74,3333,140
2025-10-20,3,161,134,1,1064.88,0.0,0,0
2025-10-20,4,120,101,4,1419.15,0.0,0,0
2025-10-20,5,23,18,0,0.0,0.0,0,0
2025-10-20,6,0,0,9,5245.81,0.0,0,0
2025-10-20,7,142,119,2,929.66,0.0,0,0
2025-10-21,1,426,356,8,4217.17,0.0,0,0
2025-10-21,2,111,94,2,1479.69,257.87,3214,135
2025-10-21,3,139,112,1,1136.82,0.0,0,0
2025-10-21,4,50,41,1,249.33,0.0,0,0
2025-10-21,5,127,100,4,1116.66,0.0,0,0
2025-10-21,6,0,0,5,4051.05,0.0,0,0
2025-10-21,7,18,15,0,0.0,0.0,0,0
2025-10-22,1,289,244,4,4030.34,0.0,0,0
2025-10-22,2,142,118,3,1590.15,343.73,4285,180
2025-10-22,3,267,227,2,1109.68,0.0,0,0
2025-10-22,4,50,40,1,271.43,0.0,0,0
2025-10-22,5,75,64,2,878.52,0.0,0,0
2025-10-22,6,0,0,8,4289.78,0.0,0,0
2025-10-22,7,147,125,2,2072.92,0.0,0,0
2025-10-23,1,169,144,2,1145.13,0.0,0,0
2025-10-23,2,76,63,1,277.82,286.52,3571,150
2025-10-23,3,15,12,0,0.0,0.0,0,0
2025-10-23,4,91,77,3,2957.72,0.0,0,0
2025-10-23,5,73,58,2,1497.45,0.0,0,0
2025-10-23,6,0,0,6,2230.6,0.0,0,0
2025-10-23,7,18,14,0,0.0,0.0,0,0
2025-10-24,1,245,202,4,2914.1,0.0,0,0
2025-10-24,2,125,100,3,1770.48,315.86,3952,166
2025-10-24,3,15,11,0,0.0,0.0,0,0
2025-10-24,4,96,79,3,1176.16,0.0,0,0
2025-10-24,5,22,17,0,0.0,0.0,0,0
2025-10-24,6,0,0,5,4047.01,0.0,0,0
2025-10-24,7,79,62,1,189.24,0.0,0,0
2025-10-25,1,391,323,6,3675.54,0.0,0,0
2025-10-25,2,71,56,1,234.85,378.61,4738,199
2025-10-25,3,147,121,1,312.48,0.0,0,0
2025-10-25,4,72,58,2,1006.26,0.0,0,0
2025-10-25,5,151,119,4,1577.11,0.0,0,0
2025-10-25,6,0,0,5,2458.35,0.0,0,0
2025-10-25,7,17,14,0,0.0,0.0,0,0
2025-10-26,1,195,156,3,1299.26,0.0,0,0
2025-10-26,2,71,56,1,189.55,270.52,3380,142
2025-10-26,3,14,11,0,0.0,0.0,0,0
2025-10-26,4,50,39,1,226.19,0.0,0,0
2025-10-26,5,50,40,1,190.04,0.0,0,0
2025-10-26,6,0,0,10,3749.34,0.0,0,0
2025-10-26,7,109,92,2,1128.23,0.0,0,0
2025-10-27,1,311,245,6,3287.27,0.0,0,0
2025-10-27,2,240,200,6,3158.32,312.93,3904,164
2025-10-27,3,14,11,0,0.0,0.0,0,0
2025-10-27,4,28,23,0,0.0,0.0,0,0
2025-10-27,5,50,39,1,650.28,0.0,0,0
2025-10-27,6,0,0,5,1384.85,0.0,0,0
2025-10-27,7,17,13,0,0.0,0.0,0,0
2025-10-28,1,567,483,10,5604.1,0.0,0,0
2025-10-28,2,196,155,5,1791.01,279.51,3500,147
2025-10-28,3,272,230,2,808.46,0.0,0,0
2025-10-28,4,86,68,3,776.04,0.0,0,0
2025-10-28,5,48,40,1,558.66,0.0,0,0
2025-10-28,6,0,0,6,2949.66,0.0,0,0
2025-10-28,7,72,56,1,703.36,0.0,0,0
2025-10-29,1,274,220,5,2821.98,0.0,0,0
2025-10-29,2,236,196,6,1747.32,358.51,4476,188
2025-10-29,3,296,254,2,1594.52,0.0,0,0
2025-10-29,4,112,92,4,1315.24,0.0,0,0
2025-10-29,5,76,61,2,610.8,0.0,0,0
2025-10-29,6,0,0,6,3648.84,0.0,0,0
2025-10-29,7,17,14,0,0.0,0.0,0,0
2025-10-30,1,153,119,2,448.13,0.0,0,0
2025-10-30,2,132,103,3,1432.14,319.28,3999,168
2025-10-30,3,14,11,0,0.0,0.0,0,0
2025-10-30,4,48,41,1,458.38,0.0,0,0
2025-10-30,5,46,37,1,135.49,0.0,0,0
2025-10-30,6,0,0,5,2125.45,0.0,0,0
2025-10-30,7,75,60,1,245.75,0.0,0,0
2025-10-31,1,331,283,6,3539.84,0.0,0,0
2025-10-31,2,209,171,5,1718.97,347.68,4333,182
2025-10-31,3,14,11,0,0.0,0.0,0,0
2025-10-31,4,151,123,6,2330.99,0.0,0,0
2025-10-31,5,47,40,1,256.5,0.0,0,0
2025-10-31,6,0,0,2,947.52,0.0,0,0
2025-10-31,7,142,116,2,953.95,0.0,0,0
2025-11-01,1,275,233,4,1375.97,0.0,0,0
2025-11-01,2,140,109,3,2233.12,382.02,4785,201
2025-11-01,3,399,324,3,907.39,0.0,0,0
2025-11-01,4,71,57,2,627.33,0.0,0,0
2025-11-01,5,21,17,0,0.0,0.0,0,0
2025-11-01,6,0,0,4,2193.15,0.0,0,0
2025-11-01,7,130,108,2,1434.21,0.0,0,0
2025-11-02,1,204,175,3,2254.68,0.0,0,0
2025-11-02,2,179,146,4,2812.39,239.98,3000,126
2025-11-02,3,289,245,2,439.82,0.0,0,0
2025-11-02,4,50,42,1,251.45,0.0,0,0
2025-11-02,5,100,81,3,784.94,0.0,0,0
2025-11-02,6,0,0,7,2656.88,0.0,0,0
2025-11-02,7,69,54,1,582.81,0.0,0,0
2025-11-03,1,116,97,1,568.18,0.0,0,0
2025-11-03,2,39,31,0,0.0,0.0,0,0
2025-11-03,3,152,122,1,342.16,0.0,0,0
2025-11-03,4,90,77,3,1307.95,0.0,0,0
2025-11-03,5,44,36,1,996.0,0.0,0,0
2025-11-03,6,0,0,7,3367.84,0.0,0,0
2025-11-03,7,143,114,2,775.84,0.0,0,0
2025-11-04,1,308,253,5,2135.16,0.0,0,0
2025-11-04,2,72,56,1,213.94,0.0,0,0
2025-11-04,3,13,10,0,0.0,0.0,0,0
2025-11-04,4,95,78,3,1480.94,0.0,0,0
2025-11-04,5,128,102,4,2911.8,0.0,0,0
2025-11-04,6,0,0,9,4251.27,0.0,0,0
2025-11-04,7,16,13,0,0.0,0.0,0,0
2025-11-05,1,338,271,7,3419.29,0.0,0,0
2025-11-05,2,98,82,2,460.28,0.0,0,0
2025-11-05,3,144,121,1,200.93,0.0,0,0
2025-11-05,4,69,58,2,824.66,0.0,0,0
2025-11-05,5,51,43,1,219.99,0.0,0,0
2025-11-05,6,0,0,7,3001.82,0.0,0,0
2025-11-05,7,70,60,1,732.04,0.0,0,0
2025-11-06,1,282,231,5,2122.36,0.0,0,0
2025-11-06,2,71,56,1,237.51,0.0,0,0
2025-11-06,3,218,183,2,2206.66,0.0,0,0
2025-11-06,4,47,37,1,162.89,0.0,0,0
2025-11-06,5,20,16,0,0.0,0.0,0,0
2025-11-06,6,0,0,6,3351.58,0.0,0,0
2025-11-06,7,135,106,2,1318.74,0.0,0,0
2025-11-07,1,334,271,6,3298.26,0.0,0,0
2025-11-07,2,98,83,2,1037.16,0.0,0,0
2025-11-07,3,551,463,4,2923.87,0.0,0,0
2025-11-07,4,113,91,4,2043.48,0.0,0,0
2025-11-07,5,20,16,0,0.0,0.0,0,0
2025-11-07,6,0,0,5,2905.26,0.0,0,0
2025-11-07,7,72,59,1,256.67,0.0,0,0
2025-11-08,1,152,126,2,1012.96,0.0,0,0
2025-11-08,2,98,82,2,669.73,0.0,0,0
2025-11-08,3,144,113,1,209.61,0.0,0,0
2025-11-08,4,48,38,1,648.6,0.0,0,0
2025-11-08,5,19,16,0,0.0,0.0,0,0
2025-11-08,6,0,0,6,3002.24,0.0,0,0
2025-11-08,7,65,54,1,236.47,0.0,0,0
2025-11-09,1,302,239,5,3260.37,0.0,0,0
2025-11-09,2,98,83,2,785.92,0.0,0,0
2025-11-09,3,261,216,2,815.94,0.0,0,0
2025-11-09,4,46,36,1,198.42,0.0,0,0
2025-11-09,5,46,36,1,215.52,0.0,0,0
2025-11-09,6,0,0,7,2872.66,0.0,0,0
2025-11-09,7,135,113,2,2444.46,0.0,0,0
2025-11-10,1,111,93,1,918.28,0.0,0,0
2025-11-10,2,70,55,1,821.04,0.0,0,0
2025-11-10,3,411,336,3,618.87,0.0,0,0
2025-11-10,4,91,73,3,1444.83,0.0,0,0
2025-11-10,5,47,38,1,841.16,0.0,0,0
2025-11-10,6,0,0,4,1853.8,0.0,0,0
2025-11-10,7,72,59,1,178.36,0.0,0,0
2025-11-11,1,273,214,5,2110.98,0.0,0,0
2025-11-11,2,114,93,3,591.78,0.0,0,0
2025-11-11,3,13,11,0,0.0,0.0,0,0
2025-11-11,4,71,59,2,942.03,0.0,0,0
2025-11-11,5,19,14,0,0.0,0.0,0,0
2025-11-11,6,0,0,7,2304.14,0.0,0,0
2025-11-11,7,68,57,1,477.8,0.0,0,0
2025-11-12,1,198,167,3,560.0,0.0,0,0
2025-11-12,2,102,82,2,1737.86,0.0,0,0
2025-11-12,3,139,110,1,159.49,0.0,0,0
2025-11-12,4,65,55,2,934.55,0.0,0,0
2025-11-12,5,73,61,2,1751.18,0.0,0,0
2025-11-12,6,0,0,7,3299.65,0.0,0,0
2025-11-12,7,64,52,1,1045.64,0.0,0,0
2025-11-13,1,184,152,3,719.24,0.0,0,0
2025-11-13,2,35,29,0,0.0,0.0,0,0
2025-11-13,3,269,217,2,914.63,0.0,0,0
2025-11-13,4,95,81,3,1919.65,0.0,0,0
2025-11-13,5,19,15,0,0.0,0.0,0,0
2025-11-13,6,0,0,5,1730.74,0.0,0,0
2025-11-13,7,68,54,1,249.14,0.0,0,0
2025-11-14,1,402,333,7,4276.03,0.0,0,0
2025-11-14,2,100,82,2,626.92,0.0,0,0
2025-11-14,3,141,113,1,208.16,249.92,41272,454
2025-11-14,4,41,33,1,617.04,0.0,0,0
2025-11-14,5,18,15,0,0.0,0.0,0,0
2025-11-14,6,0,0,3,2129.33,0.0,0,0
2025-11-14,7,15,12,0,0.0,0.0,0,0
2025-11-15,1,238,188,4,3176.75,0.0,0,0
2025-11-15,2,243,208,6,1833.85,0.0,0,0
2025-11-15,3,12,9,0,0.0,350.66,57909,637
2025-11-15,4,63,50,2,1053.02,0.0,0,0
2025-11-15,5,46,39,1,178.3,0.0,0,0
2025-11-15,6,0,0,6,2168.86,0.0,0,0
2025-11-15,7,80,68,1,465.58,0.0,0,0
2025-11-16,1,239,197,4,1460.29,0.0,0,0
2025-11-16,2,66,55,1,409.64,0.0,0,0
2025-11-16,3,151,121,1,1730.52,261.3,43181,475
2025-11-16,4,93,78,3,711.23,0.0,0,0
2025-11-16,5,71,57,2,1070.19,0.0,0,0
2025-11-16,6,0,0,4,1702.47,0.0,0,0
2025-11-16,7,289,226,5,2483.16,0.0,0,0
2025-11-17,1,466,369,9,3746.1,0.0,0,0
2025-11-17,2,106,84,2,622.92,0.0,0,0
2025-11-17,3,257,204,2,1221.18,206.48,34090,375
2025-11-17,4,49,41,1,487.38,0.0,0,0
2025-11-17,5,129,109,4,2301.49,0.0,0,0
2025-11-17,6,0,0,7,2856.38,0.0,0,0
2025-11-17,7,68,54,1,234.63,0.0,0,0
2025-11-18,1,243,208,4,1221.95,0.0,0,0
2025-11-18,2,64,53,1,472.95,0.0,0,0
2025-11-18,3,12,9,0,0.0,182.97,30181,332
2025-11-18,4,44,36,1,196.98,0.0,0,0
2025-11-18,5,44,35,1,230.25,0.0,0,0
2025-11-18,6,0,0,5,2718.08,0.0,0,0
2025-11-18,7,69,54,1,448.71,0.0,0,0
2025-11-19,1,380,326,7,2298.06,0.0,0,0
2025-11-19,2,174,147,5,2390.05,0.0,0,0
2025-11-19,3,12,10,0,0.0,238.34,39363,433
2025-11-19,4,45,37,1,340.18,0.0,0,0
2025-11-19,5,73,59,2,503.73,0.0,0,0
2025-11-19,6,0,0,4,1608.92,0.0,0,0
2025-11-19,7,75,62,1,929.28,0.0,0,0
2025-11-20,1,219,181,4,1925.0,0.0,0,0
2025-11-20,2,186,150,5,2736.44,0.0,0,0
2025-11-20,3,125,99,1,229.32,276.08,45545,501
2025-11-20,4,43,36,1,157.83,0.0,0,0
2025-11-20,5,17,13,0,0.0,0.0,0,0
2025-11-20,6,0,0,3,905.28,0.0,0,0
2025-11-20,7,14,11,0,0.0,0.0,0,0
2025-11-21,1,277,216,5,1811.22,0.0,0,0
2025-11-21,2,134,104,3,1695.09,0.0,0,0
2025-11-21,3,11,8,0,0.0,217.8,36000,396
2025-11-21,4,40,31,1,317.98,0.0,0,0
2025-11-21,5,44,34,1,185.14,0.0,0,0
2025-11-21,6,0,0,9,4234.92,0.0,0,0
2025-11-21,7,70,58,1,156.25,0.0,0,0
2025-11-22,1,106,89,1,197.85,0.0,0,0
2025-11-22,2,168,136,4,1410.73,0.0,0,0
2025-11-22,3,129,107,1,223.33,266.26,44000,484
2025-11-22,4,42,36,1,174.07,0.0,0,0
2025-11-22,5,73,57,2,663.83,0.0,0,0
2025-11-22,6,0,0,5,3483.68,0.0,0,0
2025-11-22,7,64,50,1,434.31,0.0,0,0
2025-11-23,1,291,242,5,3043.26,0.0,0,0
2025-11-23,2,128,104,3,952.79,0.0,0,0
2025-11-23,3,146,116,1,537.39,189.25,31272,344
2025-11-23,4,40,31,1,481.41,0.0,0,0
2025-11-23,5,17,14,0,0.0,0.0,0,0
2025-11-23,6,0,0,8,3420.83,0.0,0,0
2025-11-23,7,75,59,1,344.14,0.0,0,0
2025-11-24,1,156,129,2,582.85,0.0,0,0
2025-11-24,2,66,55,1,346.02,0.0,0,0
2025-11-24,3,11,9,0,0.0,295.25,48727,536
2025-11-24,4,65,55,2,1396.09,0.0,0,0
2025-11-24,5,41,34,1,1418.69,0.0,0,0
2025-11-24,6,0,0,7,3081.1,0.0,0,0
2025-11-24,7,13,10,0,0.0,0.0,0,0
2025-11-25,1,147,115,2,1155.72,0.0,0,0
2025-11-25,2,227,183,6,1846.15,0.0,0,0
2025-11-25,3,11,9,0,0.0,252.97,41727,459
2025-11-25,4,106,90,4,1654.53,0.0,0,0
2025-11-25,5,74,61,2,535.26,0.0,0,0
2025-11-25,6,0,0,5,1150.78,0.0,0,0
2025-11-25,7,13,11,0,0.0,0.0,0,0
2025-11-26,1,300,238,6,1451.1,0.0,0,0
2025-11-26,2,96,77,2,1055.82,0.0,0,0
2025-11-26,3,11,9,0,0.0,267.71,44181,486
2025-11-26,4,61,48,2,538.8,0.0,0,0
2025-11-26,5,44,34,1,874.68,0.0,0,0
2025-11-26,6,0,0,7,1817.03,0.0,0,0
2025-11-26,7,13,11,0,0.0,0.0,0,0
2025-11-27,1,187,156,3,674.26,0.0,0,0
2025-11-27,2,67,53,1,549.0,0.0,0,0
2025-11-27,3,143,122,1,194.92,183.4,30272,333
2025-11-27,4,63,50,2,490.93,0.0,0,0
2025-11-27,5,48,40,1,338.28,0.0,0,0
2025-11-27,6,0,0,2,1283.26,0.0,0,0
2025-11-27,7,178,140,3,2136.8,0.0,0,0
2025-11-28,1,152,122,2,741.04,0.0,0,0
2025-11-28,2,104,82,2,2251.38,0.0,0,0
2025-11-28,3,132,106,1,727.84,263.55,43545,479
2025-11-28,4,65,53,2,360.37,0.0,0,0
2025-11-28,5,42,34,1,198.11,0.0,0,0
2025-11-28,6,0,0,4,1544.84,0.0,0,0
2025-11-28,7,61,52,1,237.22,0.0,0,0
2025-11-29,1,384,312,7,2704.07,0.0,0,0
2025-11-29,2,30,23,0,0.0,0.0,0,0
2025-11-29,3,10,7,0,0.0,243.51,40181,442
2025-11-29,4,40,32,1,484.98,0.0,0,0
2025-11-29,5,16,12,0,0.0,0.0,0,0
2025-11-29,6,0,0,4,3825.12,0.0,0,0
2025-11-29,7,130,109,2,1997.21,0.0,0,0
2025-11-30,1,317,249,6,2013.94,0.0,0,0
2025-11-30,2,156,121,4,1909.79,0.0,0,0
2025-11-30,3,138,116,1,203.27,298.38,49272,542
2025-11-30,4,92,79,3,714.7,0.0,0,0
2025-11-30,5,105,84,3,1495.42,0.0,0,0
2025-11-30,6,0,0,3,1017.49,0.0,0,0
2025-11-30,7,13,10,0,0.0,0.0,0,0
2025-12-01,1,381,323,7,3034.22,0.0,0,0
2025-12-01,2,126,99,3,1120.55,0.0,0,0
2025-12-01,3,148,122,1,200.45,258.73,42727,470
2025-12-01,4,81,68,3,946.58,0.0,0,0
2025-12-01,5,16,12,0,0.0,0.0,0,0
2025-12-01,6,0,0,5,2383.28,0.0,0,0
2025-12-01,7,75,64,1,182.02,0.0,0,0
2025-12-02,1,245,200,4,958.97,0.0,0,0
2025-12-02,2,65,50,1,179.87,0.0,0,0
2025-12-02,3,131,111,1,402.18,297.12,49090,540
2025-12-02,4,60,50,2,371.28,0.0,0,0
2025-12-02,5,69,54,2,1058.93,0.0,0,0
2025-12-02,6,0,0,1,362.26,0.0,0,0
2025-12-02,7,117,98,2,402.7,0.0,0,0
2025-12-03,1,212,179,4,1672.52,0.0,0,0
2025-12-03,2,91,74,2,402.37,0.0,0,0
2025-12-03,3,10,8,0,0.0,205.78,34000,374
2025-12-03,4,64,52,2,948.67,0.0,0,0
2025-12-03,5,105,85,3,1514.79,0.0,0,0
2025-12-03,6,0,0,5,1576.69,0.0,0,0
2025-12-03,7,198,155,3,1091.53,0.0,0,0
2025-12-04,1,171,138,3,946.7,0.0,0,0
2025-12-04,2,187,152,5,1521.61,0.0,0,0
2025-12-04,3,10,8,0,0.0,232.54,38363,422
2025-12-04,4,92,77,3,2112.21,0.0,0,0
2025-12-04,5,41,32,1,205.7,0.0,0,0
2025-12-04,6,0,0,7,2322.04,0.0,0,0
2025-12-04,7,71,57,1,476.0,0.0,0,0
2025-12-05,1,192,150,3,1868.83,0.0,0,0
2025-12-05,2,63,51,1,395.44,0.0,0,0
2025-12-05,3,10,8,0,0.0,321.88,53181,585
2025-12-05,4,20,15,0,0.0,0.0,0,0
2025-12-05,5,41,33,1,298.54,0.0,0,0
2025-12-05,6,0,0,5,2785.99,0.0,0,0
2025-12-05,7,65,54,1,397.53,0.0,0,0
2025-12-06,1,125,100,2,950.39,0.0,0,0
2025-12-06,2,129,101,3,1339.51,0.0,0,0
2025-12-06,3,290,244,2,479.13,253.04,41818,460
2025-12-06,4,20,16,0,0.0,0.0,0,0
2025-12-06,5,15,12,0,0.0,0.0,0,0
2025-12-06,6,0,0,4,1772.28,0.0,0,0
2025-12-06,7,12,9,0,0.0,0.0,0,0
2025-12-07,1,238,191,4,1358.98,0.0,0,0
2025-12-07,2,60,49,1,174.06,0.0,0,0
2025-12-07,3,286,240,2,1220.89,218.21,36000,396
2025-12-07,4,42,33,1,340.92,0.0,0,0
2025-12-07,5,41,32,1,189.29,0.0,0,0
2025-12-07,6,0,0,4,1371.48,0.0,0,0
2025-12-07,7,12,10,0,0.0,0.0,0,0
2025-12-08,1,643,521,13,3704.76,0.0,0,0
2025-12-08,2,162,126,4,747.26,0.0,0,0
2025-12-08,3,255,217,2,358.4,193.12,31909,351
2025-12-08,4,19,15,0,0.0,0.0,0,0
2025-12-08,5,39,30,1,288.92,0.0,0,0
2025-12-08,6,0,0,4,1453.23,0.0,0,0
2025-12-08,7,123,97,2,575.15,0.0,0,0
2025-12-09,1,219,182,5,2511.33,0.0,0,0
2025-12-09,2,84,66,2,1038.84,0.0,0,0
2025-12-09,3,130,111,1,154.8,312.16,51545,567
2025-12-09,4,42,35,1,1284.64,0.0,0,0
2025-12-09,5,42,35,1,800.16,0.0,0,0
2025-12-09,6,0,0,11,4538.35,0.0,0,0
2025-12-09,7,133,106,2,1360.34,0.0,0,0
2025-12-10,1,279,231,6,2077.36,0.0,0,0
2025-12-10,2,187,160,5,2882.03,0.0,0,0
2025-12-10,3,9,7,0,0.0,135.43,22363,246
2025-12-10,4,42,35,1,673.84,0.0,0,0
2025-12-10,5,14,11,0,0.0,0.0,0,0
2025-12-10,6,0,0,4,1515.6,0.0,0,0
2025-12-10,7,69,59,1,698.84,0.0,0,0
2025-12-11,1,420,352,8,3541.76,0.0,0,0
2025-12-11,2,89,73,2,1231.64,0.0,0,0
2025-12-11,3,281,239,2,1037.31,219.15,36181,398
2025-12-11,4,19,15,0,0.0,0.0,0,0
2025-12-11,5,40,32,1,144.14,0.0,0,0
2025-12-11,6,0,0,6,1816.33,0.0,0,0
2025-12-11,7,11,8,0,0.0,0.0,0,0
2025-12-12,1,206,170,3,1558.19,0.0,0,0
2025-12-12,2,61,49,1,155.84,0.0,0,0
2025-12-12,3,124,102,1,206.31,238.83,39454,434
2025-12-12,4,56,46,2,464.9,0.0,0,0
2025-12-12,5,38,30,1,193.14,0.0,0,0
2025-12-12,6,0,0,2,979.38,0.0,0,0
2025-12-12,7,251,208,4,1422.28,0.0,0,0
2025-12-13,1,53,44,0,0.0,0.0,0,0
2025-12-13,2,59,47,1,176.35,0.0,0,0
2025-12-13,3,255,217,2,1003.93,229.58,37909,417
2025-12-13,4,41,34,1,417.56,0.0,0,0
2025-12-13,5,43,36,1,186.58,0.0,0,0
2025-12-13,6,0,0,2,344.65,0.0,0,0
2025-12-13,7,11,8,0,0.0,0.0,0,0
2025-12-14,1,308,259,6,2952.73,0.0,0,0
2025-12-14,2,56,44,1,339.34,0.0,0,0
2025-12-14,3,122,101,1,414.24,298.83,49363,543
2025-12-14,4,57,48,2,393.66,0.0,0,0
2025-12-14,5,71,58,2,574.83,0.0,0,0
2025-12-14,6,0,0,5,2215.94,0.0,0,0
2025-12-14,7,154,129,3,738.84,0.0,0,0
2025-12-15,1,96,75,1,320.36,0.0,0,0
2025-12-15,2,98,80,2,558.24,0.0,0,0
2025-12-15,3,124,105,1,209.96,328.42,54272,597
2025-12-15,4,39,32,1,882.05,0.0,0,0
2025-12-15,5,68,57,2,751.47,0.0,0,0
2025-12-15,6,0,0,4,1555.71,0.0,0,0
2025-12-15,7,69,57,1,802.4,0.0,0,0
2025-12-16,1,338,273,7,2371.31,0.0,0,0
2025-12-16,2,123,102,3,935.15,0.0,0,0
2025-12-16,3,9,7,0,0.0,275.4,45454,500
2025-12-16,4,38,31,1,823.08,0.0,0,0
2025-12-16,5,68,56,2,301.56,0.0,0,0
2025-12-16,6,0,0,7,3295.73,0.0,0,0
2025-12-16,7,75,58,1,319.82,0.0,0,0
2025-12-17,1,136,111,2,609.85,0.0,0,0
2025-12-17,2,58,45,1,787.72,0.0,0,0
2025-12-17,3,9,7,0,0.0,242.24,40000,440
2025-12-17,4,39,33,1,157.18,0.0,0,0
2025-12-17,5,70,56,2,1011.15,0.0,0,0
2025-12-17,6,0,0,4,1411.1,0.0,0,0
2025-12-17,7,69,54,1,971.0,0.0,0,0
2025-12-18,1,170,134,3,1853.09,0.0,0,0
2025-12-18,2,58,46,1,167.92,0.0,0,0
2025-12-18,3,9,7,0,0.0,175.52,29000,319
2025-12-18,4,18,14,0,0.0,0.0,0,0
2025-12-18,5,43,36,1,412.59,0.0,0,0
2025-12-18,6,0,0,4,770.43,0.0,0,0
2025-12-18,7,11,8,0,0.0,0.0,0,0
2025-12-19,1,94,77,1,153.81,0.0,0,0
2025-12-19,2,116,91,3,1358.66,0.0,0,0
2025-12-19,3,9,7,0,0.0,235.09,38818,427
2025-12-19,4,18,14,0,0.0,0.0,0,0
2025-12-19,5,13,10,0,0.0,0.0,0,0
2025-12-19,6,0,0,3,1077.98,0.0,0,0
2025-12-19,7,183,155,3,1044.17,0.0,0,0
2025-12-20,1,174,141,3,2631.86,0.0,0,0
2025-12-20,2,96,76,2,494.42,0.0,0,0
2025-12-20,3,124,105,1,312.24,298.35,49272,542
2025-12-20,4,66,53,2,504.81,0.0,0,0
2025-12-20,5,93,75,3,1596.62,0.0,0,0
2025-12-20,6,0,0,5,2511.63,0.0,0,0
2025-12-20,7,110,87,2,523.19,0.0,0,0
2025-12-21,1,343,271,7,3128.23,0.0,0,0
2025-12-21,2,142,111,4,1054.99,0.0,0,0
2025-12-21,3,9,7,0,0.0,253.77,41909,461
2025-12-21,4,56,43,2,874.73,0.0,0,0
2025-12-21,5,39,33,1,182.7,0.0,0,0
2025-12-21,6,0,0,4,1571.93,0.0,0,0
2025-12-21,7,10,8,0,0.0,0.0,0,0
2025-12-22,1,167,133,3,1223.19,0.0,0,0
2025-12-22,2,25,20,0,0.0,0.0,0,0
2025-12-22,3,130,103,1,835.9,267.26,44090,485
2025-12-22,4,17,13,0,0.0,0.0,0,0
2025-12-22,5,93,74,3,1402.13,0.0,0,0
2025-12-22,6,0,0,7,2608.86,0.0,0,0
2025-12-22,7,10,7,0,0.0,0.0,0,0
2025-12-23,1,174,139,3,721.83,0.0,0,0
2025-12-23,2,25,21,0,0.0,0.0,0,0
2025-12-23,3,138,109,1,473.55,250.66,41363,455
2025-12-23,4,57,45,2,985.08,0.0,0,0
2025-12-23,5,13,10,0,0.0,0.0,0,0
2025-12-23,6,0,0,6,2408.35,0.0,0,0
2025-12-23,7,10,8,0,0.0,0.0,0,0
2025-12-24,1,323,262,7,2571.92,0.0,0,0
2025-12-24,2,82,66,2,1476.79,0.0,0,0
2025-12-24,3,148,122,1,558.21,231.51,38181,420
2025-12-24,4,57,47,2,409.38,0.0,0,0
2025-12-24,5,44,37,1,336.06,0.0,0,0
2025-12-24,6,0,0,5,1800.47,0.0,0,0
2025-12-24,7,64,51,1,515.82,0.0,0,0
2025-12-25,1,478,376,9,3921.15,0.0,0,0
2025-12-25,2,96,75,2,737.45,0.0,0,0
2025-12-25,3,147,116,1,661.98,240.18,39636,436
2025-12-25,4,57,45,2,1277.88,0.0,0,0
2025-12-25,5,13,10,0,0.0,0.0,0,0
2025-12-25,6,0,0,5,2066.15,0.0,0,0
2025-12-25,7,193,153,4,1685.56,0.0,0,0
2025-12-26,1,262,221,5,1966.8,0.0,0,0
2025-12-26,2,24,19,0,0.0,0.0,0,0
2025-12-26,3,8,6,0,0.0,292.18,48272,531
2025-12-26,4,61,50,2,625.79,0.0,0,0
2025-12-26,5,89,71,3,1024.74,0.0,0,0
2025-12-26,6,0,0,5,1812.69,0.0,0,0
2025-12-26,7,66,53,1,182.98,0.0,0,0
2025-12-27,1,252,209,5,1863.38,0.0,0,0
2025-12-27,2,56,45,1,519.24,0.0,0,0
2025-12-27,3,8,6,0,0.0,225.29,37181,409
2025-12-27,4,77,61,3,1494.54,0.0,0,0
2025-12-27,5,40,33,1,541.44,0.0,0,0
2025-12-27,6,0,0,6,3128.86,0.0,0,0
2025-12-27,7,190,160,3,705.4,0.0,0,0
2025-12-28,1,260,211,5,1753.34,0.0,0,0
2025-12-28,2,57,46,1,172.82,0.0,0,0
2025-12-28,3,8,6,0,0.0,0.0,0,0
2025-12-28,4,64,53,2,1110.59,0.0,0,0
2025-12-28,5,67,55,2,1193.07,0.0,0,0
2025-12-28,6,0,0,3,1549.12,0.0,0,0
2025-12-28,7,10,8,0,0.0,0.0,0,0
2025-12-29,1,152,129,3,1519.95,0.0,0,0
2025-12-29,2,127,100,3,1080.05,0.0,0,0
2025-12-29,3,121,99,1,543.84,0.0,0,0
2025-12-29,4,79,62,3,1619.7,0.0,0,0
2025-12-29,5,37,29,1,1672.11,0.0,0,0
2025-12-29,6,0,0,9,2832.67,0.0,0,0
2025-12-29,7,10,8,0,0.0,0.0,0,0
2025-12-30,1,260,214,5,1597.41,0.0,0,0
2025-12-30,2,24,19,0,0.0,0.0,0,0
2025-12-30,3,8,6,0,0.0,0.0,0,0
2025-12-30,4,16,13,0,0.0,0.0,0,0
2025-12-30,5,40,32,1,195.8,0.0,0,0
2025-12-30,6,0,0,5,1786.05,0.0,0,0
2025-12-30,7,62,52,1,527.82,0.0,0,0
2025-12-31,1,131,110,2,798.98,0.0,0,0
2025-12-31,2,124,98,3,1342.48,0.0,0,0
2025-12-31,3,8,6,0,0.0,0.0,0,0
2025-12-31,4,38,30,1,867.76,0.0,0,0
2025-12-31,5,40,32,1,173.72,0.0,0,0
2025-12-31,6,0,0,7,2149.23,0.0,0,0
2025-12-31,7,10,8,0,0.0,0.0,0,0
2026-01-01,1,290,228,6,1468.35,0.0,0,0
2026-01-01,2,92,76,2,541.33,0.0,0,0
2026-01-01,3,246,200,2,1133.16,0.0,0,0
2026-01-01,4,16,13,0,0.0,0.0,0,0
2026-01-01,5,12,9,0,0.0,0.0,0,0
2026-01-01,6,0,0,1,153.42,0.0,0,0
2026-01-01,7,129,106,2,484.91,0.0,0,0
2026-01-02,1,245,204,5,2456.36,0.0,0,0
2026-01-02,2,55,44,1,144.02,0.0,0,0
2026-01-02,3,8,6,0,0.0,0.0,0,0
2026-01-02,4,80,64,3,1963.3,0.0,0,0
2026-01-02,5,42,34,1,178.91,0.0,0,0
2026-01-02,6,0,0,6,1581.41,0.0,0,0
2026-01-02,7,69,58,1,650.01,0.0,0,0
2026-01-03,1,93,74,1,627.6,0.0,0,0
2026-01-03,2,150,119,4,1044.51,0.0,0,0
2026-01-03,3,8,6,0,0.0,0.0,0,0
2026-01-03,4,57,46,2,1381.13,0.0,0,0
2026-01-03,5,74,61,2,1360.48,0.0,0,0
2026-01-03,6,0,0,2,732.19,0.0,0,0
2026-01-03,7,10,8,0,0.0,0.0,0,0
2026-01-04,1,182,156,3,820.15,0.0,0,0
2026-01-04,2,84,69,2,493.54,0.0,0,0
2026-01-04,3,8,6,0,0.0,0.0,0,0
2026-01-04,4,36,30,1,648.12,0.0,0,0
2026-01-04,5,12,9,0,0.0,0.0,0,0
2026-01-04,6,0,0,6,1928.6,0.0,0,0
2026-01-04,7,134,105,2,1306.33,0.0,0,0
2026-01-05,1,188,157,3,862.43,0.0,0,0
2026-01-05,2,306,239,8,5355.66,0.0,0,0
2026-01-05,3,143,118,1,225.98,0.0,0,0
2026-01-05,4,63,52,2,1467.72,0.0,0,0
2026-01-05,5,67,53,2,1114.92,207.64,3418,188
2026-01-05,6,0,0,6,2074.17,0.0,0,0
2026-01-05,7,69,55,1,773.4,0.0,0,0
2026-01-06,1,87,73,1,188.43,0.0,0,0
2026-01-06,2,23,19,0,0.0,0.0,0,0
2026-01-06,3,8,6,0,0.0,0.0,0,0
2026-01-06,4,36,28,1,167.09,0.0,0,0
2026-01-06,5,98,77,3,1396.95,190.94,3145,173
2026-01-06,6,0,0,6,2517.55,0.0,0,0
2026-01-06,7,67,57,1,214.61,0.0,0,0
2026-01-07,1,169,141,3,795.71,0.0,0,0
2026-01-07,2,130,104,3,999.63,0.0,0,0
2026-01-07,3,8,6,0,0.0,0.0,0,0
2026-01-07,4,125,98,5,1782.41,0.0,0,0
2026-01-07,5,123,103,4,1804.05,258.39,4254,234
2026-01-07,6,0,0,3,1262.6,0.0,0,0
2026-01-07,7,70,54,1,430.98,0.0,0,0
2026-01-08,1,97,76,1,377.88,0.0,0,0
2026-01-08,2,55,43,1,161.53,0.0,0,0
2026-01-08,3,8,6,0,0.0,0.0,0,0
2026-01-08,4,59,46,2,1483.98,0.0,0,0
2026-01-08,5,95,79,3,645.23,209.15,3454,190
2026-01-08,6,0,0,2,1041.87,0.0,0,0
2026-01-08,7,115,96,2,558.66,0.0,0,0
2026-01-09,1,342,282,7,3853.29,0.0,0,0
2026-01-09,2,57,45,1,160.48,0.0,0,0
2026-01-09,3,113,92,1,878.8,0.0,0,0
2026-01-09,4,37,29,1,916.08,0.0,0,0
2026-01-09,5,38,31,1,501.54,221.05,3636,200
2026-01-09,6,0,0,7,2781.86,0.0,0,0
2026-01-09,7,67,52,1,246.28,0.0,0,0
2026-01-10,1,131,111,2,1070.16,0.0,0,0
2026-01-10,2,56,44,1,624.3,0.0,0,0
2026-01-10,3,8,6,0,0.0,0.0,0,0
2026-01-10,4,41,33,1,158.54,0.0,0,0
2026-01-10,5,84,71,3,794.78,190.08,3127,172
2026-01-10,6,0,0,2,899.04,0.0,0,0
2026-01-10,7,10,8,0,0.0,0.0,0,0
2026-01-11,1,171,139,3,785.66,0.0,0,0
2026-01-11,2,93,79,2,1346.72,0.0,0,0
2026-01-11,3,133,114,1,373.06,0.0,0,0
2026-01-11,4,43,34,1,149.81,0.0,0,0
2026-01-11,5,39,31,1,417.38,165.87,2727,150
2026-01-11,6,0,0,2,555.26,0.0,0,0
2026-01-11,7,10,7,0,0.0,0.0,0,0
2026-01-12,1,236,198,4,833.61,0.0,0,0
2026-01-12,2,95,76,2,484.66,0.0,0,0
2026-01-12,3,8,6,0,0.0,0.0,0,0
2026-01-12,4,40,31,1,639.15,0.0,0,0
2026-01-12,5,75,62,2,630.3,218.06,3600,198
2026-01-12,6,0,0,3,1795.08,0.0,0,0
2026-01-12,7,67,57,1,338.76,0.0,0,0
2026-01-13,1,362,294,8,3497.59,0.0,0,0
2026-01-13,2,152,118,4,2320.97,0.0,0,0
2026-01-13,3,239,197,2,298.54,0.0,0,0
2026-01-13,4,74,60,3,2024.64,0.0,0,0
2026-01-13,5,12,9,0,0.0,173.21,2854,157
2026-01-13,6,0,0,3,956.44,0.0,0,0
2026-01-13,7,115,96,2,720.25,0.0,0,0
2026-01-14,1,322,254,6,3188.82,0.0,0,0
2026-01-14,2,140,118,4,996.7,0.0,0,0
2026-01-14,3,147,116,1,325.72,0.0,0,0
2026-01-14,4,149,118,6,2015.83,0.0,0,0
2026-01-14,5,80,65,3,1571.54,276.06,4545,250
2026-01-14,6,0,0,3,647.1,0.0,0,0
2026-01-14,7,10,8,0,0.0,0.0,0,0
2026-01-15,1,205,169,4,1123.86,0.0,0,0
2026-01-15,2,165,140,4,1032.27,0.0,0,0
2026-01-15,3,131,108,1,261.19,0.0,0,0
2026-01-15,4,35,27,1,762.84,0.0,0,0
2026-01-15,5,12,10,0,0.0,223.6,3690,203
2026-01-15,6,0,0,3,865.86,0.0,0,0
2026-01-15,7,127,107,2,565.03,0.0,0,0
2026-01-16,1,290,237,6,2661.6,0.0,0,0
2026-01-16,2,56,45,1,361.08,0.0,0,0
2026-01-16,3,122,102,1,234.77,0.0,0,0
2026-01-16,4,16,12,0,0.0,0.0,0,0
2026-01-16,5,39,32,1,1281.36,262.26,4327,238
2026-01-16,6,0,0,3,1950.88,0.0,0,0
2026-01-16,7,74,60,1,503.38,0.0,0,0
2026-01-17,1,132,109,2,577.19,0.0,0,0
2026-01-17,2,151,123,4,1835.13,0.0,0,0
2026-01-17,3,140,113,1,589.64,0.0,0,0
2026-01-17,4,37,29,1,767.2,0.0,0,0
2026-01-17,5,37,30,1,183.78,271.68,4472,246
2026-01-17,6,0,0,2,973.2,0.0,0,0
2026-01-17,7,10,8,0,0.0,0.0,0,0
2026-01-18,1,302,239,6,2295.15,0.0,0,0
2026-01-18,2,121,97,3,966.88,0.0,0,0
2026-01-18,3,8,6,0,0.0,0.0,0,0
2026-01-18,4,39,33,1,923.92,0.0,0,0
2026-01-18,5,42,35,1,425.38,264.54,4363,240
2026-01-18,6,0,0,5,1668.82,0.0,0,0
2026-01-18,7,10,7,0,0.0,0.0,0,0
2026-01-19,1,134,113,2,750.82,0.0,0,0
2026-01-19,2,124,98,3,1054.98,0.0,0,0
2026-01-19,3,8,6,0,0.0,0.0,0,0
2026-01-19,4,37,29,1,128.24,0.0,0,0
2026-01-19,5,78,65,2,358.85,138.83,2290,126
2026-01-19,6,0,0,3,1606.12,0.0,0,0
2026-01-19,7,160,135,3,1559.35,0.0,0,0
2026-01-20,1,188,149,3,1083.73,0.0,0,0
2026-01-20,2,142,114,4,3057.48,0.0,0,0
2026-01-20,3,129,110,1,736.32,0.0,0,0
2026-01-20,4,16,13,0,0.0,0.0,0,0
2026-01-20,5,38,31,1,786.2,234.87,3872,213
2026-01-20,6,0,0,6,2402.92,0.0,0,0
2026-01-20,7,122,99,2,648.18,0.0,0,0
2026-01-21,1,262,223,5,3899.2,0.0,0,0
2026-01-21,2,23,19,0,0.0,0.0,0,0
2026-01-21,3,125,99,1,613.95,0.0,0,0
2026-01-21,4,39,33,1,476.54,0.0,0,0
2026-01-21,5,97,81,3,1127.25,221.43,3654,201
2026-01-21,6,0,0,5,1637.52,0.0,0,0
2026-01-21,7,10,8,0,0.0,0.0,0,0
2026-01-22,1,190,152,3,2275.38,0.0,0,0
2026-01-22,2,82,68,2,1221.77,0.0,0,0
2026-01-22,3,8,6,0,0.0,0.0,0,0
2026-01-22,4,16,12,0,0.0,0.0,0,0
2026-01-22,5,72,57,2,597.96,182.0,3000,165
2026-01-22,6,0,0,3,925.04,0.0,0,0
2026-01-22,7,63,52,1,988.96,0.0,0,0
2026-01-23,1,258,215,5,2048.32,0.0,0,0
2026-01-23,2,85,72,2,863.95,0.0,0,0
2026-01-23,3,130,103,1,403.22,0.0,0,0
2026-01-23,4,16,13,0,0.0,0.0,0,0
2026-01-23,5,44,35,1,593.79,230.77,3800,209
2026-01-23,6,0,0,2,1233.9,0.0,0,0
2026-01-23,7,103,88,2,1297.06,0.0,0,0
2026-01-24,1,126,102,2,500.84,0.0,0,0
2026-01-24,2,84,66,2,340.9,0.0,0,0
2026-01-24,3,227,179,2,795.17,0.0,0,0
2026-01-24,4,76,63,3,1018.9,0.0,0,0
2026-01-24,5,194,154,7,3759.29,217.36,3581,197
2026-01-24,6,0,0,5,2346.0,0.0,0,0
2026-01-24,7,10,7,0,0.0,0.0,0,0
2026-01-25,1,259,219,6,2294.89,0.0,0,0
2026-01-25,2,83,66,2,1733.58,0.0,0,0
2026-01-25,3,8,6,0,0.0,0.0,0,0
2026-01-25,4,60,50,2,1151.54,0.0,0,0
2026-01-25,5,73,62,2,1062.68,233.96,3854,212
2026-01-25,6,0,0,3,1114.22,0.0,0,0
2026-01-25,7,10,8,0,0.0,0.0,0,0
2026-01-26,1,270,215,6,2724.99,0.0,0,0
2026-01-26,2,134,114,4,730.77,0.0,0,0
2026-01-26,3,113,91,1,227.07,0.0,0,0
2026-01-26,4,60,50,2,401.63,0.0,0,0
2026-01-26,5,13,10,0,0.0,310.98,5127,282
2026-01-26,6,0,0,1,489.6,0.0,0,0
2026-01-26,7,10,8,0,0.0,0.0,0,0
2026-01-27,1,279,222,5,2988.76,0.0,0,0
2026-01-27,2,248,209,7,2997.5,0.0,0,0
2026-01-27,3,375,302,3,1065.02,0.0,0,0
2026-01-27,4,39,33,1,189.8,0.0,0,0
2026-01-27,5,193,156,6,2303.36,264.01,4363,240
2026-01-27,6,0,0,2,334.07,0.0,0,0
2026-01-27,7,10,8,0,0.0,0.0,0,0
2026-01-28,1,338,284,7,3682.13,0.0,0,0
2026-01-28,2,157,126,4,2082.86,0.0,0,0
2026-01-28,3,8,6,0,0.0,0.0,0,0
2026-01-28,4,17,14,0,0.0,0.0,0,0
2026-01-28,5,42,35,1,386.72,230.09,3800,209
2026-01-28,6,0,0,5,3196.05,0.0,0,0
2026-01-28,7,196,165,3,1855.23,0.0,0,0
2026-01-29,1,427,345,9,3704.89,0.0,0,0
2026-01-29,2,57,46,1,434.2,0.0,0,0
2026-01-29,3,139,108,1,226.87,0.0,0,0
2026-01-29,4,94,78,4,1239.91,0.0,0,0
2026-01-29,5,40,33,1,714.0,256.78,4236,233
2026-01-29,6,0,0,7,2746.5,0.0,0,0
2026-01-29,7,66,53,1,418.54,0.0,0,0
2026-01-30,1,405,333,8,4059.78,0.0,0,0
2026-01-30,2,57,44,1,819.48,0.0,0,0
2026-01-30,3,8,6,0,0.0,0.0,0,0
2026-01-30,4,69,58,3,1766.23,0.0,0,0
2026-01-30,5,92,73,3,998.74,213.3,3509,193
2026-01-30,6,0,0,3,881.48,0.0,0,0
2026-01-30,7,10,7,0,0.0,0.0,0,0
2026-01-31,1,185,145,3,1133.31,0.0,0,0
2026-01-31,2,59,48,1,489.42,0.0,0,0
2026-01-31,3,117,92,1,558.93,0.0,0,0
2026-01-31,4,38,30,1,580.4,0.0,0,0
2026-01-31,5,68,55,2,1985.6,261.36,4309,237
2026-01-31,6,0,0,2,972.45,0.0,0,0
2026-01-31,7,127,108,2,944.43,0.0,0,0
2026-02-01,1,220,183,4,1753.43,0.0,0,0
2026-02-01,2,128,109,3,1016.02,0.0,0,0
2026-02-01,3,9,7,0,0.0,0.0,0,0
2026-02-01,4,129,103,5,2326.59,0.0,0,0
2026-02-01,5,71,56,2,684.73,240.69,3963,218
2026-02-01,6,0,0,3,1376.08,0.0,0,0
2026-02-01,7,192,160,3,1740.94,0.0,0,0
2026-02-02,1,271,213,6,2742.27,0.0,0,0
2026-02-02,2,123,96,3,1074.71,0.0,0,0
2026-02-02,3,9,7,0,0.0,0.0,0,0
2026-02-02,4,109,86,4,1513.53,0.0,0,0
2026-02-02,5,104,83,3,948.93,156.85,2581,142
2026-02-02,6,0,0,6,2376.22,0.0,0,0
2026-02-02,7,10,7,0,0.0,0.0,0,0
2026-02-03,1,486,384,9,5387.72,0.0,0,0
2026-02-03,2,125,100,3,1626.71,0.0,0,0
2026-02-03,3,138,110,1,849.8,0.0,0,0
2026-02-03,4,36,30,1,572.85,0.0,0,0
2026-02-03,5,46,38,1,1283.8,213.87,3527,194
2026-02-03,6,0,0,3,982.53,0.0,0,0
2026-02-03,7,68,55,1,198.85,0.0,0,0
2026-02-04,1,250,195,5,1947.91,0.0,0,0
2026-02-04,2,96,82,2,650.47,0.0,0,0
2026-02-04,3,9,7,0,0.0,0.0,0,0
2026-02-04,4,85,67,3,1441.75,0.0,0,0
2026-02-04,5,43,35,1,150.21,275.12,4545,250
2026-02-04,6,0,0,3,1145.8,0.0,0,0
2026-02-04,7,114,93,2,1390.06,0.0,0,0
2026-02-05,1,293,231,6,2893.68,0.0,0,0
2026-02-05,2,82,68,2,402.9,0.0,0,0
2026-02-05,3,224,175,2,2096.14,0.0,0,0
2026-02-05,4,63,51,2,1005.46,0.0,0,0
2026-02-05,5,121,96,4,2395.62,234.28,3854,212
2026-02-05,6,0,0,11,3480.31,0.0,0,0
2026-02-05,7,11,9,0,0.0,0.0,0,0
2026-02-06,1,358,289,7,3286.74,0.0,0,0
2026-02-06,2,56,44,1,456.68,0.0,0,0
2026-02-06,3,9,7,0,0.0,0.0,0,0
2026-02-06,4,18,14,0,0.0,0.0,0,0
2026-02-06,5,117,94,4,1660.19,201.76,3327,183
2026-02-06,6,0,0,4,2694.21,0.0,0,0
2026-02-06,7,11,8,0,0.0,0.0,0,0
2026-02-07,1,250,197,5,2860.92,0.0,0,0
2026-02-07,2,126,101,3,821.02,0.0,0,0
2026-02-07,3,9,7,0,0.0,0.0,0,0
2026-02-07,4,18,15,0,0.0,0.0,0,0
2026-02-07,5,43,36,1,377.58,279.63,4618,254
2026-02-07,6,0,0,8,3506.41,0.0,0,0
2026-02-07,7,132,105,2,490.18,0.0,0,0
2026-02-08,1,134,104,2,491.63,0.0,0,0
2026-02-08,2,141,118,4,1394.23,0.0,0,0
2026-02-08,3,9,7,0,0.0,0.0,0,0
2026-02-08,4,41,33,1,743.08,0.0,0,0
2026-02-08,5,44,35,1,1389.68,267.43,4418,243
2026-02-08,6,0,0,5,1626.44,0.0,0,0
2026-02-08,7,11,8,0,0.0,0.0,0,0
2026-02-09,1,227,179,5,3084.2,0.0,0,0
2026-02-09,2,61,49,1,270.19,0.0,0,0
2026-02-09,3,256,217,2,816.97,0.0,0,0
2026-02-09,4,82,69,3,2177.41,0.0,0,0
2026-02-09,5,73,57,2,413.62,252.14,4163,229
2026-02-09,6,0,0,7,3129.74,0.0,0,0
2026-02-09,7,62,52,1,948.5,0.0,0,0
2026-02-10,1,381,317,8,4516.06,0.0,0,0
2026-02-10,2,57,47,1,440.1,0.0,0,0
2026-02-10,3,123,102,1,625.8,0.0,0,0
2026-02-10,4,85,72,3,781.83,0.0,0,0
2026-02-10,5,162,135,6,4303.13,273.47,4509,248
2026-02-10,6,0,0,5,2408.97,0.0,0,0
2026-02-10,7,69,54,1,189.81,0.0,0,0
2026-02-11,1,464,380,10,7633.34,0.0,0,0
2026-02-11,2,60,50,1,185.77,0.0,0,0
2026-02-11,3,9,7,0,0.0,0.0,0,0
2026-02-11,4,128,103,5,1653.21,0.0,0,0
2026-02-11,5,40,33,1,834.2,147.42,2436,134
2026-02-11,6,0,0,6,3737.45,0.0,0,0
2026-02-11,7,63,53,1,753.76,0.0,0,0
2026-02-12,1,254,200,5,2776.35,0.0,0,0
2026-02-12,2,163,127,4,1950.61,0.0,0,0
2026-02-12,3,9,7,0,0.0,0.0,0,0
2026-02-12,4,59,46,2,454.06,0.0,0,0
2026-02-12,5,73,60,2,1559.78,206.1,3400,187
2026-02-12,6,0,0,2,1043.82,0.0,0,0
2026-02-12,7,124,97,2,1421.4,0.0,0,0
2026-02-13,1,180,151,3,1222.7,0.0,0,0
2026-02-13,2,120,103,3,1259.18,0.0,0,0
2026-02-13,3,255,200,2,1133.69,0.0,0,0
2026-02-13,4,60,51,2,1162.24,0.0,0,0
2026-02-13,5,124,100,4,2387.43,245.68,4054,223
2026-02-13,6,0,0,9,4192.73,0.0,0,0
2026-02-13,7,11,9,0,0.0,0.0,0,0
2026-02-14,1,350,279,8,4784.28,0.0,0,0
2026-02-14,2,115,97,3,1154.76,0.0,0,0
2026-02-14,3,126,106,1,528.75,0.0,0,0
2026-02-14,4,68,55,2,835.45,0.0,0,0
2026-02-14,5,45,37,1,213.34,263.74,4345,239
2026-02-14,6,0,0,9,4962.04,0.0,0,0
2026-02-14,7,11,9,0,0.0,0.0,0,0
2026-02-15,1,268,219,5,2582.35,0.0,0,0
2026-02-15,2,227,191,6,1844.24,0.0,0,0
2026-02-15,3,338,285,3,1133.08,0.0,0,0
2026-02-15,4,39,32,1,499.74,0.0,0,0
2026-02-15,5,15,12,0,0.0,227.84,3763,207
2026-02-15,6,0,0,6,3370.82,0.0,0,0
2026-02-15,7,69,59,1,745.56,0.0,0,0
2026-02-16,1,306,259,6,3064.95,0.0,0,0
2026-02-16,2,94,73,2,623.89,0.0,0,0
2026-02-16,3,282,225,2,1521.7,0.0,0,0
2026-02-16,4,81,64,3,1342.09,0.0,0,0
2026-02-16,5,41,33,1,653.07,196.43,3236,178
2026-02-16,6,0,0,6,2689.36,0.0,0,0
2026-02-16,7,12,9,0,0.0,0.0,0,0
2026-02-17,1,551,436,12,11282.71,0.0,0,0
2026-02-17,2,94,80,2,1038.79,0.0,0,0
2026-02-17,3,10,8,0,0.0,0.0,0,0
2026-02-17,4,43,36,1,189.3,0.0,0,0
2026-02-17,5,46,37,1,219.07,202.76,3345,184
2026-02-17,6,0,0,7,2562.54,0.0,0,0
2026-02-17,7,66,55,1,244.49,0.0,0,0
2026-02-18,1,487,413,11,6177.4,0.0,0,0
2026-02-18,2,58,49,1,237.88,0.0,0,0
2026-02-18,3,10,7,0,0.0,0.0,0,0
2026-02-18,4,116,91,4,2412.25,0.0,0,0
2026-02-18,5,15,11,0,0.0,241.17,3981,219
2026-02-18,6,0,0,5,1660.77,0.0,0,0
2026-02-18,7,72,57,1,254.11,0.0,0,0
2026-02-19,1,410,340,8,5191.35,0.0,0,0
2026-02-19,2,241,201,7,4679.47,0.0,0,0
2026-02-19,3,10,8,0,0.0,0.0,0,0
2026-02-19,4,42,33,1,156.66,0.0,0,0
2026-02-19,5,15,12,0,0.0,178.42,2945,162
2026-02-19,6,0,0,3,1266.72,0.0,0,0
2026-02-19,7,105,82,2,889.98,0.0,0,0
2026-02-20,1,381,324,7,3873.52,0.0,0,0
2026-02-20,2,159,124,4,2021.07,0.0,0,0
2026-02-20,3,293,237,2,401.51,0.0,0,0
2026-02-20,4,40,33,1,248.49,0.0,0,0
2026-02-20,5,16,13,0,0.0,200.6,3309,182
2026-02-20,6,0,0,6,4061.03,0.0,0,0
2026-02-20,7,177,138,3,631.87,0.0,0,0
2026-02-21,1,445,372,10,6238.74,0.0,0,0
2026-02-21,2,379,297,12,5398.07,0.0,0,0
2026-02-21,3,10,8,0,0.0,0.0,0,0
2026-02-21,4,111,94,4,2717.2,0.0,0,0
2026-02-21,5,46,37,1,619.89,233.3,3854,212
2026-02-21,6,0,0,5,1603.16,0.0,0,0
2026-02-21,7,12,9,0,0.0,0.0,0,0
2026-02-22,1,221,182,4,3350.25,0.0,0,0
2026-02-22,2,168,135,4,2451.3,0.0,0,0
2026-02-22,3,10,8,0,0.0,0.0,0,0
2026-02-22,4,59,47,2,835.9,0.0,0,0
2026-02-22,5,72,56,2,1010.44,239.99,3963,218
2026-02-22,6,0,0,3,1357.7,0.0,0,0
2026-02-22,7,187,146,3,1400.32,0.0,0,0
2026-02-23,1,234,194,4,1077.36,0.0,0,0
2026-02-23,2,280,233,6,4160.55,0.0,0,0
2026-02-23,3,391,319,3,1327.68,0.0,0,0
2026-02-23,4,88,75,3,1756.87,0.0,0,0
2026-02-23,5,44,37,1,628.2,243.96,4018,221
2026-02-23,6,0,0,3,1386.84,0.0,0,0
2026-02-23,7,13,10,0,0.0,0.0,0,0
2026-02-24,1,311,261,6,3937.82,0.0,0,0
2026-02-24,2,130,106,3,1379.92,0.0,0,0
2026-02-24,3,430,340,3,1928.08,0.0,0,0
2026-02-24,4,70,56,2,1213.87,0.0,0,0
2026-02-24,5,16,12,0,0.0,187.08,3090,170
2026-02-24,6,0,0,5,2389.03,0.0,0,0
2026-02-24,7,70,59,1,271.44,0.0,0,0
2026-02-25,1,257,206,6,2692.46,0.0,0,0
2026-02-25,2,120,103,3,1120.21,0.0,0,0
2026-02-25,3,133,106,1,256.96,0.0,0,0
2026-02-25,4,60,51,2,1108.42,0.0,0,0
2026-02-25,5,85,67,3,1827.08,251.27,4145,228
2026-02-25,6,0,0,2,771.03,0.0,0,0
2026-02-25,7,71,58,1,1208.3,0.0,0,0
2026-02-26,1,356,289,7,5945.39,0.0,0,0
2026-02-26,2,228,177,6,2530.53,0.0,0,0
2026-02-26,3,147,115,1,198.36,0.0,0,0
2026-02-26,4,58,46,2,681.31,0.0,0,0
2026-02-26,5,47,37,1,262.44,220.11,3636,200
2026-02-26,6,0,0,9,3456.54,0.0,0,0
2026-02-26,7,63,50,1,734.46,0.0,0,0
2026-02-27,1,422,356,8,6830.05,0.0,0,0
2026-02-27,2,99,80,2,630.07,0.0,0,0
2026-02-27,3,11,9,0,0.0,0.0,0,0
2026-02-27,4,100,85,4,3773.35,0.0,0,0
2026-02-27,5,17,13,0,0.0,224.97,3709,204
2026-02-27,6,0,0,9,5446.42,0.0,0,0
2026-02-27,7,13,11,0,0.0,0.0,0,0
2026-02-28,1,372,302,7,3381.55,0.0,0,0
2026-02-28,2,228,180,6,2872.95,0.0,0,0
2026-02-28,3,120,97,1,293.53,0.0,0,0
2026-02-28,4,67,54,2,836.26,0.0,0,0
2026-02-28,5,17,14,0,0.0,0.0,0,0
2026-02-28,6,0,0,9,4495.28,0.0,0,0
2026-02-28,7,185,144,3,1308.52,0.0,0,0
2026-03-01,1,279,227,5,1766.29,0.0,0,0
2026-03-01,2,345,270,9,5084.91,0.0,0,0
2026-03-01,3,134,110,1,334.06,0.0,0,0
2026-03-01,4,90,75,3,1923.15,0.0,0,0
2026-03-01,5,48,37,1,963.72,0.0,0,0
2026-03-01,6,0,0,9,2218.97,0.0,0,0
2026-03-01,7,13,10,0,0.0,0.0,0,0
2026-03-02,1,420,355,9,4250.5,0.0,0,0
2026-03-02,2,145,115,3,2044.87,377.95,4714,198
2026-03-02,3,125,102,1,305.16,0.0,0,0
2026-03-02,4,72,58,2,1334.82,0.0,0,0
2026-03-02,5,71,59,2,425.98,0.0,0,0
2026-03-02,6,0,0,7,3712.72,0.0,0,0
2026-03-02,7,247,197,4,2783.37,0.0,0,0
2026-03-03,1,554,453,10,5970.11,0.0,0,0
2026-03-03,2,214,175,6,3852.6,386.36,4833,203
2026-03-03,3,265,214,2,1057.52,0.0,0,0
2026-03-03,4,87,70,3,1684.51,0.0,0,0
2026-03-03,5,130,107,4,4107.99,0.0,0,0
2026-03-03,6,0,0,6,3582.92,0.0,0,0
2026-03-03,7,64,51,1,241.24,0.0,0,0
2026-03-04,1,511,416,10,5080.19,0.0,0,0
2026-03-04,2,95,75,2,534.33,320.25,3999,168
2026-03-04,3,145,118,1,217.68,0.0,0,0
2026-03-04,4,70,57,2,1197.44,0.0,0,0
2026-03-04,5,44,36,1,251.82,0.0,0,0
2026-03-04,6,0,0,8,3049.41,0.0,0,0
2026-03-04,7,132,105,2,1949.74,0.0,0,0
2026-03-05,1,573,486,11,6956.97,0.0,0,0
2026-03-05,2,120,94,3,1555.97,404.54,5047,212
2026-03-05,3,262,223,2,1957.72,0.0,0,0
2026-03-05,4,107,88,4,2392.26,0.0,0,0
2026-03-05,5,102,84,3,1466.74,0.0,0,0
2026-03-05,6,0,0,5,3589.29,0.0,0,0
2026-03-05,7,14,11,0,0.0,0.0,0,0
2026-03-06,1,429,346,8,5696.14,0.0,0,0
2026-03-06,2,102,80,2,616.81,387.94,4857,204
2026-03-06,3,296,241,2,990.57,0.0,0,0
2026-03-06,4,65,52,2,1323.72,0.0,0,0
2026-03-06,5,18,14,0,0.0,0.0,0,0
2026-03-06,6,0,0,8,4847.13,0.0,0,0
2026-03-06,7,182,147,3,2277.52,0.0,0,0
2026-03-07,1,339,270,7,4436.42,0.0,0,0
2026-03-07,2,130,110,3,690.32,404.83,5071,213
2026-03-07,3,12,9,0,0.0,0.0,0,0
2026-03-07,4,46,39,1,1667.76,0.0,0,0
2026-03-07,5,45,35,1,270.64,0.0,0,0
2026-03-07,6,0,0,8,5411.93,0.0,0,0
2026-03-07,7,74,57,1,304.38,0.0,0,0
2026-03-08,1,375,301,8,5772.49,0.0,0,0
2026-03-08,2,242,197,7,4540.12,355.9,4452,187
2026-03-08,3,12,9,0,0.0,0.0,0,0
2026-03-08,4,61,51,2,1131.5,0.0,0,0
2026-03-08,5,18,14,0,0.0,0.0,0,0
2026-03-08,6,0,0,4,1342.23,0.0,0,0
2026-03-08,7,71,56,1,498.64,0.0,0,0
2026-03-09,1,586,465,12,7727.61,0.0,0,0
2026-03-09,2,192,164,5,1720.06,444.29,5547,233
2026-03-09,3,12,10,0,0.0,0.0,0,0
2026-03-09,4,108,85,4,1373.03,0.0,0,0
2026-03-09,5,44,36,1,287.19,0.0,0,0
2026-03-09,6,0,0,6,2004.78,0.0,0,0
2026-03-09,7,177,141,3,2170.74,0.0,0,0
2026-03-10,1,366,301,6,4050.21,0.0,0,0
2026-03-10,2,207,171,6,2366.98,449.49,5619,236
2026-03-10,3,143,119,1,843.6,0.0,0,0
2026-03-10,4,106,87,4,2508.81,0.0,0,0
2026-03-10,5,95,76,3,969.7,0.0,0,0
2026-03-10,6,0,0,7,2565.67,0.0,0,0
2026-03-10,7,15,12,0,0.0,0.0,0,0
2026-03-11,1,303,258,5,3385.97,0.0,0,0
2026-03-11,2,329,279,8,3955.51,362.42,4523,190
2026-03-11,3,540,454,4,2272.13,0.0,0,0
2026-03-11,4,92,78,3,1647.77,0.0,0,0
2026-03-11,5,83,67,2,485.87,0.0,0,0
2026-03-11,6,0,0,5,4021.26,0.0,0,0
2026-03-11,7,132,107,2,686.63,0.0,0,0
2026-03-12,1,348,281,7,3174.63,0.0,0,0
2026-03-12,2,151,119,4,2272.99,551.46,6904,290
2026-03-12,3,251,210,2,804.5,0.0,0,0
2026-03-12,4,68,57,2,767.05,0.0,0,0
2026-03-12,5,79,65,2,1623.76,0.0,0,0
2026-03-12,6,0,0,12,6568.16,0.0,0,0
2026-03-12,7,118,92,2,1529.75,0.0,0,0
2026-03-13,1,694,546,13,7692.47,0.0,0,0
2026-03-13,2,220,186,6,2893.71,364.32,4547,191
2026-03-13,3,269,219,2,1313.37,0.0,0,0
2026-03-13,4,106,86,4,3252.34,0.0,0,0
2026-03-13,5,195,154,6,3542.13,0.0,0,0
2026-03-13,6,0,0,6,3107.23,0.0,0,0
2026-03-13,7,15,12,0,0.0,0.0,0,0
2026-03-14,1,700,553,15,9046.7,0.0,0,0
2026-03-14,2,123,96,3,1872.75,317.51,3976,167
2026-03-14,3,12,10,0,0.0,0.0,0,0
2026-03-14,4,67,53,2,547.53,0.0,0,0
2026-03-14,5,107,84,3,1795.11,0.0,0,0
2026-03-14,6,0,0,7,2441.58,0.0,0,0
2026-03-14,7,75,63,1,484.84,0.0,0,0
2026-03-15,1,372,318,7,4590.04,0.0,0,0
2026-03-15,2,219,184,6,5560.08,317.0,3952,166
2026-03-15,3,751,618,6,4731.23,0.0,0,0
2026-03-15,4,100,84,3,1876.06,0.0,0,0
2026-03-15,5,104,84,3,2033.49,0.0,0,0
2026-03-15,6,0,0,16,8176.17,0.0,0,0
2026-03-15,7,85,71,1,316.63,0.0,0,0
2026-03-16,1,307,252,6,4051.67,0.0,0,0
2026-03-16,2,220,186,6,4075.64,356.71,4452,187
2026-03-16,3,13,10,0,0.0,0.0,0,0
2026-03-16,4,68,56,2,1866.03,0.0,0,0
2026-03-16,5,52,44,1,281.86,0.0,0,0
2026-03-16,6,0,0,5,2127.08,0.0,0,0
2026-03-16,7,69,55,1,295.43,0.0,0,0
2026-03-17,1,237,200,4,3330.78,0.0,0,0
2026-03-17,2,136,114,3,1689.46,375.9,4690,197
2026-03-17,3,301,244,2,1247.76,0.0,0,0
2026-03-17,4,107,90,4,1741.03,0.0,0,0
2026-03-17,5,50,42,1,314.12,0.0,0,0
2026-03-17,6,0,0,8,3411.19,0.0,0,0
2026-03-17,7,241,188,4,2418.87,0.0,0,0
2026-03-18,1,616,487,12,10141.98,0.0,0,0
2026-03-18,2,134,109,3,1365.04,362.42,4523,190
2026-03-18,3,260,222,2,568.87,0.0,0,0
2026-03-18,4,67,54,2,1254.88,0.0,0,0
2026-03-18,5,142,114,4,2476.25,0.0,0,0
2026-03-18,6,0,0,11,6540.24,0.0,0,0
2026-03-18,7,306,249,5,3349.42,0.0,0,0
2026-03-19,1,340,277,6,5273.86,0.0,0,0
2026-03-19,2,188,160,4,1645.18,239.35,2976,125
2026-03-19,3,447,364,3,1779.52,0.0,0,0
2026-03-19,4,124,101,4,1368.38,0.0,0,0
2026-03-19,5,49,40,1,262.61,0.0,0,0
2026-03-19,6,0,0,6,5927.19,0.0,0,0
2026-03-19,7,207,175,3,2230.25,0.0,0,0
2026-03-20,1,418,348,9,6392.75,0.0,0,0
2026-03-20,2,296,235,8,5007.85,394.65,4928,207
2026-03-20,3,249,208,2,1318.32,0.0,0,0
2026-03-20,4,136,111,5,2037.35,0.0,0,0
2026-03-20,5,71,55,2,1287.12,0.0,0,0
2026-03-20,6,0,0,3,1423.4,0.0,0,0
2026-03-20,7,16,12,0,0.0,0.0,0,0
2026-03-21,1,280,226,5,4693.59,0.0,0,0
2026-03-21,2,179,148,4,1960.43,376.32,4714,198
2026-03-21,3,143,122,1,263.35,0.0,0,0
2026-03-21,4,90,71,3,1066.67,0.0,0,0
2026-03-21,5,21,16,0,0.0,0.0,0,0
2026-03-21,6,0,0,13,6272.31,0.0,0,0
2026-03-21,7,208,164,4,2606.53,0.0,0,0
2026-03-22,1,346,276,7,4405.55,0.0,0,0
2026-03-22,2,437,354,12,6715.16,294.42,3666,154
2026-03-22,3,144,117,1,620.67,0.0,0,0
2026-03-22,4,93,78,3,1106.96,0.0,0,0
2026-03-22,5,49,41,1,1307.72,0.0,0,0
2026-03-22,6,0,0,4,1669.19,0.0,0,0
2026-03-22,7,131,107,2,1828.99,0.0,0,0
2026-03-23,1,286,243,5,3947.2,0.0,0,0
2026-03-23,2,203,161,5,2651.36,361.73,4523,190
2026-03-23,3,140,110,1,693.03,0.0,0,0
2026-03-23,4,70,56,2,930.72,0.0,0,0
2026-03-23,5,121,99,3,1810.22,0.0,0,0
2026-03-23,6,0,0,9,4265.81,0.0,0,0
2026-03-23,7,143,113,2,1246.96,0.0,0,0
2026-03-24,1,329,278,6,4434.66,0.0,0,0
2026-03-24,2,437,375,11,7695.48,323.89,4047,170
2026-03-24,3,387,317,3,1374.77,0.0,0,0
2026-03-24,4,50,41,1,220.81,0.0,0,0
2026-03-24,5,111,91,3,1594.99,0.0,0,0
2026-03-24,6,0,0,4,3074.52,0.0,0,0
2026-03-24,7,134,110,2,1067.69,0.0,0,0
2026-03-25,1,521,440,11,5043.83,0.0,0,0
2026-03-25,2,298,252,7,3053.09,335.98,4190,176
2026-03-25,3,411,349,3,1599.75,0.0,0,0
2026-03-25,4,44,34,1,976.8,0.0,0,0
2026-03-25,5,76,63,2,1487.01,0.0,0,0
2026-03-25,6,0,0,7,3115.86,0.0,0,0
2026-03-25,7,17,13,0,0.0,0.0,0,0
2026-03-26,1,616,524,14,8759.4,0.0,0,0
2026-03-26,2,358,300,9,4729.56,298.36,3738,157
2026-03-26,3,272,213,2,869.31,0.0,0,0
2026-03-26,4,73,59,2,2158.96,0.0,0,0
2026-03-26,5,50,41,1,1269.32,0.0,0,0
2026-03-26,6,0,0,11,6223.28,0.0,0,0
2026-03-26,7,189,153,3,1695.14,0.0,0,0
2026-03-27,1,616,500,12,6439.78,0.0,0,0
2026-03-27,2,170,136,4,2661.95,385.09,4809,202
2026-03-27,3,378,305,3,2643.64,0.0,0,0
2026-03-27,4,122,98,4,2324.93,0.0,0,0
2026-03-27,5,79,65,2,812.57,0.0,0,0
2026-03-27,6,0,0,8,4739.69,0.0,0,0
2026-03-27,7,262,206,4,2746.3,0.0,0,0
2026-03-28,1,402,320,7,6911.87,0.0,0,0
2026-03-28,2,132,104,3,1483.86,404.25,5047,212
2026-03-28,3,252,215,2,918.22,0.0,0,0
2026-03-28,4,111,92,4,3022.38,0.0,0,0
2026-03-28,5,49,41,1,258.75,0.0,0,0
2026-03-28,6,0,0,11,8692.06,0.0,0,0
2026-03-28,7,238,203,4,2837.09,0.0,0,0
2026-03-29,1,480,406,11,5762.06,0.0,0,0
2026-03-29,2,166,142,4,2717.48,337.76,4214,177
2026-03-29,3,152,120,1,718.59,0.0,0,0
2026-03-29,4,119,95,4,1456.15,0.0,0,0
2026-03-29,5,78,63,2,2154.0,0.0,0,0
2026-03-29,6,0,0,9,5914.9,0.0,0,0
2026-03-29,7,67,54,1,571.6,0.0,0,0
2026-03-30,1,467,371,9,6067.4,0.0,0,0
2026-03-30,2,241,200,6,3727.59,471.84,5904,248
2026-03-30,3,134,104,1,262.58,0.0,0,0
2026-03-30,4,29,24,0,0.0,0.0,0,0
2026-03-30,5,125,103,4,1984.3,0.0,0,0
2026-03-30,6,0,0,8,3904.16,0.0,0,0
2026-03-30,7,132,104,2,684.4,0.0,0,0
2026-03-31,1,421,340,9,6684.88,0.0,0,0
2026-03-31,2,126,99,3,837.23,350.61,4380,184
2026-03-31,3,14,11,0,0.0,0.0,0,0
2026-03-31,4,109,88,4,3108.83,0.0,0,0
2026-03-31,5,47,38,1,208.72,0.0,0,0
2026-03-31,6,0,0,10,6480.62,0.0,0,0
2026-03-31,7,17,13,0,0.0,0.0,0,0
2026-04-01,1,450,371,9,6179.89,0.0,0,0
2026-04-01,2,200,170,5,2951.88,450.59,5642,237
2026-04-01,3,15,12,0,0.0,0.0,0,0
2026-04-01,4,104,87,3,3611.28,0.0,0,0
2026-04-01,5,80,67,2,1480.49,0.0,0,0
2026-04-01,6,0,0,8,2958.24,0.0,0,0
2026-04-01,7,18,15,0,0.0,0.0,0,0
2026-04-02,1,711,559,15,9000.42,0.0,0,0
2026-04-02,2,113,92,2,1971.06,251.96,3142,132
2026-04-02,3,132,109,1,1262.6,0.0,0,0
2026-04-02,4,50,40,1,992.72,0.0,0,0
2026-04-02,5,99,83,3,3244.98,0.0,0,0
2026-04-02,6,0,0,6,3313.51,0.0,0,0
2026-04-02,7,135,113,2,2862.8,0.0,0,0
2026-04-03,1,683,532,14,7477.0,0.0,0,0
2026-04-03,2,186,147,5,4828.65,341.74,4261,179
2026-04-03,3,137,111,1,315.0,0.0,0,0
2026-04-03,4,90,71,3,1142.95,0.0,0,0
2026-04-03,5,51,42,1,289.88,0.0,0,0
2026-04-03,6,0,0,14,8508.79,0.0,0,0
2026-04-03,7,132,107,2,1293.0,0.0,0,0
2026-04-04,1,756,620,16,14859.09,0.0,0,0
2026-04-04,2,111,92,2,1847.5,368.98,4619,194
2026-04-04,3,15,12,0,0.0,0.0,0,0
2026-04-04,4,131,112,5,1875.77,0.0,0,0
2026-04-04,5,78,62,2,601.03,0.0,0,0
2026-04-04,6,0,0,11,7985.48,0.0,0,0
2026-04-04,7,18,14,0,0.0,0.0,0,0
2026-04-05,1,448,381,9,5093.77,0.0,0,0
2026-04-05,2,237,195,6,5791.08,324.84,4047,170
2026-04-05,3,609,495,6,2894.1,0.0,0,0
2026-04-05,4,92,74,3,897.84,0.0,0,0
2026-04-05,5,68,57,2,1740.03,0.0,0,0
2026-04-05,6,0,0,7,3567.31,0.0,0,0
2026-04-05,7,179,147,3,2820.51,0.0,0,0
2026-04-06,1,646,550,15,10936.25,0.0,0,0
2026-04-06,2,520,432,14,12802.65,211.86,2642,111
2026-04-06,3,133,111,1,1133.35,0.0,0,0
2026-04-06,4,53,44,1,273.01,0.0,0,0
2026-04-06,5,83,69,2,1364.4,0.0,0,0
2026-04-06,6,0,0,15,8230.24,0.0,0,0
2026-04-06,7,75,62,1,340.58,0.0,0,0
2026-04-07,1,283,231,5,2897.3,0.0,0,0
2026-04-07,2,178,142,4,4110.65,465.36,5809,244
2026-04-07,3,15,12,0,0.0,0.0,0,0
2026-04-07,4,135,110,5,3808.57,0.0,0,0
2026-04-07,5,81,63,2,1583.01,0.0,0,0
2026-04-07,6,0,0,3,2123.8,0.0,0,0
2026-04-07,7,182,156,3,2506.1,0.0,0,0
2026-04-08,1,522,415,10,6152.48,0.0,0,0
2026-04-08,2,127,107,3,2502.43,447.47,5595,235
2026-04-08,3,284,228,2,2061.51,0.0,0,0
2026-04-08,4,104,87,3,2647.82,0.0,0,0
2026-04-08,5,24,20,0,0.0,0.0,0,0
2026-04-08,6,0,0,12,7287.1,0.0,0,0
2026-04-08,7,183,152,3,2939.43,0.0,0,0
2026-04-09,1,316,263,6,3593.86,0.0,0,0
2026-04-09,2,198,167,5,3901.1,424.44,5309,223
2026-04-09,3,151,129,1,369.8,0.0,0,0
2026-04-09,4,50,40,1,1257.16,0.0,0,0
2026-04-09,5,79,66,2,1922.79,0.0,0,0
2026-04-09,6,0,0,17,13195.58,0.0,0,0
2026-04-09,7,241,198,4,2519.64,0.0,0,0
2026-04-10,1,898,720,20,14484.07,0.0,0,0
2026-04-10,2,167,130,4,2320.2,284.42,3547,149
2026-04-10,3,16,13,0,0.0,0.0,0,0
2026-04-10,4,98,82,3,4550.58,0.0,0,0
2026-04-10,5,101,83,3,2144.95,0.0,0,0
2026-04-10,6,0,0,18,11745.74,0.0,0,0
2026-04-10,7,123,97,2,1373.05,0.0,0,0
2026-04-11,1,602,485,13,7456.68,0.0,0,0
2026-04-11,2,227,190,6,4423.76,389.05,4857,204
2026-04-11,3,384,302,3,3042.66,0.0,0,0
2026-04-11,4,92,78,3,1879.23,0.0,0,0
2026-04-11,5,116,94,3,1818.34,0.0,0,0
2026-04-11,6,0,0,11,4374.39,0.0,0,0
2026-04-11,7,68,56,1,326.56,0.0,0,0
2026-04-12,1,459,368,8,2754.2,0.0,0,0
2026-04-12,2,382,310,10,7404.2,458.41,5738,241
2026-04-12,3,246,207,2,1174.66,0.0,0,0
2026-04-12,4,94,77,3,2971.08,0.0,0,0
2026-04-12,5,162,126,5,5150.97,0.0,0,0
2026-04-12,6,0,0,12,5342.97,0.0,0,0
2026-04-12,7,187,157,3,2705.17,0.0,0,0
2026-04-13,1,653,554,14,10235.85,0.0,0,0
2026-04-13,2,205,170,5,3696.94,365.6,4571,192
2026-04-13,3,133,110,1,367.81,0.0,0,0
2026-04-13,4,93,79,3,2313.19,0.0,0,0
2026-04-13,5,85,72,2,1063.0,0.0,0,0
2026-04-13,6,0,0,6,4613.37,0.0,0,0
2026-04-13,7,19,16,0,0.0,0.0,0,0
2026-04-14,1,585,486,12,8649.38,0.0,0,0
2026-04-14,2,105,87,2,2889.82,362.9,4547,191
2026-04-14,3,394,336,3,906.99,0.0,0,0
2026-04-14,4,163,138,6,5627.99,0.0,0,0
2026-04-14,5,93,74,2,1991.39,0.0,0,0
2026-04-14,6,0,0,6,5554.07,0.0,0,0
2026-04-14,7,70,54,1,984.48,0.0,0,0
2026-04-15,1,535,434,11,12077.74,0.0,0,0
2026-04-15,2,192,162,4,2429.72,301.02,3761,158
2026-04-15,3,261,216,2,1702.8,0.0,0,0
2026-04-15,4,113,92,4,1538.46,0.0,0,0
2026-04-15,5,131,107,4,1526.53,0.0,0,0
2026-04-15,6,0,0,9,5135.94,0.0,0,0
2026-04-15,7,184,155,3,3336.58,0.0,0,0
2026-04-16,1,694,560,14,6126.4,0.0,0,0
2026-04-16,2,336,274,9,7201.19,298.24,3714,156
2026-04-16,3,250,214,2,1228.83,0.0,0,0
2026-04-16,4,164,139,6,5343.45,0.0,0,0
2026-04-16,5,82,66,2,1119.02,0.0,0,0
2026-04-16,6,0,0,11,9500.62,0.0,0,0
2026-04-16,7,241,189,4,2083.9,0.0,0,0
2026-04-17,1,309,264,5,3471.28,0.0,0,0
2026-04-17,2,342,292,11,6290.63,369.59,4619,194
2026-04-17,3,16,12,0,0.0,0.0,0,0
2026-04-17,4,90,74,3,2609.65,0.0,0,0
2026-04-17,5,84,71,2,1288.8,0.0,0,0
2026-04-17,6,0,0,6,3717.35,0.0,0,0
2026-04-17,7,77,65,1,1390.56,0.0,0,0
2026-04-18,1,576,486,11,8264.04,0.0,0,0
2026-04-18,2,298,249,7,4505.29,501.63,6285,264
2026-04-18,3,267,229,2,1303.62,0.0,0,0
2026-04-18,4,169,142,6,3283.08,0.0,0,0
2026-04-18,5,145,124,4,1754.1,0.0,0,0
2026-04-18,6,0,0,18,13168.09,0.0,0,0
2026-04-18,7,74,61,1,310.77,0.0,0,0
2026-04-19,1,331,277,6,4247.76,0.0,0,0
2026-04-19,2,144,118,3,1871.53,437.95,5476,230
2026-04-19,3,462,396,4,2225.24,0.0,0,0
2026-04-19,4,120,101,4,3832.07,0.0,0,0
2026-04-19,5,180,148,6,3824.25,0.0,0,0
2026-04-19,6,0,0,11,6558.39,0.0,0,0
2026-04-19,7,75,63,1,1098.56,0.0,0,0
2026-04-20,1,565,468,11,9150.26,0.0,0,0
2026-04-20,2,202,168,5,2082.14,0.0,0,0
2026-04-20,3,251,211,2,591.03,0.0,0,0
2026-04-20,4,91,77,3,1734.5,0.0,0,0
2026-04-20,5,173,145,6,4744.2,0.0,0,0
2026-04-20,6,0,0,7,4389.78,0.0,0,0
2026-04-20,7,20,16,0,0.0,0.0,0,0
2026-04-21,1,579,474,12,10866.68,0.0,0,0
2026-04-21,2,301,258,7,3529.96,0.0,0,0
2026-04-21,3,153,131,1,328.75,0.0,0,0
2026-04-21,4,177,147,6,3257.75,0.0,0,0
2026-04-21,5,106,87,3,3601.87,0.0,0,0
2026-04-21,6,0,0,11,6933.3,0.0,0,0
2026-04-21,7,140,118,2,673.68,0.0,0,0
2026-04-22,1,492,399,9,4545.82,0.0,0,0
2026-04-22,2,254,213,7,3668.82,0.0,0,0
2026-04-22,3,299,253,2,1293.65,0.0,0,0
2026-04-22,4,78,61,2,558.41,0.0,0,0
2026-04-22,5,53,41,1,295.0,0.0,0,0
2026-04-22,6,0,0,15,9084.49,0.0,0,0
2026-04-22,7,20,15,0,0.0,0.0,0,0
2026-04-23,1,529,413,10,7493.36,0.0,0,0
2026-04-23,2,146,119,3,1684.29,0.0,0,0
2026-04-23,3,128,104,1,300.69,0.0,0,0
2026-04-23,4,127,100,4,2182.49,0.0,0,0
2026-04-23,5,145,117,4,1836.46,0.0,0,0
2026-04-23,6,0,0,6,6078.26,0.0,0,0
2026-04-23,7,85,72,1,1486.04,0.0,0,0
2026-04-24,1,464,383,8,7207.29,0.0,0,0
2026-04-24,2,208,172,5,3342.24,0.0,0,0
2026-04-24,3,287,230,2,619.34,0.0,0,0
2026-04-24,4,109,90,3,2568.78,0.0,0,0
2026-04-24,5,86,69,2,1311.76,0.0,0,0
2026-04-24,6,0,0,11,7674.29,0.0,0,0
2026-04-24,7,132,103,2,1705.59,0.0,0,0
2026-04-25,1,492,413,9,6116.28,0.0,0,0
2026-04-25,2,208,163,5,2959.8,0.0,0,0
2026-04-25,3,17,14,0,0.0,0.0,0,0
2026-04-25,4,161,128,6,3122.67,0.0,0,0
2026-04-25,5,127,108,4,2684.31,0.0,0,0
2026-04-25,6,0,0,7,4345.27,0.0,0,0
2026-04-25,7,192,153,3,3664.54,0.0,0,0
2026-04-26,1,509,404,9,8134.09,0.0,0,0
2026-04-26,2,118,94,2,552.42,0.0,0,0
2026-04-26,3,141,112,1,593.62,0.0,0,0
2026-04-26,4,120,94,4,2686.98,0.0,0,0
2026-04-26,5,26,21,0,0.0,0.0,0,0
2026-04-26,6,0,0,9,4735.08,0.0,0,0
2026-04-26,7,133,109,2,666.68,0.0,0,0
2026-04-27,1,546,466,11,7944.57,0.0,0,0
2026-04-27,2,256,204,6,2575.95,0.0,0,0
2026-04-27,3,335,268,3,2863.59,0.0,0,0
2026-04-27,4,71,57,2,577.69,0.0,0,0
2026-04-27,5,110,88,3,2349.43,0.0,0,0
2026-04-27,6,0,0,10,6337.76,0.0,0,0
2026-04-27,7,73,58,1,360.64,0.0,0,0
2026-04-28,1,364,294,8,6377.31,0.0,0,0
2026-04-28,2,212,173,5,1963.23,0.0,0,0
2026-04-28,3,237,196,2,1020.48,0.0,0,0
2026-04-28,4,82,64,2,514.3,0.0,0,0
2026-04-28,5,82,68,2,2024.08,0.0,0,0
2026-04-28,6,0,0,14,6848.89,0.0,0,0
2026-04-28,7,121,94,2,587.12,0.0,0,0
2026-04-29,1,503,402,10,8138.85,0.0,0,0
2026-04-29,2,255,217,6,3755.37,0.0,0,0
2026-04-29,3,142,117,1,314.68,0.0,0,0
2026-04-29,4,125,105,4,1222.97,0.0,0,0
2026-04-29,5,51,41,1,682.26,0.0,0,0
2026-04-29,6,0,0,3,2093.52,0.0,0,0
2026-04-29,7,138,116,2,2201.82,0.0,0,0
2026-04-30,1,413,332,7,4927.11,0.0,0,0
2026-04-30,2,339,276,9,8861.66,0.0,0,0
2026-04-30,3,17,14,0,0.0,0.0,0,0
2026-04-30,4,84,67,2,1462.54,0.0,0,0
2026-04-30,5,130,104,4,2028.38,0.0,0,0
2026-04-30,6,0,0,9,5979.54,0.0,0,0
2026-04-30,7,196,156,3,2184.14,0.0,0,0
2026-05-01,1,734,597,14,9158.43,0.0,0,0
2026-05-01,2,119,95,2,935.89,0.0,0,0
2026-05-01,3,365,290,3,1530.25,0.0,0,0
2026-05-01,4,97,79,3,1036.22,0.0,0,0
2026-05-01,5,121,102,3,3494.24,0.0,0,0
2026-05-01,6,0,0,5,3008.24,0.0,0,0
2026-05-01,7,142,117,2,1550.4,0.0,0,0
2026-05-02,1,413,349,8,3350.59,0.0,0,0
2026-05-02,2,169,135,4,3431.58,0.0,0,0
2026-05-02,3,270,229,2,861.73,0.0,0,0
2026-05-02,4,76,65,2,1575.27,0.0,0,0
2026-05-02,5,81,64,2,1728.0,0.0,0,0
2026-05-02,6,0,0,8,6064.28,0.0,0,0
2026-05-02,7,345,275,6,3190.93,0.0,0,0
2026-05-03,1,249,195,4,3406.55,0.0,0,0
2026-05-03,2,171,140,4,3758.76,0.0,0,0
2026-05-03,3,310,241,2,620.12,0.0,0,0
2026-05-03,4,79,64,2,1303.88,0.0,0,0
2026-05-03,5,85,70,2,2094.52,0.0,0,0
2026-05-03,6,0,0,16,11249.3,0.0,0,0
2026-05-03,7,128,102,2,2318.37,0.0,0,0
2026-05-04,1,236,190,3,2500.8,0.0,0,0
2026-05-04,2,116,95,2,1813.12,0.0,0,0
2026-05-04,3,136,115,1,319.94,0.0,0,0
2026-05-04,4,36,30,0,0.0,0.0,0,0
2026-05-04,5,178,142,5,4255.23,0.0,0,0
2026-05-04,6,0,0,10,7487.37,0.0,0,0
2026-05-04,7,132,106,2,1417.17,0.0,0,0
2026-05-05,1,425,343,8,9219.83,0.0,0,0
2026-05-05,2,171,134,4,3003.63,0.0,0,0
2026-05-05,3,18,14,0,0.0,0.0,0,0
2026-05-05,4,56,44,1,276.51,0.0,0,0
2026-05-05,5,83,67,2,2679.41,0.0,0,0
2026-05-05,6,0,0,9,8219.07,0.0,0,0
2026-05-05,7,138,118,2,1392.04,0.0,0,0
2026-05-06,1,546,446,11,8111.41,0.0,0,0
2026-05-06,2,192,153,4,2511.87,0.0,0,0
2026-05-06,3,302,246,2,666.86,0.0,0,0
2026-05-06,4,36,30,0,0.0,0.0,0,0
2026-05-06,5,122,96,3,1288.43,0.0,0,0
2026-05-06,6,0,0,5,4018.75,0.0,0,0
2026-05-06,7,131,112,2,993.66,0.0,0,0
2026-05-07,1,430,344,7,4509.5,0.0,0,0
2026-05-07,2,199,155,5,4359.79,0.0,0,0
2026-05-07,3,268,213,2,585.89,0.0,0,0
2026-05-07,4,166,141,6,3428.4,0.0,0,0
2026-05-07,5,156,125,5,2475.2,0.0,0,0
2026-05-07,6,0,0,13,7506.37,0.0,0,0
2026-05-07,7,194,157,3,2228.74,0.0,0,0
2026-05-08,1,764,640,15,12709.37,0.0,0,0
2026-05-08,2,249,208,6,2714.83,0.0,0,0
2026-05-08,3,141,115,1,341.14,0.0,0,0
2026-05-08,4,98,77,3,2998.79,0.0,0,0
2026-05-08,5,56,44,1,1208.64,0.0,0,0
2026-05-08,6,0,0,13,10123.42,0.0,0,0
2026-05-08,7,242,191,4,1919.34,0.0,0,0
2026-05-09,1,304,245,5,1968.73,0.0,0,0
2026-05-09,2,227,189,6,3416.58,0.0,0,0
2026-05-09,3,122,101,1,332.87,0.0,0,0
2026-05-09,4,37,31,0,0.0,0.0,0,0
2026-05-09,5,54,44,1,565.64,0.0,0,0
2026-05-09,6,0,0,17,11193.03,0.0,0,0
2026-05-09,7,180,142,3,4548.78,0.0,0,0
2026-05-10,1,577,478,9,7559.5,0.0,0,0
2026-05-10,2,306,249,7,4136.66,0.0,0,0
2026-05-10,3,18,15,0,0.0,0.0,0,0
2026-05-10,4,101,79,3,2212.62,0.0,0,0
2026-05-10,5,53,42,1,1268.96,0.0,0,0
2026-05-10,6,0,0,9,5317.84,0.0,0,0
2026-05-10,7,80,64,1,563.7,0.0,0,0
2026-05-11,1,340,272,5,3626.25,0.0,0,0
2026-05-11,2,187,159,4,3279.56,0.0,0,0
2026-05-11,3,665,521,5,4320.9,174.06,28727,316
2026-05-11,4,93,77,3,952.03,0.0,0,0
2026-05-11,5,28,21,0,0.0,0.0,0,0
2026-05-11,6,0,0,12,7835.78,0.0,0,0
2026-05-11,7,83,67,1,648.46,0.0,0,0
2026-05-12,1,506,435,10,7288.99,0.0,0,0
2026-05-12,2,119,96,2,1261.68,0.0,0,0
2026-05-12,3,281,234,2,1297.41,329.39,54363,598
2026-05-12,4,59,49,1,738.56,0.0,0,0
2026-05-12,5,115,94,3,1688.81,0.0,0,0
2026-05-12,6,0,0,10,6259.04,0.0,0,0
2026-05-12,7,125,98,2,1682.48,0.0,0,0
2026-05-13,1,612,503,13,12929.02,0.0,0,0
2026-05-13,2,251,200,6,5011.27,0.0,0,0
2026-05-13,3,548,435,4,1310.51,266.04,43909,483
2026-05-13,4,168,133,6,4651.74,0.0,0,0
2026-05-13,5,54,45,1,318.02,0.0,0,0
2026-05-13,6,0,0,6,3639.09,0.0,0,0
2026-05-13,7,335,277,6,5891.1,0.0,0,0
2026-05-14,1,558,446,9,6447.66,0.0,0,0
2026-05-14,2,159,136,4,2093.7,0.0,0,0
2026-05-14,3,126,104,1,1254.2,248.01,40909,450
2026-05-14,4,218,178,9,7378.1,0.0,0,0
2026-05-14,5,85,69,2,598.89,0.0,0,0
2026-05-14,6,0,0,9,6186.29,0.0,0,0
2026-05-14,7,139,112,2,1780.83,0.0,0,0
2026-05-15,1,324,259,5,3299.97,0.0,0,0
2026-05-15,2,205,167,5,3312.92,0.0,0,0
2026-05-15,3,149,127,1,1031.46,185.19,30545,336
2026-05-15,4,148,125,5,3311.07,0.0,0,0
2026-05-15,5,88,73,2,675.36,0.0,0,0
2026-05-15,6,0,0,10,6988.33,0.0,0,0
2026-05-15,7,204,166,3,1547.73,0.0,0,0
2026-05-16,1,460,385,9,6711.37,0.0,0,0
2026-05-16,2,311,254,8,6013.97,0.0,0,0
2026-05-16,3,232,184,2,641.05,249.16,41181,453
2026-05-16,4,175,148,6,3957.94,0.0,0,0
2026-05-16,5,103,84,3,3855.3,0.0,0,0
2026-05-16,6,0,0,8,5148.83,0.0,0,0
2026-05-16,7,70,57,1,268.77,0.0,0,0
2026-05-17,1,612,515,12,8311.74,0.0,0,0
2026-05-17,2,168,133,3,1360.1,0.0,0,0
2026-05-17,3,149,118,1,325.01,264.43,43636,480
2026-05-17,4,81,68,2,2447.51,0.0,0,0
2026-05-17,5,58,49,1,331.22,0.0,0,0
2026-05-17,6,0,0,11,8697.67,0.0,0,0
2026-05-17,7,193,165,3,2200.39,0.0,0,0
2026-05-18,1,647,542,13,6674.47,0.0,0,0
2026-05-18,2,274,234,7,6023.35,0.0,0,0
2026-05-18,3,364,310,3,1304.01,340.48,56272,619
2026-05-18,4,105,89,3,2249.96,0.0,0,0
2026-05-18,5,173,144,5,2351.17,0.0,0,0
2026-05-18,6,0,0,10,6016.82,0.0,0,0
2026-05-18,7,297,239,5,2733.18,0.0,0,0
2026-05-19,1,595,508,13,8586.22,0.0,0,0
2026-05-19,2,285,222,7,4435.17,0.0,0,0
2026-05-19,3,258,214,2,608.16,296.48,49000,539
2026-05-19,4,137,110,5,3206.91,0.0,0,0
2026-05-19,5,80,64,2,2835.71,0.0,0,0
2026-05-19,6,0,0,10,5276.19,0.0,0,0
2026-05-19,7,196,157,3,3110.0,0.0,0,0
2026-05-20,1,608,477,13,8495.01,0.0,0,0
2026-05-20,2,225,180,7,4895.51,0.0,0,0
2026-05-20,3,398,338,3,3107.6,237.09,39181,431
2026-05-20,4,148,117,5,3144.61,0.0,0,0
2026-05-20,5,78,61,2,1435.61,0.0,0,0
2026-05-20,6,0,0,8,6162.27,0.0,0,0
2026-05-20,7,23,19,0,0.0,0.0,0,0
2026-05-21,1,499,421,10,8342.67,0.0,0,0
2026-05-21,2,113,96,2,1030.99,0.0,0,0
2026-05-21,3,147,119,1,311.57,290.53,48000,528
2026-05-21,4,127,102,4,1689.32,0.0,0,0
2026-05-21,5,81,64,2,714.24,0.0,0,0
2026-05-21,6,0,0,12,8869.37,0.0,0,0
2026-05-21,7,135,110,2,2247.68,0.0,0,0
2026-05-22,1,704,583,14,9866.08,0.0,0,0
2026-05-22,2,166,139,4,2020.05,0.0,0,0
2026-05-22,3,524,450,4,2360.7,293.21,48454,533
2026-05-22,4,86,68,2,1325.58,0.0,0,0
2026-05-22,5,142,111,4,3903.26,0.0,0,0
2026-05-22,6,0,0,13,7060.67,0.0,0,0
2026-05-22,7,191,159,3,2139.48,0.0,0,0
2026-05-23,1,416,344,8,10177.97,0.0,0,0
2026-05-23,2,54,42,0,0.0,0.0,0,0
2026-05-23,3,387,307,3,5546.12,172.24,28454,313
2026-05-23,4,139,109,4,1563.14,0.0,0,0
2026-05-23,5,53,41,1,371.64,0.0,0,0
2026-05-23,6,0,0,12,5491.55,0.0,0,0
2026-05-23,7,75,59,1,936.57,0.0,0,0
2026-05-24,1,350,284,6,4234.1,0.0,0,0
2026-05-24,2,186,145,4,3843.24,0.0,0,0
2026-05-24,3,142,113,1,1142.28,228.27,37727,415
2026-05-24,4,97,76,3,1424.34,0.0,0,0
2026-05-24,5,90,72,2,1023.09,0.0,0,0
2026-05-24,6,0,0,9,5405.76,0.0,0,0
2026-05-24,7,126,100,2,956.29,0.0,0,0
2026-05-25,1,670,536,14,7160.52,0.0,0,0
2026-05-25,2,216,173,5,3563.22,167.61,2095,88
2026-05-25,3,321,251,2,1689.92,235.8,38909,428
2026-05-25,4,134,110,4,4351.56,0.0,0,0
2026-05-25,5,193,150,6,6082.64,0.0,0,0
2026-05-25,6,0,0,12,6679.88,0.0,0,0
2026-05-25,7,146,123,2,2329.7,0.0,0,0
2026-05-26,1,630,531,12,10230.07,0.0,0,0
2026-05-26,2,355,278,9,7558.94,139.84,1738,73
2026-05-26,3,388,332,3,1463.51,336.88,55636,612
2026-05-26,4,121,96,4,3638.38,0.0,0,0
2026-05-26,5,78,64,2,990.28,0.0,0,0
2026-05-26,6,0,0,10,6992.54,0.0,0,0
2026-05-26,7,131,102,2,2627.32,0.0,0,0
2026-05-27,1,468,370,8,6922.07,0.0,0,0
2026-05-27,2,120,97,2,1651.83,201.49,2523,106
2026-05-27,3,261,210,2,1113.89,267.47,44181,486
2026-05-27,4,101,82,3,2597.55,0.0,0,0
2026-05-27,5,83,67,2,2487.6,0.0,0,0
2026-05-27,6,0,0,11,6674.24,0.0,0,0
2026-05-27,7,194,165,3,1976.5,0.0,0,0
2026-05-28,1,580,497,11,12068.45,0.0,0,0
2026-05-28,2,304,243,7,8118.86,180.84,2261,95
2026-05-28,3,185,151,1,1528.8,293.01,48363,532
2026-05-28,4,125,99,4,4078.38,0.0,0,0
2026-05-28,5,90,76,2,962.01,0.0,0,0
2026-05-28,6,0,0,6,3660.19,0.0,0,0
2026-05-28,7,23,19,0,0.0,0.0,0,0
2026-05-29,1,328,270,5,2258.22,0.0,0,0
2026-05-29,2,344,269,10,8558.19,190.53,2380,100
2026-05-29,3,19,15,0,0.0,215.95,35636,392
2026-05-29,4,62,50,1,558.06,0.0,0,0
2026-05-29,5,116,92,3,1299.7,0.0,0,0
2026-05-29,6,0,0,7,4307.88,0.0,0,0
2026-05-29,7,23,18,0,0.0,0.0,0,0
2026-05-30,1,608,521,11,9266.24,0.0,0,0
2026-05-30,2,144,114,3,2328.91,192.06,2404,101
2026-05-30,3,406,326,3,3457.36,246.68,40727,448
2026-05-30,4,144,122,5,2876.68,0.0,0,0
2026-05-30,5,30,23,0,0.0,0.0,0,0
2026-05-30,6,0,0,7,4955.87,0.0,0,0
2026-05-30,7,191,153,3,980.53,0.0,0,0
2026-05-31,1,499,419,9,5484.53,0.0,0,0
2026-05-31,2,302,246,8,4512.73,215.09,2690,113
2026-05-31,3,140,116,1,345.98,257.2,42454,467
2026-05-31,4,110,88,4,2511.17,0.0,0,0
2026-05-31,5,90,70,2,684.75,0.0,0,0
2026-05-31,6,0,0,14,11151.08,0.0,0,0
2026-05-31,7,253,199,4,2725.67,0.0,0,0
2026-06-01,1,548,448,11,6425.29,0.0,0,0
2026-06-01,2,181,148,4,2980.77,208.35,2595,109
2026-06-01,3,408,345,3,1989.29,191.56,31636,348
2026-06-01,4,83,70,2,951.33,0.0,0,0
2026-06-01,5,168,136,5,3753.12,0.0,0,0
2026-06-01,6,0,0,9,9433.01,0.0,0,0
2026-06-01,7,23,18,0,0.0,0.0,0,0
2026-06-02,1,575,468,10,10699.04,0.0,0,0
2026-06-02,2,263,215,7,3992.51,209.0,2619,110
2026-06-02,3,19,15,0,0.0,299.39,49454,544
2026-06-02,4,142,118,5,1908.66,0.0,0,0
2026-06-02,5,120,102,3,2199.42,0.0,0,0
2026-06-02,6,0,0,15,10252.94,0.0,0,0
2026-06-02,7,132,108,2,2292.82,0.0,0,0
2026-06-03,1,614,491,11,12537.82,0.0,0,0
2026-06-03,2,224,180,5,3251.97,222.28,2761,116
2026-06-03,3,522,437,4,2910.65,206.69,34090,375
2026-06-03,4,119,93,4,4250.57,0.0,0,0
2026-06-03,5,240,197,7,8260.21,0.0,0,0
2026-06-03,6,0,0,8,8133.43,0.0,0,0
2026-06-03,7,220,177,3,2584.1,0.0,0,0
2026-06-04,1,485,381,9,4227.05,0.0,0,0
2026-06-04,2,260,214,7,4353.72,220.2,2738,115
2026-06-04,3,273,214,2,1565.5,260.34,43000,473
2026-06-04,4,80,66,2,2784.56,0.0,0,0
2026-06-04,5,160,125,5,3829.21,0.0,0,0
2026-06-04,6,0,0,12,9533.51,0.0,0,0
2026-06-04,7,153,127,2,1342.91,0.0,0,0
2026-06-05,1,312,249,5,3694.24,0.0,0,0
2026-06-05,2,229,184,5,3695.93,190.24,2380,100
2026-06-05,3,441,361,3,881.73,342.9,56636,623
2026-06-05,4,175,140,6,3119.78,0.0,0,0
2026-06-05,5,59,46,1,287.63,0.0,0,0
2026-06-05,6,0,0,17,13631.01,0.0,0,0
2026-06-05,7,304,251,6,5001.18,0.0,0,0
2026-06-06,1,522,448,9,7130.34,0.0,0,0
2026-06-06,2,124,103,2,5183.17,252.01,3142,132
2026-06-06,3,19,15,0,0.0,298.24,49272,542
2026-06-06,4,143,113,5,4882.11,0.0,0,0
2026-06-06,5,91,71,2,2705.64,0.0,0,0
2026-06-06,6,0,0,12,7605.21,0.0,0,0
2026-06-06,7,136,109,2,1047.18,0.0,0,0
2026-06-07,1,566,479,10,9318.63,0.0,0,0
2026-06-07,2,200,169,4,3847.6,189.75,2357,99
2026-06-07,3,711,562,5,3843.26,223.03,36818,405
2026-06-07,4,140,116,5,2050.99,0.0,0,0
2026-06-07,5,81,67,2,2138.48,0.0,0,0
2026-06-07,6,0,0,7,3898.54,0.0,0,0
2026-06-07,7,145,123,2,2314.76,0.0,0,0
2026-06-08,1,435,370,7,3589.65,0.0,0,0
2026-06-08,2,311,248,8,5519.1,189.93,2357,99
2026-06-08,3,426,335,3,1674.68,221.02,36454,401
2026-06-08,4,63,51,1,1708.3,0.0,0,0
2026-06-08,5,96,78,2,1352.15,0.0,0,0
2026-06-08,6,0,0,6,1839.11,0.0,0,0
2026-06-08,7,217,182,4,2524.39,0.0,0,0
2026-06-09,1,643,501,11,8308.1,0.0,0,0
2026-06-09,2,245,198,6,3693.61,179.47,2238,94
2026-06-09,3,20,16,0,0.0,250.52,41363,455
2026-06-09,4,104,86,3,1604.02,0.0,0,0
2026-06-09,5,92,73,2,2441.79,0.0,0,0
2026-06-09,6,0,0,9,8573.44,0.0,0,0
2026-06-09,7,24,20,0,0.0,0.0,0,0
2026-06-10,1,772,631,15,10765.15,0.0,0,0
2026-06-10,2,269,216,6,3824.39,173.06,2166,91
2026-06-10,3,264,221,2,1508.24,210.65,34818,383
2026-06-10,4,128,100,4,3924.67,0.0,0,0
2026-06-10,5,151,122,4,3186.12,0.0,0,0
2026-06-10,6,0,0,15,8163.36,0.0,0,0
2026-06-10,7,78,66,1,1516.88,0.0,0,0
2026-06-11,1,662,524,15,8154.85,0.0,0,0
2026-06-11,2,130,104,2,3347.28,152.56,1904,80
2026-06-11,3,153,124,1,942.12,188.61,31090,342
2026-06-11,4,84,67,2,2634.32,0.0,0,0
2026-06-11,5,82,70,2,3044.64,0.0,0,0
2026-06-11,6,0,0,10,4729.15,0.0,0,0
2026-06-11,7,139,119,2,1270.33,0.0,0,0
2026-06-12,1,378,303,6,2468.77,0.0,0,0
2026-06-12,2,178,146,4,3151.08,174.05,2166,91
2026-06-12,3,687,572,5,4118.56,262.3,43272,476
2026-06-12,4,97,82,3,3142.33,0.0,0,0
2026-06-12,5,131,107,4,2992.91,0.0,0,0
2026-06-12,6,0,0,12,7566.68,0.0,0,0
2026-06-12,7,189,148,3,2274.88,0.0,0,0
2026-06-13,1,393,318,8,8153.73,0.0,0,0
2026-06-13,2,171,144,4,2580.96,174.84,2190,92
2026-06-13,3,20,16,0,0.0,266.6,44000,484
2026-06-13,4,106,83,3,1169.58,0.0,0,0
2026-06-13,5,57,44,1,1439.65,0.0,0,0
2026-06-13,6,0,0,6,3760.62,0.0,0,0
2026-06-13,7,24,20,0,0.0,0.0,0,0
2026-06-14,1,530,453,10,7701.97,0.0,0,0
2026-06-14,2,341,272,8,5846.86,205.14,2547,107
2026-06-14,3,700,549,6,5116.03,233.06,38454,423
2026-06-14,4,174,141,6,3953.55,0.0,0,0
2026-06-14,5,115,91,3,2709.63,0.0,0,0
2026-06-14,6,0,0,7,5705.12,0.0,0,0
2026-06-14,7,135,114,2,3452.76,0.0,0,0
2026-06-15,1,373,308,7,5400.25,0.0,0,0
2026-06-15,2,246,204,6,3555.17,182.95,2285,96
2026-06-15,3,134,114,1,1115.31,238.77,39454,434
2026-06-15,4,116,94,4,1269.37,0.0,0,0
2026-06-15,5,60,51,1,1440.56,0.0,0,0
2026-06-15,6,0,0,6,6378.04,0.0,0,0
2026-06-15,7,145,113,2,1832.69,0.0,0,0
2026-06-16,1,430,364,8,5211.73,0.0,0,0
2026-06-16,2,317,262,8,4643.63,216.48,2690,113
2026-06-16,3,377,299,3,2108.48,199.81,33000,363
2026-06-16,4,61,51,1,283.63,0.0,0,0
2026-06-16,5,87,73,2,1914.96,0.0,0,0
2026-06-16,6,0,0,10,7726.12,0.0,0,0
2026-06-16,7,191,155,3,1543.69,0.0,0,0
2026-06-17,1,459,361,8,6099.25,0.0,0,0
2026-06-17,2,327,269,8,4728.96,158.66,1976,83
2026-06-17,3,369,307,3,2115.26,279.07,46090,507
2026-06-17,4,104,88,3,2063.61,0.0,0,0
2026-06-17,5,80,62,2,2231.63,0.0,0,0
2026-06-17,6,0,0,8,5561.07,0.0,0,0
2026-06-17,7,154,121,2,581.69,0.0,0,0
2026-06-18,1,514,407,10,5813.03,0.0,0,0
2026-06-18,2,152,125,3,2403.19,171.34,2142,90
2026-06-18,3,265,209,2,1537.2,258.38,42636,469
2026-06-18,4,94,76,3,2001.9,0.0,0,0
2026-06-18,5,147,126,4,3550.8,0.0,0,0
2026-06-18,6,0,0,10,4895.19,0.0,0,0
2026-06-18,7,140,112,2,1746.23,0.0,0,0
2026-06-19,1,767,611,16,13870.69,0.0,0,0
2026-06-19,2,371,310,10,8707.82,260.54,3261,137
2026-06-19,3,157,133,1,635.84,282.23,46636,513
2026-06-19,4,82,65,2,1544.84,0.0,0,0
2026-06-19,5,116,99,3,1345.37,0.0,0,0
2026-06-19,6,0,0,9,4755.98,0.0,0,0
2026-06-19,7,188,146,3,2988.09,0.0,0,0
2026-06-20,1,477,385,9,5618.76,0.0,0,0
2026-06-20,2,118,100,2,2172.62,189.36,2357,99
2026-06-20,3,291,231,2,708.52,334.13,55181,607
2026-06-20,4,62,51,1,767.16,0.0,0,0
2026-06-20,5,86,67,2,657.3,0.0,0,0
2026-06-20,6,0,0,11,11193.26,0.0,0,0
2026-06-20,7,127,105,2,3327.6,0.0,0,0
2026-06-21,1,447,349,8,5347.37,0.0,0,0
2026-06-21,2,57,48,0,0.0,180.64,2261,95
2026-06-21,3,159,136,1,2167.97,200.81,33181,365
2026-06-21,4,142,119,5,4199.49,0.0,0,0
2026-06-21,5,144,113,4,3403.6,0.0,0,0
2026-06-21,6,0,0,16,8411.58,0.0,0,0
2026-06-21,7,131,109,2,691.39,0.0,0,0
2026-06-22,1,374,294,7,5472.64,0.0,0,0
2026-06-22,2,360,297,9,6278.95,211.61,2642,111
2026-06-22,3,286,238,2,1786.57,222.04,36636,403
2026-06-22,4,115,93,4,3744.38,0.0,0,0
2026-06-22,5,84,67,2,3081.12,0.0,0,0
2026-06-22,6,0,0,12,6383.64,0.0,0,0
2026-06-22,7,24,20,0,0.0,0.0,0,0
2026-06-23,1,320,268,5,3467.8,0.0,0,0
2026-06-23,2,133,110,2,1377.22,220.72,2761,116
2026-06-23,3,20,16,0,0.0,303.12,50090,551
2026-06-23,4,121,96,4,4870.23,0.0,0,0
2026-06-23,5,140,119,4,2778.19,0.0,0,0
2026-06-23,6,0,0,11,6243.09,0.0,0,0
2026-06-23,7,120,97,2,1376.36,0.0,0,0
2026-06-24,1,595,475,11,8561.86,0.0,0,0
2026-06-24,2,227,188,5,3953.18,210.37,2619,110
2026-06-24,3,20,16,0,0.0,210.97,34818,383
2026-06-24,4,63,53,1,1595.95,0.0,0,0
2026-06-24,5,93,75,2,3789.0,0.0,0,0
2026-06-24,6,0,0,8,6948.74,0.0,0,0
2026-06-24,7,130,107,2,1090.53,0.0,0,0
2026-06-25,1,388,311,7,5957.44,0.0,0,0
2026-06-25,2,163,137,3,1822.92,230.21,2880,121
2026-06-25,3,549,448,4,3079.98,254.64,42000,462
2026-06-25,4,84,70,2,729.06,0.0,0,0
2026-06-25,5,59,47,1,1261.48,0.0,0,0
2026-06-25,6,0,0,8,8105.1,0.0,0,0
2026-06-25,7,120,98,2,630.42,0.0,0,0
2026-06-26,1,426,358,8,4417.04,0.0,0,0
2026-06-26,2,330,269,8,5213.84,175.12,2190,92
2026-06-26,3,20,15,0,0.0,265.62,43818,482
2026-06-26,4,125,97,4,4070.64,0.0,0,0
2026-06-26,5,31,25,0,0.0,0.0,0,0
2026-06-26,6,0,0,8,5763.18,0.0,0,0
2026-06-26,7,233,198,4,1927.06,0.0,0,0
2026-06-27,1,569,453,11,8511.98,0.0,0,0
2026-06-27,2,232,192,6,2405.65,179.3,2238,94
2026-06-27,3,254,200,2,1962.04,235.17,38818,427
2026-06-27,4,94,77,3,2929.19,0.0,0,0
2026-06-27,5,91,77,2,1616.78,0.0,0,0
2026-06-27,6,0,0,13,6226.3,0.0,0,0
2026-06-27,7,237,200,4,2342.14,0.0,0,0
2026-06-28,1,555,458,11,9440.12,0.0,0,0
2026-06-28,2,289,245,7,2912.54,195.12,2428,102
2026-06-28,3,433,343,3,1309.56,321.98,53181,585
2026-06-28,4,84,71,2,614.41,0.0,0,0
2026-06-28,5,121,99,3,2608.47,0.0,0,0
2026-06-28,6,0,0,13,9199.72,0.0,0,0
2026-06-28,7,180,142,3,1473.39,0.0,0,0
2026-06-29,1,650,517,12,9876.01,0.0,0,0
2026-06-29,2,152,130,3,3706.88,168.9,2095,88
2026-06-29,3,148,125,1,676.04,265.92,43909,483
2026-06-29,4,108,86,3,1846.28,0.0,0,0
2026-06-29,5,189,150,6,7009.41,0.0,0,0
2026-06-29,6,0,0,6,4993.48,0.0,0,0
2026-06-29,7,78,64,1,2756.56,0.0,0,0
2026-06-30,1,425,340,8,5028.81,0.0,0,0
2026-06-30,2,234,187,6,3660.8,215.44,2690,113
2026-06-30,3,137,108,1,1607.45,230.39,38000,418
2026-06-30,4,61,51,1,322.49,0.0,0,0
2026-06-30,5,85,68,2,2480.76,0.0,0,0
2026-06-30,6,0,0,2,673.6,0.0,0,0
2026-06-30,7,200,165,3,3015.88,0.0,0,0
2026-07-01,1,480,382,10,9984.86,0.0,0,0
2026-07-01,2,278,232,7,4352.32,163.62,2047,86
2026-07-01,3,285,233,2,654.78,280.36,46272,509
2026-07-01,4,41,32,0,0.0,0.0,0,0
2026-07-01,5,61,47,1,1467.28,0.0,0,0
2026-07-01,6,0,0,9,6411.13,0.0,0,0
2026-07-01,7,142,116,2,2106.62,0.0,0,0
2026-07-02,1,429,350,8,8770.22,0.0,0,0
2026-07-02,2,202,172,5,3983.98,183.37,2285,96
2026-07-02,3,288,233,2,1294.66,246.32,40636,447
2026-07-02,4,86,68,2,1182.47,0.0,0,0
2026-07-02,5,85,72,2,1312.1,0.0,0,0
2026-07-02,6,0,0,9,6441.42,0.0,0,0
2026-07-02,7,256,212,4,2842.05,0.0,0,0
2026-07-03,1,433,367,8,10750.23,0.0,0,0
2026-07-03,2,200,162,5,3730.96,163.9,2047,86
2026-07-03,3,141,113,1,586.82,345.99,57181,629
2026-07-03,4,108,87,3,1281.16,0.0,0,0
2026-07-03,5,194,157,6,6251.39,0.0,0,0
2026-07-03,6,0,0,11,9042.58,0.0,0,0
2026-07-03,7,209,174,3,2339.55,0.0,0,0
2026-07-04,1,588,470,11,9687.44,0.0,0,0
2026-07-04,2,176,144,4,5528.96,249.48,3119,131
2026-07-04,3,281,220,2,1589.69,269.14,44454,489
2026-07-04,4,89,70,2,1331.41,0.0,0,0
2026-07-04,5,111,87,3,1704.01,0.0,0,0
2026-07-04,6,0,0,10,9378.46,0.0,0,0
2026-07-04,7,79,66,1,278.19,0.0,0,0
2026-07-05,1,316,271,5,3201.41,0.0,0,0
2026-07-05,2,237,185,6,4536.6,173.34,2166,91
2026-07-05,3,20,16,0,0.0,163.31,26909,296
2026-07-05,4,117,98,4,1668.46,0.0,0,0
2026-07-05,5,31,26,0,0.0,0.0,0,0
2026-07-05,6,0,0,6,5319.38,0.0,0,0
2026-07-05,7,184,144,3,2456.0,0.0,0,0
2026-07-06,1,430,338,8,6370.97,0.0,0,0
2026-07-06,2,130,106,2,613.48,221.3,2761,116
2026-07-06,3,20,15,0,0.0,255.23,42181,464
2026-07-06,4,175,140,6,4258.69,0.0,0,0
2026-07-06,5,173,137,5,3132.48,0.0,0,0
2026-07-06,6,0,0,11,6522.25,0.0,0,0
2026-07-06,7,76,59,1,670.52,0.0,0,0
2026-07-07,1,415,354,7,4073.95,0.0,0,0
2026-07-07,2,246,202,6,4289.29,210.99,2642,111
2026-07-07,3,20,16,0,0.0,288.84,47727,525
2026-07-07,4,108,85,3,1276.12,0.0,0,0
2026-07-07,5,92,73,2,1004.65,0.0,0,0
2026-07-07,6,0,0,6,4397.9,0.0,0,0
2026-07-07,7,256,215,4,3369.91,0.0,0,0
2026-07-08,1,470,376,8,11006.27,0.0,0,0
2026-07-08,2,161,127,3,1808.56,195.67,2428,102
2026-07-08,3,141,110,1,363.93,286.72,47363,521
2026-07-08,4,159,126,5,6177.81,0.0,0,0
2026-07-08,5,86,69,2,1709.28,0.0,0,0
2026-07-08,6,0,0,11,8783.37,0.0,0,0
2026-07-08,7,363,299,6,4590.71,0.0,0,0
2026-07-09,1,283,234,4,2484.32,0.0,0,0
2026-07-09,2,92,74,1,701.8,214.78,2690,113
2026-07-09,3,279,223,2,1679.8,244.52,40363,444
2026-07-09,4,87,74,2,2032.63,0.0,0,0
2026-07-09,5,89,76,2,1126.72,0.0,0,0
2026-07-09,6,0,0,5,2989.2,0.0,0,0
2026-07-09,7,151,128,2,1223.14,0.0,0,0
2026-07-10,1,482,399,9,6140.8,0.0,0,0
2026-07-10,2,304,242,8,5585.09,213.35,2666,112
2026-07-10,3,138,112,1,312.76,218.96,36181,398
2026-07-10,4,102,87,3,1349.51,0.0,0,0
2026-07-10,5,121,96,3,4507.08,0.0,0,0
2026-07-10,6,0,0,9,6539.64,0.0,0,0
2026-07-10,7,143,117,2,2747.42,0.0,0,0
2026-07-11,1,574,472,11,10282.8,0.0,0,0
2026-07-11,2,131,108,2,2551.46,218.68,2738,115
2026-07-11,3,269,223,2,995.61,158.29,26090,287
2026-07-11,4,85,73,2,1582.82,0.0,0,0
2026-07-11,5,60,51,1,2459.6,0.0,0,0
2026-07-11,6,0,0,7,4475.96,0.0,0,0
2026-07-11,7,144,117,2,685.45,0.0,0,0
2026-07-12,1,277,218,4,2539.69,0.0,0,0
2026-07-12,2,179,140,4,2288.41,236.68,2952,124
2026-07-12,3,248,193,2,932.11,285.17,47090,518
2026-07-12,4,106,90,3,2568.69,0.0,0,0
2026-07-12,5,80,67,2,1540.36,0.0,0,0
2026-07-12,6,0,0,6,4017.06,0.0,0,0
2026-07-12,7,24,19,0,0.0,0.0,0,0
2026-07-13,1,196,157,2,1544.72,0.0,0,0
2026-07-13,2,89,70,1,286.04,235.71,2952,124
2026-07-13,3,20,15,0,0.0,359.98,59454,654
2026-07-13,4,81,66,2,1312.4,0.0,0,0
2026-07-13,5,245,209,7,4163.26,0.0,0,0
2026-07-13,6,0,0,9,9801.55,0.0,0,0
2026-07-13,7,83,69,1,328.04,0.0,0,0
2026-07-14,1,385,315,6,3574.52,0.0,0,0
2026-07-14,2,121,97,2,1866.81,127.15,1571,66
2026-07-14,3,20,16,0,0.0,159.96,26363,290
2026-07-14,4,130,102,4,2435.51,0.0,0,0
2026-07-14,5,86,72,2,1391.15,0.0,0,0
2026-07-14,6,0,0,13,9074.61,0.0,0,0
2026-07-14,7,141,117,2,1936.34,0.0,0,0
2026-07-15,1,435,359,7,4422.48,0.0,0,0
2026-07-15,2,222,184,5,6641.98,192.94,2404,101
2026-07-15,3,20,15,0,0.0,238.93,39454,434
2026-07-15,4,104,88,3,3518.04,0.0,0,0
2026-07-15,5,78,65,2,2358.12,0.0,0,0
2026-07-15,6,0,0,10,8485.17,0.0,0,0
2026-07-15,7,82,67,1,993.57,0.0,0,0
2026-07-16,1,532,422,9,9485.48,0.0,0,0
2026-07-16,2,90,76,1,1289.96,173.41,2166,91
2026-07-16,3,264,216,2,1663.2,299.12,49363,543
2026-07-16,4,154,126,5,2976.22,0.0,0,0
2026-07-16,5,84,65,2,1186.4,0.0,0,0
2026-07-16,6,0,0,9,5701.03,0.0,0,0
2026-07-16,7,24,19,0,0.0,0.0,0,0
2026-07-17,1,368,302,6,4353.9,0.0,0,0
2026-07-17,2,186,156,4,2995.76,178.02,2214,93
2026-07-17,3,290,245,2,1546.45,344.09,56818,625
2026-07-17,4,65,55,1,850.74,0.0,0,0
2026-07-17,5,131,106,4,2565.51,0.0,0,0
2026-07-17,6,0,0,6,5501.78,0.0,0,0
2026-07-17,7,149,120,2,687.51,0.0,0,0
2026-07-18,1,474,395,8,8130.53,0.0,0,0
2026-07-18,2,157,130,3,1122.69,144.5,1809,76
2026-07-18,3,458,359,4,1610.81,250.01,41272,454
2026-07-18,4,83,65,2,2107.9,0.0,0,0
2026-07-18,5,57,46,1,354.68,0.0,0,0
2026-07-18,6,0,0,12,7656.18,0.0,0,0
2026-07-18,7,125,107,2,943.84,0.0,0,0
2026-07-19,1,466,374,8,7783.77,0.0,0,0
2026-07-19,2,179,140,4,2505.49,166.53,2071,87
2026-07-19,3,156,127,1,1689.9,244.49,40363,444
2026-07-19,4,88,71,2,2747.72,0.0,0,0
2026-07-19,5,119,96,3,3554.92,0.0,0,0
2026-07-19,6,0,0,2,905.43,0.0,0,0
2026-07-19,7,25,20,0,0.0,0.0,0,0
2026-07-20,1,450,383,8,4999.0,0.0,0,0
2026-07-20,2,300,245,7,6380.22,251.46,3142,132
2026-07-20,3,285,236,2,1287.86,245.25,40454,445
2026-07-20,4,42,35,0,0.0,0.0,0,0
2026-07-20,5,92,72,2,2610.96,0.0,0,0
2026-07-20,6,0,0,10,6009.81,0.0,0,0
2026-07-20,7,146,114,2,957.86,0.0,0,0
2026-07-21,1,285,235,4,2377.23,0.0,0,0
2026-07-21,2,131,105,2,1368.6,213.28,2666,112
2026-07-21,3,156,123,1,364.92,307.14,50727,558
2026-07-21,4,83,67,2,3683.59,0.0,0,0
2026-07-21,5,122,102,3,3645.11,0.0,0,0
2026-07-21,6,0,0,14,14580.64,0.0,0,0
2026-07-21,7,83,66,1,732.3,0.0,0,0
2026-07-22,1,429,344,7,3701.91,0.0,0,0
2026-07-22,2,150,126,3,1878.09,171.48,2142,90
2026-07-22,3,262,221,2,3316.94,223.53,36909,406
2026-07-22,4,62,48,1,318.22,0.0,0,0
2026-07-22,5,115,94,3,2205.72,0.0,0,0
2026-07-22,6,0,0,8,3972.15,0.0,0,0
2026-07-22,7,220,175,4,2981.48,0.0,0,0
2026-07-23,1,437,346,9,8847.38,0.0,0,0
2026-07-23,2,93,74,1,1255.92,223.4,2785,117
2026-07-23,3,147,120,1,713.8,313.79,51818,570
2026-07-23,4,64,52,1,1110.75,0.0,0,0
2026-07-23,5,58,46,1,548.6,0.0,0,0
2026-07-23,6,0,0,9,5533.52,0.0,0,0
2026-07-23,7,25,20,0,0.0,0.0,0,0
2026-07-24,1,357,302,6,4071.61,0.0,0,0
2026-07-24,2,127,104,2,727.15,238.19,2976,125
2026-07-24,3,155,124,1,1499.85,259.75,42909,472
2026-07-24,4,127,104,4,1634.49,0.0,0,0
2026-07-24,5,109,90,3,1640.66,0.0,0,0
2026-07-24,6,0,0,10,6229.7,0.0,0,0
2026-07-24,7,89,72,1,331.22,0.0,0,0
2026-07-25,1,601,498,11,12076.13,0.0,0,0
2026-07-25,2,341,273,8,6714.84,128.64,1595,67
2026-07-25,3,270,221,2,965.87,248.01,40909,450
2026-07-25,4,64,51,1,324.45,0.0,0,0
2026-07-25,5,32,26,0,0.0,0.0,0,0
2026-07-25,6,0,0,13,11999.4,0.0,0,0
2026-07-25,7,133,105,2,2922.58,0.0,0,0
2026-07-26,1,321,275,5,5222.25,0.0,0,0
2026-07-26,2,212,166,5,3820.17,150.57,1880,79
2026-07-26,3,165,132,1,374.0,281.89,46545,512
2026-07-26,4,132,111,5,4016.52,0.0,0,0
2026-07-26,5,113,93,3,1774.73,0.0,0,0
2026-07-26,6,0,0,5,4283.17,0.0,0,0
2026-07-26,7,88,69,1,948.78,0.0,0,0
2026-07-27,1,436,342,8,4989.35,0.0,0,0
2026-07-27,2,259,215,7,7038.35,172.45,2142,90
2026-07-27,3,270,228,2,616.93,304.54,50272,553
2026-07-27,4,105,88,3,1866.42,0.0,0,0
2026-07-27,5,56,45,1,1279.12,0.0,0,0
2026-07-27,6,0,0,18,13343.77,0.0,0,0
2026-07-27,7,144,118,2,861.85,0.0,0,0
2026-07-28,1,333,259,5,3415.11,0.0,0,0
2026-07-28,2,177,140,4,2482.39,216.78,2714,114
2026-07-28,3,160,126,1,303.47,288.47,47636,524
2026-07-28,4,110,92,3,1292.43,0.0,0,0
2026-07-28,5,112,88,3,2332.85,0.0,0,0
2026-07-28,6,0,0,11,9063.99,0.0,0,0
2026-07-28,7,85,71,1,939.63,0.0,0,0
2026-07-29,1,469,380,8,6588.41,0.0,0,0
2026-07-29,2,161,135,3,2048.13,247.41,3095,130
2026-07-29,3,151,124,1,1107.72,246.69,40727,448
2026-07-29,4,64,51,1,667.02,0.0,0,0
2026-07-29,5,32,26,0,0.0,0.0,0,0
2026-07-29,6,0,0,5,3076.8,0.0,0,0
2026-07-29,7,84,69,1,297.05,0.0,0,0
2026-07-30,1,434,342,8,6886.19,0.0,0,0
2026-07-30,2,205,170,5,2281.67,222.05,2761,116
2026-07-30,3,303,258,2,1408.24,282.07,46545,512
2026-07-30,4,64,51,1,328.05,0.0,0,0
2026-07-30,5,86,73,2,868.03,0.0,0,0
2026-07-30,6,0,0,3,1740.46,0.0,0,0
2026-07-30,7,25,20,0,0.0,0.0,0,0
2026-07-31,1,589,474,10,6233.56,0.0,0,0
2026-07-31,2,184,156,4,2607.78,176.74,2214,93
2026-07-31,3,20,16,0,0.0,168.79,27818,306
2026-07-31,4,134,108,4,1671.77,0.0,0,0
2026-07-31,5,83,68,2,1362.94,0.0,0,0
2026-07-31,6,0,0,4,2349.81,0.0,0,0
2026-07-31,7,25,20,0,0.0,0.0,0,0
2026-08-01,1,386,307,6,6333.93,0.0,0,0
2026-08-01,2,153,126,3,2090.68,188.9,2357,99
2026-08-01,3,160,129,1,1574.65,243.29,40181,442
2026-08-01,4,62,51,1,687.04,0.0,0,0
2026-08-01,5,112,88,3,2826.61,0.0,0,0
2026-08-01,6,0,0,6,4476.36,0.0,0,0
2026-08-01,7,136,107,2,1555.4,0.0,0,0
2026-08-02,1,461,375,8,4791.0,0.0,0,0
2026-08-02,2,300,240,7,5574.04,195.8,2452,103
2026-08-02,3,289,225,2,1900.47,271.66,44818,493
2026-08-02,4,134,114,4,1920.99,0.0,0,0
2026-08-02,5,85,70,2,1557.52,0.0,0,0
2026-08-02,6,0,0,9,6199.69,0.0,0,0
2026-08-02,7,77,61,1,913.86,0.0,0,0
2026-08-03,1,423,335,9,9248.24,0.0,0,0
2026-08-03,2,199,166,5,1990.15,177.95,2214,93
2026-08-03,3,291,230,2,1751.83,308.78,51000,561
2026-08-03,4,64,51,1,287.18,0.0,0,0
2026-08-03,5,58,47,1,357.2,0.0,0,0
2026-08-03,6,0,0,10,4936.47,0.0,0,0
2026-08-03,7,85,66,1,336.82,0.0,0,0
2026-08-04,1,313,251,5,1962.24,0.0,0,0
2026-08-04,2,91,72,1,671.3,110.4,1380,58
2026-08-04,3,514,411,4,2718.75,240.91,39818,438
2026-08-04,4,82,65,2,1036.51,0.0,0,0
2026-08-04,5,84,71,2,2003.14,0.0,0,0
2026-08-04,6,0,0,11,9439.24,0.0,0,0
2026-08-04,7,83,66,1,343.17,0.0,0,0
2026-08-05,1,378,315,6,4427.07,0.0,0,0
2026-08-05,2,317,255,7,3106.4,156.84,1952,82
2026-08-05,3,153,130,1,979.38,217.17,35818,394
2026-08-05,4,86,72,2,1718.25,0.0,0,0
2026-08-05,5,167,132,4,3483.64,0.0,0,0
2026-08-05,6,0,0,11,7995.33,0.0,0,0
2026-08-05,7,122,97,2,1067.45,0.0,0,0
2026-08-06,1,603,485,11,8023.39,0.0,0,0
2026-08-06,2,91,73,1,325.69,184.29,2285,96
2026-08-06,3,20,16,0,0.0,229.07,37818,416
2026-08-06,4,99,77,3,4291.73,0.0,0,0
2026-08-06,5,32,26,0,0.0,0.0,0,0
2026-08-06,6,0,0,7,5328.17,0.0,0,0
2026-08-06,7,78,66,1,374.08,0.0,0,0
2026-08-07,1,463,382,9,7793.28,0.0,0,0
2026-08-07,2,153,121,3,2302.03,182.65,2285,96
2026-08-07,3,136,115,1,351.0,251.85,41545,457
2026-08-07,4,60,48,1,916.83,0.0,0,0
2026-08-07,5,122,99,3,1242.45,0.0,0,0
2026-08-07,6,0,0,7,5251.86,0.0,0,0
2026-08-07,7,74,62,1,398.92,0.0,0,0
2026-08-08,1,505,408,9,4830.93,0.0,0,0
2026-08-08,2,181,154,4,2188.67,238.36,2976,125
2026-08-08,3,292,237,2,734.56,257.44,42545,468
2026-08-08,4,150,128,6,4933.45,0.0,0,0
2026-08-08,5,86,71,2,1533.55,0.0,0,0
2026-08-08,6,0,0,7,4289.5,0.0,0,0
2026-08-08,7,143,114,2,708.75,0.0,0,0
2026-08-09,1,426,360,9,8837.95,0.0,0,0
2026-08-09,2,179,149,4,2286.95,209.13,2619,110
2026-08-09,3,385,320,3,1631.81,288.08,47545,523
2026-08-09,4,68,53,1,604.16,0.0,0,0
2026-08-09,5,112,90,3,5464.89,0.0,0,0
2026-08-09,6,0,0,8,6680.9,0.0,0,0
2026-08-09,7,25,20,0,0.0,0.0,0,0
2026-08-10,1,278,230,4,2188.27,0.0,0,0
2026-08-10,2,87,67,1,336.82,0.0,0,0
2026-08-10,3,125,102,1,318.55,216.2,35727,393
2026-08-10,4,99,84,3,3210.87,0.0,0,0
2026-08-10,5,92,76,2,1555.84,0.0,0,0
2026-08-10,6,0,0,9,6718.46,0.0,0,0
2026-08-10,7,76,62,1,653.94,0.0,0,0
2026-08-11,1,405,337,7,5583.79,0.0,0,0
2026-08-11,2,218,170,5,4918.87,0.0,0,0
2026-08-11,3,152,120,1,302.15,248.37,41000,451
2026-08-11,4,62,49,1,619.86,0.0,0,0
2026-08-11,5,55,47,1,1696.75,0.0,0,0
2026-08-11,6,0,0,9,5721.06,0.0,0,0
2026-08-11,7,140,118,2,639.77,0.0,0,0
2026-08-12,1,376,317,6,3022.78,0.0,0,0
2026-08-12,2,174,147,4,4091.68,0.0,0,0
2026-08-12,3,491,409,4,2100.72,285.78,47181,519
2026-08-12,4,125,104,4,2023.12,0.0,0,0
2026-08-12,5,32,25,0,0.0,0.0,0,0
2026-08-12,6,0,0,8,7278.25,0.0,0,0
2026-08-12,7,25,19,0,0.0,0.0,0,0
2026-08-13,1,289,235,5,3393.62,0.0,0,0
2026-08-13,2,204,171,4,2063.47,0.0,0,0
2026-08-13,3,20,16,0,0.0,221.09,36454,401
2026-08-13,4,89,74,2,986.77,0.0,0,0
2026-08-13,5,121,100,3,2604.31,0.0,0,0
2026-08-13,6,0,0,5,1861.67,0.0,0,0
2026-08-13,7,25,19,0,0.0,0.0,0,0
2026-08-14,1,413,340,7,5855.97,0.0,0,0
2026-08-14,2,197,159,4,2301.56,0.0,0,0
2026-08-14,3,139,113,1,619.7,277.71,45818,504
2026-08-14,4,65,55,1,291.71,0.0,0,0
2026-08-14,5,88,75,2,1185.8,0.0,0,0
2026-08-14,6,0,0,11,4743.64,0.0,0,0
2026-08-14,7,77,62,1,328.55,0.0,0,0
2026-08-15,1,297,232,4,3389.87,0.0,0,0
2026-08-15,2,145,113,3,1398.98,0.0,0,0
2026-08-15,3,158,123,1,364.81,224.59,37090,408
2026-08-15,4,108,86,3,2694.68,0.0,0,0
2026-08-15,5,109,90,3,2498.64,0.0,0,0
2026-08-15,6,0,0,12,9287.25,0.0,0,0
2026-08-15,7,25,20,0,0.0,0.0,0,0
2026-08-16,1,412,347,7,3455.45,0.0,0,0
2026-08-16,2,196,163,4,2973.67,0.0,0,0
2026-08-16,3,156,130,1,1032.87,175.13,28909,318
2026-08-16,4,83,70,2,1940.28,0.0,0,0
2026-08-16,5,86,70,2,1327.16,0.0,0,0
2026-08-16,6,0,0,7,3115.88,0.0,0,0
2026-08-16,7,88,75,1,321.09,0.0,0,0
2026-08-17,1,427,338,8,5330.12,0.0,0,0
2026-08-17,2,193,158,4,3033.35,0.0,0,0
2026-08-17,3,20,16,0,0.0,0.0,0,0
2026-08-17,4,61,48,1,604.24,0.0,0,0
2026-08-17,5,32,26,0,0.0,0.0,0,0
2026-08-17,6,0,0,11,8343.4,0.0,0,0
2026-08-17,7,197,155,3,2652.01,0.0,0,0
2026-08-18,1,292,249,4,2611.79,0.0,0,0
2026-08-18,2,194,153,4,2238.24,0.0,0,0
2026-08-18,3,142,113,1,266.63,0.0,0,0
2026-08-18,4,88,69,2,969.34,0.0,0,0
2026-08-18,5,117,99,3,3425.29,0.0,0,0
2026-08-18,6,0,0,9,5787.2,0.0,0,0
2026-08-18,7,25,20,0,0.0,0.0,0,0
2026-08-19,1,474,382,8,4770.68,0.0,0,0
2026-08-19,2,215,182,5,2679.8,0.0,0,0
2026-08-19,3,242,204,2,639.03,0.0,0,0
2026-08-19,4,131,103,4,2711.7,0.0,0,0
2026-08-19,5,60,49,1,901.77,0.0,0,0
2026-08-19,6,0,0,7,6017.64,0.0,0,0
2026-08-19,7,247,203,4,2863.84,0.0,0,0
2026-08-20,1,465,393,8,6452.2,0.0,0,0
2026-08-20,2,199,157,4,1653.44,0.0,0,0
2026-08-20,3,403,346,3,1368.45,0.0,0,0
2026-08-20,4,42,32,0,0.0,0.0,0,0
2026-08-20,5,87,72,2,1145.48,0.0,0,0
2026-08-20,6,0,0,10,7257.51,0.0,0,0
2026-08-20,7,83,67,1,319.71,0.0,0,0
2026-08-21,1,336,281,5,3530.82,0.0,0,0
2026-08-21,2,150,117,3,1873.4,0.0,0,0
2026-08-21,3,139,115,1,1389.52,0.0,0,0
2026-08-21,4,85,69,2,999.23,0.0,0,0
2026-08-21,5,116,97,3,1318.65,0.0,0,0
2026-08-21,6,0,0,9,4589.98,0.0,0,0
2026-08-21,7,24,19,0,0.0,0.0,0,0
2026-08-22,1,363,311,6,3639.86,0.0,0,0
2026-08-22,2,58,45,0,0.0,0.0,0,0
2026-08-22,3,259,204,2,1867.25,0.0,0,0
2026-08-22,4,42,35,0,0.0,0.0,0,0
2026-08-22,5,116,96,3,1976.63,0.0,0,0
2026-08-22,6,0,0,2,3051.17,0.0,0,0
2026-08-22,7,82,67,1,290.46,0.0,0,0
2026-08-23,1,481,410,9,4459.49,0.0,0,0
2026-08-23,2,375,311,9,5761.46,0.0,0,0
2026-08-23,3,20,17,0,0.0,0.0,0,0
2026-08-23,4,88,74,2,1062.29,0.0,0,0
2026-08-23,5,59,47,1,1617.84,0.0,0,0
2026-08-23,6,0,0,7,4191.78,0.0,0,0
2026-08-23,7,79,64,1,743.36,0.0,0,0
2026-08-24,1,700,599,14,11968.75,0.0,0,0
2026-08-24,2,161,131,3,2348.14,0.0,0,0
2026-08-24,3,157,125,1,333.72,0.0,0,0
2026-08-24,4,122,96,4,3139.99,0.0,0,0
2026-08-24,5,84,70,2,1626.17,0.0,0,0
2026-08-24,6,0,0,9,6773.07,0.0,0,0
2026-08-24,7,129,102,2,1256.22,0.0,0,0
2026-08-25,1,469,401,8,5926.61,0.0,0,0
2026-08-25,2,125,100,2,1598.09,0.0,0,0
2026-08-25,3,285,237,2,668.48,0.0,0,0
2026-08-25,4,65,51,1,359.46,0.0,0,0
2026-08-25,5,91,77,2,1293.68,0.0,0,0
2026-08-25,6,0,0,10,5685.62,0.0,0,0
2026-08-25,7,235,185,4,2755.65,0.0,0,0
2026-08-26,1,314,257,5,3134.12,0.0,0,0
2026-08-26,2,91,76,1,325.77,0.0,0,0
2026-08-26,3,248,206,2,1722.97,0.0,0,0
2026-08-26,4,82,68,2,916.87,0.0,0,0
2026-08-26,5,88,71,2,585.87,0.0,0,0
2026-08-26,6,0,0,7,3560.03,0.0,0,0
2026-08-26,7,215,177,3,1815.79,0.0,0,0
2026-08-27,1,572,467,11,6538.77,0.0,0,0
2026-08-27,2,267,216,6,4315.34,0.0,0,0
2026-08-27,3,20,15,0,0.0,0.0,0,0
2026-08-27,4,122,99,4,1676.99,0.0,0,0
2026-08-27,5,58,47,1,1145.48,0.0,0,0
2026-08-27,6,0,0,8,6903.84,0.0,0,0
2026-08-27,7,196,158,3,2524.16,0.0,0,0
2026-08-28,1,347,272,5,2633.59,0.0,0,0
2026-08-28,2,116,90,2,1514.92,0.0,0,0
2026-08-28,3,303,242,2,952.03,0.0,0,0
2026-08-28,4,116,94,3,4061.07,0.0,0,0
2026-08-28,5,76,65,2,617.94,0.0,0,0
2026-08-28,6,0,0,7,4417.53,0.0,0,0
2026-08-28,7,245,194,4,2092.78,0.0,0,0
2026-08-29,1,600,476,13,9127.87,0.0,0,0
2026-08-29,2,133,105,2,1274.95,0.0,0,0
2026-08-29,3,250,206,2,957.7,0.0,0,0
2026-08-29,4,88,73,2,1317.34,0.0,0,0
2026-08-29,5,193,165,6,4537.27,0.0,0,0
2026-08-29,6,0,0,6,5475.12,0.0,0,0
2026-08-29,7,24,18,0,0.0,0.0,0,0
2026-08-30,1,576,486,13,9719.7,0.0,0,0
2026-08-30,2,225,187,5,3888.59,0.0,0,0
2026-08-30,3,20,16,0,0.0,0.0,0,0
2026-08-30,4,150,121,6,5109.07,0.0,0,0
2026-08-30,5,98,80,2,2140.96,0.0,0,0
2026-08-30,6,0,0,13,12371.51,0.0,0,0
2026-08-30,7,24,18,0,0.0,0.0,0,0
2026-08-31,1,510,402,10,7460.53,0.0,0,0
2026-08-31,2,91,76,1,292.64,0.0,0,0
2026-08-31,3,260,206,2,1712.23,0.0,0,0
2026-08-31,4,83,65,2,1887.92,0.0,0,0
2026-08-31,5,60,50,1,299.41,0.0,0,0
2026-08-31,6,0,0,6,6225.58,0.0,0,0
2026-08-31,7,208,174,3,1344.32,0.0,0,0
