date,market_id,sessions,bookings,revenue
2024-09-01,1,239,5,2890.63
2024-09-01,2,129,4,2791.34
2024-09-01,3,67,2,1555.74
2024-09-01,4,75,1,460.64
2024-09-01,5,45,3,1158.9
2024-09-01,6,51,1,574.96
2024-09-01,7,36,2,601.1
2024-09-01,8,39,2,2007.87
2024-09-01,9,59,3,3540.59
2024-09-01,10,43,2,1614.5
2024-09-01,11,26,1,287.24
2024-09-01,12,18,0,0.0
2024-09-02,1,289,6,3055.65
2024-09-02,2,145,5,1809.31
2024-09-02,3,78,0,0.0
2024-09-02,4,91,1,2412.45
2024-09-02,5,57,2,518.59
2024-09-02,6,60,1,768.15
2024-09-02,7,46,3,1231.92
2024-09-02,8,58,3,1034.39
2024-09-02,9,69,4,3000.84
2024-09-02,10,53,4,3098.0
2024-09-02,11,28,0,0.0
2024-09-02,12,18,0,0.0
2024-09-03,1,210,8,6362.47
2024-09-03,2,98,0,0.0
2024-09-03,3,58,1,719.68
2024-09-03,4,63,1,531.18
2024-09-03,5,48,1,486.48
2024-09-03,6,42,5,1581.88
2024-09-03,7,34,0,0.0
2024-09-03,8,37,1,976.26
2024-09-03,9,48,2,1552.12
2024-09-03,10,36,2,1326.03
2024-09-03,11,22,0,0.0
2024-09-03,12,15,0,0.0
2024-09-04,1,238,8,3831.18
2024-09-04,2,122,3,836.96
2024-09-04,3,65,3,1377.31
2024-09-04,4,65,3,2386.69
2024-09-04,5,53,0,0.0
2024-09-04,6,45,1,278.82
2024-09-04,7,39,1,328.59
2024-09-04,8,39,2,831.36
2024-09-04,9,61,0,0.0
2024-09-04,10,40,1,1083.36
2024-09-04,11,25,0,0.0
2024-09-04,12,15,0,0.0
2024-09-05,1,298,10,6479.71
2024-09-05,2,157,5,1370.62
2024-09-05,3,92,3,1819.64
2024-09-05,4,100,6,3629.23
2024-09-05,5,66,3,1182.0
2024-09-05,6,77,0,0.0
2024-09-05,7,60,0,0.0
2024-09-05,8,55,0,0.0
2024-09-05,9,71,3,1429.76
2024-09-05,10,61,1,2684.07
2024-09-05,11,34,1,251.13
2024-09-05,12,19,0,0.0
2024-09-06,1,207,6,3578.8
2024-09-06,2,106,3,1483.71
2024-09-06,3,59,2,2613.17
2024-09-06,4,66,1,1367.92
2024-09-06,5,43,2,949.32
2024-09-06,6,41,1,1198.85
2024-09-06,7,38,1,561.24
2024-09-06,8,34,1,321.34
2024-09-06,9,53,2,1335.72
2024-09-06,10,33,1,304.04
2024-09-06,11,20,1,587.76
2024-09-06,12,12,0,0.0
2024-09-07,1,229,5,2686.57
2024-09-07,2,131,2,1663.38
2024-09-07,3,69,1,299.64
2024-09-07,4,72,2,1864.18
2024-09-07,5,52,0,0.0
2024-09-07,6,45,1,269.95
2024-09-07,7,39,3,2436.71
2024-09-07,8,36,1,911.61
2024-09-07,9,59,1,2024.89
2024-09-07,10,37,3,1821.46
2024-09-07,11,23,0,0.0
2024-09-07,12,16,0,0.0
2024-09-08,1,313,10,5778.24
2024-09-08,2,154,3,1595.15
2024-09-08,3,84,3,1732.89
2024-09-08,4,86,5,2663.59
2024-09-08,5,64,3,2710.12
2024-09-08,6,62,2,1363.09
2024-09-08,7,57,2,823.87
2024-09-08,8,52,2,1324.36
2024-09-08,9,76,1,507.44
2024-09-08,10,54,2,610.13
2024-09-08,11,35,0,0.0
2024-09-08,12,22,0,0.0
2024-09-09,1,287,8,5189.64
2024-09-09,2,148,0,0.0
2024-09-09,3,76,3,2419.04
2024-09-09,4,91,4,1112.97
2024-09-09,5,59,0,0.0
2024-09-09,6,54,1,1985.55
2024-09-09,7,50,0,0.0
2024-09-09,8,49,4,2612.38
2024-09-09,9,69,3,1809.68
2024-09-09,10,52,1,801.48
2024-09-09,11,31,0,0.0
2024-09-09,12,20,1,891.72
2024-09-10,1,311,7,5945.83
2024-09-10,2,163,6,4242.31
2024-09-10,3,87,5,1784.14
2024-09-10,4,96,3,1043.27
2024-09-10,5,66,2,540.84
2024-09-10,6,66,1,533.0
2024-09-10,7,59,2,1259.14
2024-09-10,8,60,3,2561.97
2024-09-10,9,86,1,248.24
2024-09-10,10,57,0,0.0
2024-09-10,11,33,2,1528.74
2024-09-10,12,25,2,1153.06
2024-09-11,1,338,7,3535.77
2024-09-11,2,186,5,4386.8
2024-09-11,3,83,0,0.0
2024-09-11,4,101,0,0.0
2024-09-11,5,67,5,2176.57
2024-09-11,6,68,0,0.0
2024-09-11,7,52,2,1213.67
2024-09-11,8,51,1,270.95
2024-09-11,9,74,1,513.9
2024-09-11,10,52,2,1429.47
2024-09-11,11,30,0,0.0
2024-09-11,12,21,2,1334.56
2024-09-12,1,225,8,7286.25
2024-09-12,2,107,1,818.4
2024-09-12,3,61,1,875.61
2024-09-12,4,63,1,635.58
2024-09-12,5,42,1,1289.84
2024-09-12,6,46,0,0.0
2024-09-12,7,37,1,214.62
2024-09-12,8,39,0,0.0
2024-09-12,9,55,3,2373.01
2024-09-12,10,39,2,1461.64
2024-09-12,11,23,1,855.93
2024-09-12,12,16,0,0.0
2024-09-13,1,446,7,5017.47
2024-09-13,2,196,2,1499.02
2024-09-13,3,110,1,915.03
2024-09-13,4,118,6,3798.27
2024-09-13,5,80,2,460.17
2024-09-13,6,77,2,1962.47
2024-09-13,7,74,1,270.65
2024-09-13,8,66,5,3639.53
2024-09-13,9,105,1,811.86
2024-09-13,10,68,2,1257.31
2024-09-13,11,43,0,0.0
2024-09-13,12,28,0,0.0
2024-09-14,1,195,6,4720.2
2024-09-14,2,112,6,3359.89
2024-09-14,3,54,1,204.95
2024-09-14,4,68,1,308.97
2024-09-14,5,50,0,0.0
2024-09-14,6,46,3,1566.39
2024-09-14,7,38,0,0.0
2024-09-14,8,41,3,1231.69
2024-09-14,9,44,1,1226.12
2024-09-14,10,34,0,0.0
2024-09-14,11,23,0,0.0
2024-09-14,12,14,1,1061.28
2024-09-15,1,241,11,6262.86
2024-09-15,2,129,4,2148.21
2024-09-15,3,71,3,3479.5
2024-09-15,4,83,2,918.33
2024-09-15,5,53,0,0.0
2024-09-15,6,51,0,0.0
2024-09-15,7,40,1,917.22
2024-09-15,8,48,2,1124.69
2024-09-15,9,62,1,557.44
2024-09-15,10,40,3,1551.46
2024-09-15,11,28,3,1855.38
2024-09-15,12,16,0,0.0
2024-09-16,1,227,6,4610.06
2024-09-16,2,115,4,1812.38
2024-09-16,3,57,3,2912.94
2024-09-16,4,56,4,1344.47
2024-09-16,5,42,1,244.28
2024-09-16,6,49,1,259.05
2024-09-16,7,37,0,0.0
2024-09-16,8,40,0,0.0
2024-09-16,9,50,2,1101.97
2024-09-16,10,38,0,0.0
2024-09-16,11,23,1,531.56
2024-09-16,12,15,1,300.07
2024-09-17,1,431,8,2116.71
2024-09-17,2,220,6,3090.08
2024-09-17,3,103,2,1468.25
2024-09-17,4,142,4,1932.21
2024-09-17,5,101,5,3784.95
2024-09-17,6,90,4,2236.19
2024-09-17,7,75,1,215.97
2024-09-17,8,75,1,238.17
2024-09-17,9,87,3,2595.5
2024-09-17,10,72,2,2751.72
2024-09-17,11,44,0,0.0
2024-09-17,12,31,2,507.94
2024-09-18,1,176,4,2778.0
2024-09-18,2,96,5,2158.71
2024-09-18,3,47,2,1151.5
2024-09-18,4,63,4,2287.77
2024-09-18,5,39,1,915.96
2024-09-18,6,42,2,873.69
2024-09-18,7,30,2,1355.08
2024-09-18,8,33,1,669.56
2024-09-18,9,45,4,2702.48
2024-09-18,10,32,0,0.0
2024-09-18,11,18,0,0.0
2024-09-18,12,12,1,838.92
2024-09-19,1,413,14,8094.94
2024-09-19,2,211,3,2406.64
2024-09-19,3,102,3,2184.31
2024-09-19,4,131,0,0.0
2024-09-19,5,85,4,1132.58
2024-09-19,6,83,0,0.0
2024-09-19,7,59,1,972.96
2024-09-19,8,69,2,920.97
2024-09-19,9,90,2,594.27
2024-09-19,10,67,1,1219.0
2024-09-19,11,39,0,0.0
2024-09-19,12,23,1,1105.76
2024-09-20,1,256,3,1359.27
2024-09-20,2,128,3,2941.05
2024-09-20,3,66,5,5554.86
2024-09-20,4,80,2,728.09
2024-09-20,5,51,1,2269.89
2024-09-20,6,48,1,490.84
2024-09-20,7,46,3,1093.98
2024-09-20,8,44,2,834.61
2024-09-20,9,58,1,325.16
2024-09-20,10,41,1,476.36
2024-09-20,11,27,1,577.94
2024-09-20,12,16,1,248.51
2024-09-21,1,342,11,6851.27
2024-09-21,2,156,9,4388.38
2024-09-21,3,95,1,1049.0
2024-09-21,4,99,2,1162.71
2024-09-21,5,68,1,181.46
2024-09-21,6,66,1,210.57
2024-09-21,7,51,2,521.73
2024-09-21,8,57,2,971.67
2024-09-21,9,76,1,208.57
2024-09-21,10,49,0,0.0
2024-09-21,11,32,1,236.63
2024-09-21,12,20,1,587.58
2024-09-22,1,234,9,5621.45
2024-09-22,2,112,1,554.48
2024-09-22,3,62,3,2391.12
2024-09-22,4,70,3,1676.36
2024-09-22,5,41,0,0.0
2024-09-22,6,46,3,1025.27
2024-09-22,7,36,0,0.0
2024-09-22,8,33,2,899.3
2024-09-22,9,53,2,527.83
2024-09-22,10,36,0,0.0
2024-09-22,11,24,1,252.68
2024-09-22,12,13,1,202.18
2024-09-23,1,252,3,1490.13
2024-09-23,2,117,0,0.0
2024-09-23,3,66,3,1813.27
2024-09-23,4,67,4,2122.38
2024-09-23,5,56,2,1164.38
2024-09-23,6,48,0,0.0
2024-09-23,7,37,3,2464.17
2024-09-23,8,39,0,0.0
2024-09-23,9,51,1,223.36
2024-09-23,10,40,2,1105.53
2024-09-23,11,22,1,979.88
2024-09-23,12,15,2,2022.76
2024-09-24,1,205,8,5935.56
2024-09-24,2,121,5,4143.41
2024-09-24,3,65,0,0.0
2024-09-24,4,67,1,273.51
2024-09-24,5,45,1,464.4
2024-09-24,6,44,2,1215.92
2024-09-24,7,36,0,0.0
2024-09-24,8,37,2,935.66
2024-09-24,9,56,1,506.38
2024-09-24,10,38,2,1858.56
2024-09-24,11,21,2,1166.89
2024-09-24,12,16,0,0.0
2024-09-25,1,252,7,5940.22
2024-09-25,2,124,2,2157.96
2024-09-25,3,67,1,557.82
2024-09-25,4,81,3,1833.03
2024-09-25,5,52,1,531.94
2024-09-25,6,60,1,333.18
2024-09-25,7,44,1,248.69
2024-09-25,8,44,1,267.31
2024-09-25,9,67,4,2312.63
2024-09-25,10,43,2,564.66
2024-09-25,11,27,0,0.0
2024-09-25,12,19,1,457.2
2024-09-26,1,332,8,4155.14
2024-09-26,2,179,4,1137.25
2024-09-26,3,86,0,0.0
2024-09-26,4,87,2,1546.8
2024-09-26,5,65,1,258.96
2024-09-26,6,68,2,460.56
2024-09-26,7,63,4,2383.92
2024-09-26,8,51,1,308.81
2024-09-26,9,83,2,462.33
2024-09-26,10,57,5,2509.49
2024-09-26,11,34,3,1270.35
2024-09-26,12,22,0,0.0
2024-09-27,1,160,5,1969.71
2024-09-27,2,81,2,1249.37
2024-09-27,3,42,4,2441.71
2024-09-27,4,46,0,0.0
2024-09-27,5,33,1,303.23
2024-09-27,6,30,0,0.0
2024-09-27,7,25,1,210.81
2024-09-27,8,29,2,1736.55
2024-09-27,9,35,0,0.0
2024-09-27,10,27,1,528.22
2024-09-27,11,15,0,0.0
2024-09-27,12,10,0,0.0
2024-09-28,1,320,5,1792.96
2024-09-28,2,158,3,2580.83
2024-09-28,3,81,1,266.65
2024-09-28,4,89,4,2622.85
2024-09-28,5,57,0,0.0
2024-09-28,6,65,3,776.95
2024-09-28,7,56,0,0.0
2024-09-28,8,52,0,0.0
2024-09-28,9,67,2,749.31
2024-09-28,10,57,2,528.99
2024-09-28,11,27,2,597.19
2024-09-28,12,21,0,0.0
2024-09-29,1,191,9,3476.04
2024-09-29,2,115,2,1711.53
2024-09-29,3,54,1,268.41
2024-09-29,4,60,0,0.0
2024-09-29,5,39,0,0.0
2024-09-29,6,43,4,1155.17
2024-09-29,7,36,1,718.98
2024-09-29,8,28,0,0.0
2024-09-29,9,49,1,503.76
2024-09-29,10,34,2,470.05
2024-09-29,11,20,1,725.56
2024-09-29,12,15,3,2211.62
2024-09-30,1,201,5,3751.07
2024-09-30,2,97,4,2763.54
2024-09-30,3,50,3,1835.56
2024-09-30,4,51,2,787.01
2024-09-30,5,37,1,435.88
2024-09-30,6,35,1,255.87
2024-09-30,7,34,1,595.5
2024-09-30,8,31,0,0.0
2024-09-30,9,43,3,1699.48
2024-09-30,10,36,0,0.0
2024-09-30,11,19,0,0.0
2024-09-30,12,12,1,494.22
2024-10-01,1,325,6,2060.06
2024-10-01,2,146,4,1659.25
2024-10-01,3,82,0,0.0
2024-10-01,4,96,5,3769.5
2024-10-01,5,59,2,494.34
2024-10-01,6,64,1,298.85
2024-10-01,7,52,2,884.26
2024-10-01,8,55,1,287.67
2024-10-01,9,75,3,2251.72
2024-10-01,10,53,0,0.0
2024-10-01,11,33,0,0.0
2024-10-01,12,20,0,0.0
2024-10-02,1,235,7,3042.61
2024-10-02,2,128,5,2296.22
2024-10-02,3,70,4,3779.4
2024-10-02,4,69,3,2548.74
2024-10-02,5,51,1,274.84
2024-10-02,6,49,4,959.6
2024-10-02,7,41,1,788.04
2024-10-02,8,44,1,245.17
2024-10-02,9,55,2,545.87
2024-10-02,10,38,2,1215.22
2024-10-02,11,23,1,724.53
2024-10-02,12,17,0,0.0
2024-10-03,1,267,6,6199.23
2024-10-03,2,143,3,1360.23
2024-10-03,3,69,2,1546.73
2024-10-03,4,86,3,1141.58
2024-10-03,5,52,0,0.0
2024-10-03,6,49,1,547.2
2024-10-03,7,43,2,471.57
2024-10-03,8,45,1,285.08
2024-10-03,9,74,0,0.0
2024-10-03,10,41,3,1281.72
2024-10-03,11,28,0,0.0
2024-10-03,12,18,0,0.0
2024-10-04,1,249,11,7435.29
2024-10-04,2,137,2,994.39
2024-10-04,3,66,0,0.0
2024-10-04,4,74,3,1142.77
2024-10-04,5,48,1,276.32
2024-10-04,6,50,0,0.0
2024-10-04,7,44,0,0.0
2024-10-04,8,38,3,1699.35
2024-10-04,9,64,3,1333.5
2024-10-04,10,45,1,207.06
2024-10-04,11,26,0,0.0
2024-10-04,12,17,1,930.12
2024-10-05,1,201,8,3164.79
2024-10-05,2,92,1,597.38
2024-10-05,3,48,1,288.22
2024-10-05,4,55,2,2125.8
2024-10-05,5,38,0,0.0
2024-10-05,6,35,0,0.0
2024-10-05,7,33,0,0.0
2024-10-05,8,28,0,0.0
2024-10-05,9,46,3,1324.2
2024-10-05,10,38,1,221.87
2024-10-05,11,20,1,217.8
2024-10-05,12,13,0,0.0
2024-10-06,1,232,6,2220.14
2024-10-06,2,135,1,608.56
2024-10-06,3,66,3,801.34
2024-10-06,4,81,0,0.0
2024-10-06,5,54,0,0.0
2024-10-06,6,50,1,229.4
2024-10-06,7,39,1,419.26
2024-10-06,8,42,0,0.0
2024-10-06,9,58,1,210.73
2024-10-06,10,44,2,454.41
2024-10-06,11,27,1,1166.8
2024-10-06,12,17,1,194.19
2024-10-07,1,253,6,2243.75
2024-10-07,2,135,6,3386.93
2024-10-07,3,77,1,451.32
2024-10-07,4,81,0,0.0
2024-10-07,5,55,2,1145.2
2024-10-07,6,55,1,754.11
2024-10-07,7,42,3,2100.36
2024-10-07,8,43,0,0.0
2024-10-07,9,61,1,224.34
2024-10-07,10,47,1,559.32
2024-10-07,11,26,1,243.13
2024-10-07,12,19,0,0.0
2024-10-08,1,266,7,2452.9
2024-10-08,2,148,3,1012.15
2024-10-08,3,76,3,1078.9
2024-10-08,4,85,2,1277.56
2024-10-08,5,55,0,0.0
2024-10-08,6,52,3,1538.01
2024-10-08,7,47,0,0.0
2024-10-08,8,45,2,785.67
2024-10-08,9,70,0,0.0
2024-10-08,10,45,3,745.72
2024-10-08,11,26,2,671.53
2024-10-08,12,17,1,691.32
2024-10-09,1,307,5,2475.38
2024-10-09,2,151,4,2880.15
2024-10-09,3,94,0,0.0
2024-10-09,4,95,4,1469.58
2024-10-09,5,67,2,731.66
2024-10-09,6,55,1,1003.04
2024-10-09,7,53,1,489.94
2024-10-09,8,54,1,951.16
2024-10-09,9,76,4,1414.7
2024-10-09,10,48,1,189.58
2024-10-09,11,32,0,0.0
2024-10-09,12,19,0,0.0
2024-10-10,1,271,7,3055.38
2024-10-10,2,147,5,2245.51
2024-10-10,3,78,3,1846.56
2024-10-10,4,84,1,282.34
2024-10-10,5,59,2,1699.15
2024-10-10,6,60,0,0.0
2024-10-10,7,55,0,0.0
2024-10-10,8,49,1,412.74
2024-10-10,9,66,0,0.0
2024-10-10,10,53,3,646.85
2024-10-10,11,30,1,216.64
2024-10-10,12,20,0,0.0
2024-10-11,1,202,5,2901.66
2024-10-11,2,105,4,2651.22
2024-10-11,3,53,1,528.22
2024-10-11,4,69,0,0.0
2024-10-11,5,48,4,2100.97
2024-10-11,6,42,1,956.36
2024-10-11,7,38,1,196.8
2024-10-11,8,38,0,0.0
2024-10-11,9,52,1,238.41
2024-10-11,10,39,0,0.0
2024-10-11,11,22,0,0.0
2024-10-11,12,14,0,0.0
2024-10-12,1,164,8,6978.92
2024-10-12,2,94,2,523.12
2024-10-12,3,45,1,481.38
2024-10-12,4,57,2,1205.74
2024-10-12,5,36,0,0.0
2024-10-12,6,34,0,0.0
2024-10-12,7,31,1,1937.84
2024-10-12,8,30,1,269.87
2024-10-12,9,43,3,1663.27
2024-10-12,10,30,1,515.18
2024-10-12,11,18,1,367.54
2024-10-12,12,11,1,1012.04
2024-10-13,1,199,3,1287.64
2024-10-13,2,101,5,2961.36
2024-10-13,3,55,2,448.68
2024-10-13,4,64,2,963.42
2024-10-13,5,47,0,0.0
2024-10-13,6,43,3,1697.33
2024-10-13,7,36,2,826.72
2024-10-13,8,34,0,0.0
2024-10-13,9,45,2,665.41
2024-10-13,10,39,2,1424.89
2024-10-13,11,21,1,427.78
2024-10-13,12,14,1,414.76
2024-10-14,1,261,2,1538.58
2024-10-14,2,133,0,0.0
2024-10-14,3,85,2,507.04
2024-10-14,4,80,1,237.81
2024-10-14,5,52,1,273.62
2024-10-14,6,56,2,1350.66
2024-10-14,7,45,0,0.0
2024-10-14,8,41,1,1035.1
2024-10-14,9,65,2,1000.48
2024-10-14,10,43,0,0.0
2024-10-14,11,27,0,0.0
2024-10-14,12,19,1,289.62
2024-10-15,1,209,10,6081.72
2024-10-15,2,97,1,477.8
2024-10-15,3,56,2,1296.4
2024-10-15,4,61,2,1362.51
2024-10-15,5,39,2,1088.23
2024-10-15,6,38,1,983.56
2024-10-15,7,32,2,965.61
2024-10-15,8,36,0,0.0
2024-10-15,9,38,0,0.0
2024-10-15,10,32,0,0.0
2024-10-15,11,21,0,0.0
2024-10-15,12,12,0,0.0
2024-10-16,1,318,10,5798.12
2024-10-16,2,156,1,239.22
2024-10-16,3,81,3,2290.14
2024-10-16,4,88,2,498.83
2024-10-16,5,62,1,1060.64
2024-10-16,6,64,0,0.0
2024-10-16,7,51,2,628.0
2024-10-16,8,55,1,748.89
2024-10-16,9,82,3,1621.65
2024-10-16,10,59,3,1231.29
2024-10-16,11,31,1,496.1
2024-10-16,12,20,0,0.0
2024-10-17,1,224,7,2830.37
2024-10-17,2,121,8,3863.25
2024-10-17,3,62,2,1188.81
2024-10-17,4,73,0,0.0
2024-10-17,5,47,3,780.05
2024-10-17,6,46,1,570.32
2024-10-17,7,36,0,0.0
2024-10-17,8,45,3,1860.72
2024-10-17,9,56,1,237.85
2024-10-17,10,41,1,965.0
2024-10-17,11,20,0,0.0
2024-10-17,12,15,0,0.0
2024-10-18,1,183,4,951.81
2024-10-18,2,104,4,2494.98
2024-10-18,3,54,0,0.0
2024-10-18,4,59,0,0.0
2024-10-18,5,45,2,505.17
2024-10-18,6,45,2,1147.33
2024-10-18,7,34,0,0.0
2024-10-18,8,39,0,0.0
2024-10-18,9,45,2,653.87
2024-10-18,10,39,1,220.82
2024-10-18,11,22,0,0.0
2024-10-18,12,14,1,211.96
2024-10-19,1,274,8,5341.99
2024-10-19,2,160,4,2391.11
2024-10-19,3,69,1,221.28
2024-10-19,4,86,2,662.79
2024-10-19,5,49,0,0.0
2024-10-19,6,60,3,2885.73
2024-10-19,7,43,2,1292.47
2024-10-19,8,55,2,404.19
2024-10-19,9,67,0,0.0
2024-10-19,10,46,1,847.48
2024-10-19,11,29,0,0.0
2024-10-19,12,20,0,0.0
2024-10-20,1,245,11,4899.05
2024-10-20,2,134,2,1101.63
2024-10-20,3,65,1,259.51
2024-10-20,4,73,1,197.7
2024-10-20,5,46,1,268.29
2024-10-20,6,47,2,1193.44
2024-10-20,7,43,1,589.92
2024-10-20,8,40,1,275.35
2024-10-20,9,62,1,972.12
2024-10-20,10,44,4,1641.82
2024-10-20,11,23,0,0.0
2024-10-20,12,17,0,0.0
2024-10-21,1,264,6,2771.44
2024-10-21,2,134,2,884.78
2024-10-21,3,73,0,0.0
2024-10-21,4,78,2,1790.12
2024-10-21,5,52,1,1018.96
2024-10-21,6,57,1,179.23
2024-10-21,7,42,1,269.71
2024-10-21,8,40,1,875.4
2024-10-21,9,68,0,0.0
2024-10-21,10,44,1,135.36
2024-10-21,11,28,1,471.76
2024-10-21,12,17,0,0.0
2024-10-22,1,151,4,1849.51
2024-10-22,2,80,1,218.54
2024-10-22,3,48,1,288.41
2024-10-22,4,43,3,1696.17
2024-10-22,5,28,2,463.65
2024-10-22,6,30,2,1660.41
2024-10-22,7,28,0,0.0
2024-10-22,8,24,0,0.0
2024-10-22,9,33,2,365.08
2024-10-22,10,24,0,0.0
2024-10-22,11,16,0,0.0
2024-10-22,12,10,1,262.78
2024-10-23,1,220,7,4902.29
2024-10-23,2,123,3,2650.52
2024-10-23,3,61,1,177.02
2024-10-23,4,65,4,1127.5
2024-10-23,5,51,2,661.99
2024-10-23,6,44,0,0.0
2024-10-23,7,35,1,423.42
2024-10-23,8,37,0,0.0
2024-10-23,9,56,2,1515.58
2024-10-23,10,42,0,0.0
2024-10-23,11,24,1,2142.36
2024-10-23,12,16,1,465.96
2024-10-24,1,227,3,1413.19
2024-10-24,2,111,1,227.17
2024-10-24,3,54,1,151.32
2024-10-24,4,68,2,1159.49
2024-10-24,5,44,2,676.88
2024-10-24,6,48,0,0.0
2024-10-24,7,34,1,1141.56
2024-10-24,8,39,2,525.07
2024-10-24,9,46,4,2153.22
2024-10-24,10,41,0,0.0
2024-10-24,11,22,1,201.7
2024-10-24,12,14,0,0.0
2024-10-25,1,253,6,2625.3
2024-10-25,2,139,1,546.0
2024-10-25,3,72,2,640.59
2024-10-25,4,75,4,1838.62
2024-10-25,5,55,0,0.0
2024-10-25,6,53,2,1028.06
2024-10-25,7,44,0,0.0
2024-10-25,8,40,2,850.52
2024-10-25,9,60,3,2715.82
2024-10-25,10,47,0,0.0
2024-10-25,11,24,0,0.0
2024-10-25,12,16,0,0.0
2024-10-26,1,202,4,2745.37
2024-10-26,2,115,2,2246.44
2024-10-26,3,58,2,1009.79
2024-10-26,4,59,1,219.62
2024-10-26,5,46,2,471.83
2024-10-26,6,45,0,0.0
2024-10-26,7,40,0,0.0
2024-10-26,8,36,0,0.0
2024-10-26,9,51,1,567.84
2024-10-26,10,40,2,868.46
2024-10-26,11,23,1,821.68
2024-10-26,12,15,2,921.23
2024-10-27,1,241,7,4495.15
2024-10-27,2,129,1,207.72
2024-10-27,3,73,2,700.29
2024-10-27,4,66,1,251.77
2024-10-27,5,50,1,416.38
2024-10-27,6,50,2,938.63
2024-10-27,7,44,0,0.0
2024-10-27,8,45,1,1011.84
2024-10-27,9,53,1,484.2
2024-10-27,10,38,1,382.88
2024-10-27,11,23,0,0.0
2024-10-27,12,16,1,144.19
2024-10-28,1,267,10,5456.65
2024-10-28,2,141,2,1264.93
2024-10-28,3,73,2,1048.18
2024-10-28,4,87,1,219.0
2024-10-28,5,61,0,0.0
2024-10-28,6,51,4,2179.41
2024-10-28,7,46,1,461.76
2024-10-28,8,49,0,0.0
2024-10-28,9,64,4,1332.31
2024-10-28,10,42,0,0.0
2024-10-28,11,30,1,234.83
2024-10-28,12,18,0,0.0
2024-10-29,1,239,7,4278.81
2024-10-29,2,128,7,2112.49
2024-10-29,3,55,3,1793.68
2024-10-29,4,69,2,980.12
2024-10-29,5,46,2,1344.01
2024-10-29,6,47,1,1497.96
2024-10-29,7,39,1,444.4
2024-10-29,8,42,1,581.85
2024-10-29,9,50,2,1180.44
2024-10-29,10,39,0,0.0
2024-10-29,11,19,1,208.59
2024-10-29,12,14,2,639.58
2024-10-30,1,198,8,4872.64
2024-10-30,2,95,5,3207.25
2024-10-30,3,46,0,0.0
2024-10-30,4,52,2,672.52
2024-10-30,5,38,0,0.0
2024-10-30,6,40,0,0.0
2024-10-30,7,29,2,560.63
2024-10-30,8,34,0,0.0
2024-10-30,9,44,1,942.08
2024-10-30,10,27,0,0.0
2024-10-30,11,18,1,700.68
2024-10-30,12,12,0,0.0
2024-10-31,1,160,5,2267.5
2024-10-31,2,88,2,521.69
2024-10-31,3,47,0,0.0
2024-10-31,4,51,2,672.24
2024-10-31,5,32,0,0.0
2024-10-31,6,35,0,0.0
2024-10-31,7,27,0,0.0
2024-10-31,8,28,0,0.0
2024-10-31,9,42,1,539.92
2024-10-31,10,28,1,605.13
2024-10-31,11,17,0,0.0
2024-10-31,12,12,0,0.0
2024-11-01,1,225,3,970.3
2024-11-01,2,107,2,950.98
2024-11-01,3,54,3,1929.03
2024-11-01,4,63,2,757.69
2024-11-01,5,46,2,1207.39
2024-11-01,6,45,2,573.13
2024-11-01,7,39,2,375.55
2024-11-01,8,37,0,0.0
2024-11-01,9,52,1,196.64
2024-11-01,10,35,2,650.38
2024-11-01,11,19,1,917.8
2024-11-01,12,12,0,0.0
2024-11-02,1,398,12,4310.98
2024-11-02,2,201,4,1254.03
2024-11-02,3,108,1,201.68
2024-11-02,4,146,4,2186.08
2024-11-02,5,81,2,757.54
2024-11-02,6,77,3,1398.85
2024-11-02,7,68,1,1048.96
2024-11-02,8,74,0,0.0
2024-11-02,9,106,2,568.49
2024-11-02,10,63,0,0.0
2024-11-02,11,40,0,0.0
2024-11-02,12,26,1,491.42
2024-11-03,1,124,3,645.5
2024-11-03,2,57,2,1773.94
2024-11-03,3,30,1,344.26
2024-11-03,4,35,0,0.0
2024-11-03,5,24,2,400.79
2024-11-03,6,22,1,916.48
2024-11-03,7,18,1,312.34
2024-11-03,8,20,2,1013.1
2024-11-03,9,26,1,942.6
2024-11-03,10,23,0,0.0
2024-11-03,11,11,0,0.0
2024-11-03,12,8,0,0.0
2024-11-04,1,191,4,1873.78
2024-11-04,2,93,2,1077.82
2024-11-04,3,48,1,212.96
2024-11-04,4,60,1,997.36
2024-11-04,5,39,3,1413.02
2024-11-04,6,38,1,223.91
2024-11-04,7,31,2,1513.52
2024-11-04,8,33,2,1284.86
2024-11-04,9,44,2,1156.53
2024-11-04,10,33,0,0.0
2024-11-04,11,20,1,478.98
2024-11-04,12,13,0,0.0
2024-11-05,1,163,4,2635.42
2024-11-05,2,93,2,806.62
2024-11-05,3,47,3,1444.33
2024-11-05,4,48,2,922.31
2024-11-05,5,32,1,945.12
2024-11-05,6,34,0,0.0
2024-11-05,7,29,0,0.0
2024-11-05,8,26,0,0.0
2024-11-05,9,45,0,0.0
2024-11-05,10,26,1,319.68
2024-11-05,11,16,0,0.0
2024-11-05,12,11,1,687.51
2024-11-06,1,248,5,2433.67
2024-11-06,2,134,2,803.27
2024-11-06,3,69,2,378.45
2024-11-06,4,83,2,681.5
2024-11-06,5,51,2,1360.52
2024-11-06,6,54,2,2021.02
2024-11-06,7,43,0,0.0
2024-11-06,8,44,0,0.0
2024-11-06,9,63,4,895.63
2024-11-06,10,42,0,0.0
2024-11-06,11,25,2,631.08
2024-11-06,12,18,0,0.0
2024-11-07,1,200,4,1123.99
2024-11-07,2,102,2,1241.56
2024-11-07,3,57,3,1292.1
2024-11-07,4,62,3,582.37
2024-11-07,5,40,2,1223.16
2024-11-07,6,42,1,170.66
2024-11-07,7,37,1,223.82
2024-11-07,8,33,1,234.28
2024-11-07,9,48,0,0.0
2024-11-07,10,35,1,295.2
2024-11-07,11,21,0,0.0
2024-11-07,12,14,0,0.0
2024-11-08,1,183,5,2446.94
2024-11-08,2,95,0,0.0
2024-11-08,3,48,4,1580.0
2024-11-08,4,57,0,0.0
2024-11-08,5,37,2,441.88
2024-11-08,6,38,0,0.0
2024-11-08,7,33,1,248.3
2024-11-08,8,29,2,474.12
2024-11-08,9,45,1,170.23
2024-11-08,10,32,0,0.0
2024-11-08,11,18,1,1147.93
2024-11-08,12,12,0,0.0
2024-11-09,1,239,4,2164.36
2024-11-09,2,121,8,4764.61
2024-11-09,3,57,0,0.0
2024-11-09,4,60,3,1049.99
2024-11-09,5,44,2,622.22
2024-11-09,6,51,0,0.0
2024-11-09,7,42,1,616.29
2024-11-09,8,40,1,192.69
2024-11-09,9,50,1,721.02
2024-11-09,10,41,2,789.85
2024-11-09,11,22,0,0.0
2024-11-09,12,14,0,0.0
2024-11-10,1,61,1,237.14
2024-11-10,2,31,0,0.0
2024-11-10,3,17,1,237.48
2024-11-10,4,19,0,0.0
2024-11-10,5,12,1,199.61
2024-11-10,6,12,1,344.44
2024-11-10,7,10,0,0.0
2024-11-10,8,10,0,0.0
2024-11-10,9,15,0,0.0
2024-11-10,10,10,2,860.61
2024-11-10,11,6,0,0.0
2024-11-10,12,4,1,232.57
2024-11-11,1,210,9,2998.96
2024-11-11,2,108,2,709.28
2024-11-11,3,51,0,0.0
2024-11-11,4,65,5,2249.52
2024-11-11,5,40,1,915.56
2024-11-11,6,39,1,327.36
2024-11-11,7,33,2,689.31
2024-11-11,8,31,2,1380.9
2024-11-11,9,49,0,0.0
2024-11-11,10,35,0,0.0
2024-11-11,11,19,0,0.0
2024-11-11,12,13,0,0.0
2024-11-12,1,166,1,398.8
2024-11-12,2,78,2,525.09
2024-11-12,3,47,0,0.0
2024-11-12,4,51,4,1967.21
2024-11-12,5,33,2,1069.44
2024-11-12,6,31,2,748.63
2024-11-12,7,24,1,150.21
2024-11-12,8,28,1,198.82
2024-11-12,9,40,1,199.29
2024-11-12,10,29,1,1260.96
2024-11-12,11,15,0,0.0
2024-11-12,12,9,0,0.0
2024-11-13,1,122,8,3953.43
2024-11-13,2,68,1,496.86
2024-11-13,3,33,0,0.0
2024-11-13,4,37,0,0.0
2024-11-13,5,23,1,174.52
2024-11-13,6,23,0,0.0
2024-11-13,7,20,1,405.38
2024-11-13,8,19,1,1174.53
2024-11-13,9,26,0,0.0
2024-11-13,10,22,0,0.0
2024-11-13,11,11,2,362.96
2024-11-13,12,7,1,265.1
2024-11-14,1,150,8,5554.18
2024-11-14,2,90,1,226.45
2024-11-14,3,45,2,562.13
2024-11-14,4,57,1,783.88
2024-11-14,5,35,2,857.34
2024-11-14,6,36,2,835.21
2024-11-14,7,26,0,0.0
2024-11-14,8,30,0,0.0
2024-11-14,9,44,2,1024.24
2024-11-14,10,31,0,0.0
2024-11-14,11,19,1,523.29
2024-11-14,12,12,0,0.0
2024-11-15,1,207,7,2297.34
2024-11-15,2,110,0,0.0
2024-11-15,3,52,4,1842.88
2024-11-15,4,64,0,0.0
2024-11-15,5,42,1,195.53
2024-11-15,6,44,0,0.0
2024-11-15,7,35,0,0.0
2024-11-15,8,32,0,0.0
2024-11-15,9,48,1,239.05
2024-11-15,10,31,2,369.75
2024-11-15,11,20,0,0.0
2024-11-15,12,13,0,0.0
2024-11-16,1,184,8,4159.78
2024-11-16,2,107,2,829.43
2024-11-16,3,50,0,0.0
2024-11-16,4,52,2,1357.96
2024-11-16,5,38,1,200.07
2024-11-16,6,33,0,0.0
2024-11-16,7,29,0,0.0
2024-11-16,8,30,1,432.6
2024-11-16,9,43,0,0.0
2024-11-16,10,32,2,1039.94
2024-11-16,11,19,0,0.0
2024-11-16,12,11,0,0.0
2024-11-17,1,116,5,1302.78
2024-11-17,2,65,4,1345.94
2024-11-17,3,30,0,0.0
2024-11-17,4,39,0,0.0
2024-11-17,5,22,0,0.0
2024-11-17,6,26,1,188.4
2024-11-17,7,21,1,691.68
2024-11-17,8,21,0,0.0
2024-11-17,9,30,0,0.0
2024-11-17,10,22,0,0.0
2024-11-17,11,13,2,690.4
2024-11-17,12,9,0,0.0
2024-11-18,1,158,3,875.44
2024-11-18,2,71,0,0.0
2024-11-18,3,46,3,1057.78
2024-11-18,4,48,0,0.0
2024-11-18,5,31,0,0.0
2024-11-18,6,28,2,563.56
2024-11-18,7,21,0,0.0
2024-11-18,8,26,1,165.16
2024-11-18,9,37,1,636.0
2024-11-18,10,26,2,331.6
2024-11-18,11,16,1,191.46
2024-11-18,12,11,0,0.0
2024-11-19,1,264,4,3703.64
2024-11-19,2,126,6,2822.83
2024-11-19,3,67,2,1041.95
2024-11-19,4,81,0,0.0
2024-11-19,5,54,1,163.39
2024-11-19,6,52,2,874.49
2024-11-19,7,43,0,0.0
2024-11-19,8,49,0,0.0
2024-11-19,9,66,2,941.46
2024-11-19,10,46,0,0.0
2024-11-19,11,28,2,361.54
2024-11-19,12,18,0,0.0
2024-11-20,1,134,6,1926.13
2024-11-20,2,66,2,812.81
2024-11-20,3,39,0,0.0
2024-11-20,4,39,1,804.28
2024-11-20,5,28,2,712.24
2024-11-20,6,30,0,0.0
2024-11-20,7,25,2,844.83
2024-11-20,8,24,2,1607.43
2024-11-20,9,37,5,1657.16
2024-11-20,10,22,0,0.0
2024-11-20,11,14,1,691.2
2024-11-20,12,9,0,0.0
2024-11-21,1,206,6,2819.87
2024-11-21,2,100,4,1362.85
2024-11-21,3,52,0,0.0
2024-11-21,4,64,0,0.0
2024-11-21,5,31,0,0.0
2024-11-21,6,39,0,0.0
2024-11-21,7,31,1,363.8
2024-11-21,8,30,1,238.0
2024-11-21,9,43,2,899.59
2024-11-21,10,27,0,0.0
2024-11-21,11,19,0,0.0
2024-11-21,12,12,0,0.0
2024-11-22,1,134,2,998.55
2024-11-22,2,64,4,1357.87
2024-11-22,3,38,1,191.73
2024-11-22,4,37,0,0.0
2024-11-22,5,29,1,152.98
2024-11-22,6,27,0,0.0
2024-11-22,7,21,1,171.71
2024-11-22,8,23,0,0.0
2024-11-22,9,30,2,1076.07
2024-11-22,10,22,0,0.0
2024-11-22,11,13,1,333.0
2024-11-22,12,7,0,0.0
2024-11-23,1,198,5,1187.74
2024-11-23,2,96,0,0.0
2024-11-23,3,51,0,0.0
2024-11-23,4,59,1,174.24
2024-11-23,5,36,1,808.56
2024-11-23,6,36,0,0.0
2024-11-23,7,32,1,427.71
2024-11-23,8,32,3,1816.76
2024-11-23,9,45,2,917.76
2024-11-23,10,31,1,819.72
2024-11-23,11,17,1,379.6
2024-11-23,12,13,0,0.0
2024-11-24,1,197,2,789.0
2024-11-24,2,100,3,2562.92
2024-11-24,3,56,3,2674.68
2024-11-24,4,57,3,1614.63
2024-11-24,5,41,1,289.42
2024-11-24,6,42,2,585.23
2024-11-24,7,33,3,617.01
2024-11-24,8,33,1,917.92
2024-11-24,9,47,2,1086.56
2024-11-24,10,35,0,0.0
2024-11-24,11,20,1,223.83
2024-11-24,12,14,0,0.0
2024-11-25,1,133,7,2612.09
2024-11-25,2,63,2,661.19
2024-11-25,3,37,2,741.88
2024-11-25,4,42,0,0.0
2024-11-25,5,28,0,0.0
2024-11-25,6,27,1,435.14
2024-11-25,7,21,0,0.0
2024-11-25,8,21,0,0.0
2024-11-25,9,31,0,0.0
2024-11-25,10,20,1,665.32
2024-11-25,11,14,0,0.0
2024-11-25,12,9,0,0.0
2024-11-26,1,276,4,2747.12
2024-11-26,2,141,2,357.88
2024-11-26,3,70,0,0.0
2024-11-26,4,87,0,0.0
2024-11-26,5,52,0,0.0
2024-11-26,6,55,2,1076.94
2024-11-26,7,46,0,0.0
2024-11-26,8,43,0,0.0
2024-11-26,9,59,1,177.71
2024-11-26,10,42,1,449.22
2024-11-26,11,29,1,168.32
2024-11-26,12,17,1,186.71
2024-11-27,1,168,3,2141.73
2024-11-27,2,75,0,0.0
2024-11-27,3,46,1,410.28
2024-11-27,4,53,0,0.0
2024-11-27,5,33,1,385.64
2024-11-27,6,31,0,0.0
2024-11-27,7,27,3,582.38
2024-11-27,8,27,2,540.88
2024-11-27,9,35,1,159.18
2024-11-27,10,27,1,787.2
2024-11-27,11,16,1,576.03
2024-11-27,12,10,1,866.12
2024-11-28,1,208,2,985.15
2024-11-28,2,106,3,497.09
2024-11-28,3,60,1,443.64
2024-11-28,4,57,3,1151.61
2024-11-28,5,42,2,1332.4
2024-11-28,6,42,2,479.71
2024-11-28,7,34,1,353.84
2024-11-28,8,36,2,665.98
2024-11-28,9,45,0,0.0
2024-11-28,10,39,0,0.0
2024-11-28,11,20,1,201.55
2024-11-28,12,14,0,0.0
2024-11-29,1,144,3,1135.27
2024-11-29,2,68,2,461.98
2024-11-29,3,42,1,683.28
2024-11-29,4,43,1,318.22
2024-11-29,5,29,1,181.57
2024-11-29,6,27,0,0.0
2024-11-29,7,24,0,0.0
2024-11-29,8,24,0,0.0
2024-11-29,9,32,2,534.95
2024-11-29,10,24,0,0.0
2024-11-29,11,14,1,408.74
2024-11-29,12,9,0,0.0
2024-11-30,1,165,5,2602.2
2024-11-30,2,80,4,1041.49
2024-11-30,3,44,0,0.0
2024-11-30,4,49,0,0.0
2024-11-30,5,32,0,0.0
2024-11-30,6,32,0,0.0
2024-11-30,7,29,1,580.02
2024-11-30,8,29,1,158.63
2024-11-30,9,40,0,0.0
2024-11-30,10,27,3,715.77
2024-11-30,11,15,1,137.22
2024-11-30,12,11,0,0.0
2024-12-01,1,266,2,1257.47
2024-12-01,2,137,2,855.53
2024-12-01,3,71,2,381.23
2024-12-01,4,56,1,320.02
2024-12-01,5,43,1,335.84
2024-12-01,6,52,1,554.2
2024-12-01,7,54,1,642.72
2024-12-01,8,44,1,221.59
2024-12-01,9,71,1,357.0
2024-12-01,10,52,2,357.73
2024-12-01,11,36,3,892.21
2024-12-01,12,14,0,0.0
2024-12-02,1,155,5,2254.56
2024-12-02,2,86,2,1268.56
2024-12-02,3,48,1,247.0
2024-12-02,4,36,0,0.0
2024-12-02,5,30,1,146.19
2024-12-02,6,35,2,1088.56
2024-12-02,7,39,1,530.19
2024-12-02,8,26,1,870.2
2024-12-02,9,50,0,0.0
2024-12-02,10,36,2,865.8
2024-12-02,11,22,0,0.0
2024-12-02,12,12,0,0.0
2024-12-03,1,158,4,1239.98
2024-12-03,2,90,2,1029.16
2024-12-03,3,46,0,0.0
2024-12-03,4,34,0,0.0
2024-12-03,5,30,0,0.0
2024-12-03,6,35,2,686.06
2024-12-03,7,37,2,1196.32
2024-12-03,8,27,0,0.0
2024-12-03,9,49,2,866.21
2024-12-03,10,34,1,579.8
2024-12-03,11,21,0,0.0
2024-12-03,12,11,1,935.62
2024-12-04,1,87,2,325.14
2024-12-04,2,51,1,196.17
2024-12-04,3,24,1,214.96
2024-12-04,4,18,1,514.41
2024-12-04,5,14,0,0.0
2024-12-04,6,17,1,749.64
2024-12-04,7,19,1,132.42
2024-12-04,8,13,1,485.76
2024-12-04,9,26,0,0.0
2024-12-04,10,18,1,565.47
2024-12-04,11,11,1,680.8
2024-12-04,12,6,0,0.0
2024-12-05,1,103,5,1842.8
2024-12-05,2,66,3,2944.93
2024-12-05,3,27,1,778.88
2024-12-05,4,25,1,182.55
2024-12-05,5,19,2,1575.38
2024-12-05,6,23,0,0.0
2024-12-05,7,22,0,0.0
2024-12-05,8,17,0,0.0
2024-12-05,9,34,1,959.46
2024-12-05,10,25,1,492.03
2024-12-05,11,14,1,169.57
2024-12-05,12,7,0,0.0
2024-12-06,1,137,4,1660.6
2024-12-06,2,79,1,158.03
2024-12-06,3,37,2,727.24
2024-12-06,4,29,0,0.0
2024-12-06,5,25,1,468.78
2024-12-06,6,28,0,0.0
2024-12-06,7,33,2,842.52
2024-12-06,8,24,0,0.0
2024-12-06,9,38,2,523.99
2024-12-06,10,29,2,333.19
2024-12-06,11,17,1,162.7
2024-12-06,12,9,0,0.0
2024-12-07,1,95,1,305.86
2024-12-07,2,51,3,1241.93
2024-12-07,3,26,1,463.29
2024-12-07,4,22,0,0.0
2024-12-07,5,15,0,0.0
2024-12-07,6,21,0,0.0
2024-12-07,7,23,0,0.0
2024-12-07,8,17,1,164.28
2024-12-07,9,30,3,1573.8
2024-12-07,10,19,2,383.45
2024-12-07,11,12,0,0.0
2024-12-07,12,6,0,0.0
2024-12-08,1,195,1,159.78
2024-12-08,2,105,3,690.91
2024-12-08,3,48,1,186.71
2024-12-08,4,39,2,678.52
2024-12-08,5,32,1,1553.76
2024-12-08,6,38,0,0.0
2024-12-08,7,39,0,0.0
2024-12-08,8,30,1,259.12
2024-12-08,9,54,1,331.46
2024-12-08,10,43,4,1203.74
2024-12-08,11,26,0,0.0
2024-12-08,12,11,0,0.0
2024-12-09,1,185,9,2469.42
2024-12-09,2,104,1,187.96
2024-12-09,3,44,0,0.0
2024-12-09,4,37,3,464.38
2024-12-09,5,27,0,0.0
2024-12-09,6,37,1,153.11
2024-12-09,7,39,0,0.0
2024-12-09,8,31,0,0.0
2024-12-09,9,51,0,0.0
2024-12-09,10,38,2,303.81
2024-12-09,11,24,0,0.0
2024-12-09,12,13,0,0.0
2024-12-10,1,140,5,1831.01
2024-12-10,2,72,0,0.0
2024-12-10,3,35,2,598.07
2024-12-10,4,31,0,0.0
2024-12-10,5,22,0,0.0
2024-12-10,6,28,2,1780.76
2024-12-10,7,27,0,0.0
2024-12-10,8,21,0,0.0
2024-12-10,9,39,1,167.18
2024-12-10,10,27,0,0.0
2024-12-10,11,17,0,0.0
2024-12-10,12,9,0,0.0
2024-12-11,1,170,3,890.94
2024-12-11,2,86,2,491.31
2024-12-11,3,46,1,187.48
2024-12-11,4,38,3,1501.94
2024-12-11,5,26,0,0.0
2024-12-11,6,35,1,770.88
2024-12-11,7,37,1,514.14
2024-12-11,8,26,2,794.92
2024-12-11,9,46,1,386.28
2024-12-11,10,41,0,0.0
2024-12-11,11,21,0,0.0
2024-12-11,12,12,0,0.0
2024-12-12,1,273,1,1175.34
2024-12-12,2,149,4,1226.97
2024-12-12,3,79,3,1041.45
2024-12-12,4,63,1,358.18
2024-12-12,5,50,1,725.8
2024-12-12,6,49,2,843.02
2024-12-12,7,63,2,668.8
2024-12-12,8,41,0,0.0
2024-12-12,9,74,2,1105.22
2024-12-12,10,63,0,0.0
2024-12-12,11,35,2,358.86
2024-12-12,12,17,1,150.63
2024-12-13,1,150,5,1564.2
2024-12-13,2,84,2,1256.68
2024-12-13,3,43,2,342.75
2024-12-13,4,30,0,0.0
2024-12-13,5,24,0,0.0
2024-12-13,6,35,0,0.0
2024-12-13,7,28,2,837.23
2024-12-13,8,26,1,206.98
2024-12-13,9,41,0,0.0
2024-12-13,10,30,1,139.66
2024-12-13,11,18,2,867.28
2024-12-13,12,10,0,0.0
2024-12-14,1,142,3,873.65
2024-12-14,2,78,2,750.79
2024-12-14,3,40,1,289.22
2024-12-14,4,31,1,697.48
2024-12-14,5,27,0,0.0
2024-12-14,6,30,1,914.8
2024-12-14,7,32,4,1396.0
2024-12-14,8,21,0,0.0
2024-12-14,9,48,2,983.8
2024-12-14,10,31,0,0.0
2024-12-14,11,19,1,760.16
2024-12-14,12,9,0,0.0
2024-12-15,1,107,2,702.35
2024-12-15,2,57,0,0.0
2024-12-15,3,31,2,307.17
2024-12-15,4,26,1,275.5
2024-12-15,5,21,1,1264.8
2024-12-15,6,25,0,0.0
2024-12-15,7,26,0,0.0
2024-12-15,8,19,1,400.66
2024-12-15,9,34,1,491.22
2024-12-15,10,25,1,1108.62
2024-12-15,11,13,2,299.46
2024-12-15,12,8,1,759.0
2024-12-16,1,108,3,1330.8
2024-12-16,2,57,1,183.67
2024-12-16,3,25,0,0.0
2024-12-16,4,21,0,0.0
2024-12-16,5,19,1,171.15
2024-12-16,6,21,1,156.44
2024-12-16,7,22,1,367.2
2024-12-16,8,16,0,0.0
2024-12-16,9,28,1,153.71
2024-12-16,10,21,1,170.2
2024-12-16,11,13,1,180.56
2024-12-16,12,6,0,0.0
2024-12-17,1,120,4,1687.77
2024-12-17,2,67,0,0.0
2024-12-17,3,37,2,508.11
2024-12-17,4,26,3,954.26
2024-12-17,5,25,0,0.0
2024-12-17,6,27,1,707.2
2024-12-17,7,29,0,0.0
2024-12-17,8,20,1,164.25
2024-12-17,9,41,2,2095.47
2024-12-17,10,26,0,0.0
2024-12-17,11,17,0,0.0
2024-12-17,12,8,0,0.0
2024-12-18,1,191,4,1457.65
2024-12-18,2,101,1,188.07
2024-12-18,3,53,3,1500.61
2024-12-18,4,39,0,0.0
2024-12-18,5,33,0,0.0
2024-12-18,6,43,1,522.06
2024-12-18,7,44,2,412.0
2024-12-18,8,31,0,0.0
2024-12-18,9,57,0,0.0
2024-12-18,10,43,1,371.28
2024-12-18,11,24,0,0.0
2024-12-18,12,13,1,259.58
2024-12-19,1,336,10,3145.53
2024-12-19,2,180,3,986.15
2024-12-19,3,97,3,481.36
2024-12-19,4,65,1,551.4
2024-12-19,5,54,1,156.67
2024-12-19,6,62,0,0.0
2024-12-19,7,73,2,665.9
2024-12-19,8,47,2,312.27
2024-12-19,9,91,0,0.0
2024-12-19,10,75,2,605.94
2024-12-19,11,44,0,0.0
2024-12-19,12,21,0,0.0
2024-12-20,1,121,2,871.88
2024-12-20,2,62,3,1322.62
2024-12-20,3,32,0,0.0
2024-12-20,4,26,0,0.0
2024-12-20,5,19,2,1367.89
2024-12-20,6,22,0,0.0
2024-12-20,7,23,1,875.76
2024-12-20,8,20,1,182.49
2024-12-20,9,32,0,0.0
2024-12-20,10,25,0,0.0
2024-12-20,11,14,0,0.0
2024-12-20,12,7,0,0.0
2024-12-21,1,128,5,1150.02
2024-12-21,2,68,2,904.27
2024-12-21,3,36,0,0.0
2024-12-21,4,26,0,0.0
2024-12-21,5,23,1,434.07
2024-12-21,6,26,1,119.0
2024-12-21,7,28,1,121.74
2024-12-21,8,19,0,0.0
2024-12-21,9,36,3,1078.76
2024-12-21,10,30,1,179.54
2024-12-21,11,18,0,0.0
2024-12-21,12,8,0,0.0
2024-12-22,1,128,4,1522.29
2024-12-22,2,68,1,881.15
2024-12-22,3,35,3,1141.78
2024-12-22,4,26,3,975.3
2024-12-22,5,20,0,0.0
2024-12-22,6,25,0,0.0
2024-12-22,7,26,2,683.96
2024-12-22,8,23,0,0.0
2024-12-22,9,33,1,714.0
2024-12-22,10,28,2,889.94
2024-12-22,11,16,0,0.0
2024-12-22,12,8,0,0.0
2024-12-23,1,257,3,688.07
2024-12-23,2,129,0,0.0
2024-12-23,3,61,2,967.44
2024-12-23,4,51,1,229.03
2024-12-23,5,42,0,0.0
2024-12-23,6,50,1,500.97
2024-12-23,7,54,1,504.63
2024-12-23,8,35,0,0.0
2024-12-23,9,69,3,1185.7
2024-12-23,10,49,4,1329.31
2024-12-23,11,33,0,0.0
2024-12-23,12,17,0,0.0
2024-12-24,1,212,9,2881.13
2024-12-24,2,102,4,2343.62
2024-12-24,3,57,2,807.24
2024-12-24,4,44,1,165.53
2024-12-24,5,38,0,0.0
2024-12-24,6,39,0,0.0
2024-12-24,7,45,0,0.0
2024-12-24,8,30,1,335.16
2024-12-24,9,58,0,0.0
2024-12-24,10,45,0,0.0
2024-12-24,11,27,0,0.0
2024-12-24,12,14,0,0.0
2024-12-25,1,179,2,1672.06
2024-12-25,2,92,2,914.76
2024-12-25,3,43,2,1316.83
2024-12-25,4,36,1,239.08
2024-12-25,5,29,0,0.0
2024-12-25,6,33,0,0.0
2024-12-25,7,32,2,518.59
2024-12-25,8,27,0,0.0
2024-12-25,9,43,1,167.91
2024-12-25,10,38,1,119.0
2024-12-25,11,22,1,411.16
2024-12-25,12,11,0,0.0
2024-12-26,1,197,3,987.83
2024-12-26,2,108,2,284.06
2024-12-26,3,58,2,1050.72
2024-12-26,4,43,1,286.56
2024-12-26,5,33,2,709.34
2024-12-26,6,37,0,0.0
2024-12-26,7,46,2,273.63
2024-12-26,8,31,0,0.0
2024-12-26,9,62,3,1304.12
2024-12-26,10,42,3,873.26
2024-12-26,11,28,0,0.0
2024-12-26,12,16,1,296.04
2024-12-27,1,87,5,1664.66
2024-12-27,2,45,1,483.42
2024-12-27,3,23,0,0.0
2024-12-27,4,20,0,0.0
2024-12-27,5,14,0,0.0
2024-12-27,6,19,1,148.9
2024-12-27,7,19,1,166.87
2024-12-27,8,15,0,0.0
2024-12-27,9,26,0,0.0
2024-12-27,10,20,2,545.96
2024-12-27,11,12,0,0.0
2024-12-27,12,6,0,0.0
2024-12-28,1,143,1,150.04
2024-12-28,2,93,0,0.0
2024-12-28,3,42,2,319.04
2024-12-28,4,30,0,0.0
2024-12-28,5,30,1,1052.87
2024-12-28,6,35,2,316.02
2024-12-28,7,38,1,171.41
2024-12-28,8,26,2,1142.59
2024-12-28,9,47,2,479.52
2024-12-28,10,35,3,1205.67
2024-12-28,11,21,1,173.03
2024-12-28,12,10,1,464.13
2024-12-29,1,143,4,1200.51
2024-12-29,2,74,2,496.97
2024-12-29,3,36,2,1376.44
2024-12-29,4,25,0,0.0
2024-12-29,5,23,1,623.4
2024-12-29,6,29,0,0.0
2024-12-29,7,32,2,1559.11
2024-12-29,8,20,0,0.0
2024-12-29,9,35,1,158.11
2024-12-29,10,27,0,0.0
2024-12-29,11,17,1,238.0
2024-12-29,12,9,1,149.15
2024-12-30,1,165,6,4221.08
2024-12-30,2,89,2,853.7
2024-12-30,3,44,1,307.02
2024-12-30,4,35,1,524.04
2024-12-30,5,28,0,0.0
2024-12-30,6,34,1,148.91
2024-12-30,7,35,0,0.0
2024-12-30,8,25,0,0.0
2024-12-30,9,43,0,0.0
2024-12-30,10,32,0,0.0
2024-12-30,11,21,0,0.0
2024-12-30,12,11,0,0.0
2024-12-31,1,110,3,900.97
2024-12-31,2,63,5,1230.26
2024-12-31,3,32,0,0.0
2024-12-31,4,26,1,197.11
2024-12-31,5,20,1,161.0
2024-12-31,6,21,0,0.0
2024-12-31,7,23,0,0.0
2024-12-31,8,16,0,0.0
2024-12-31,9,28,2,1176.54
2024-12-31,10,21,0,0.0
2024-12-31,11,14,1,338.8
2024-12-31,12,7,0,0.0
2025-01-01,1,99,2,915.84
2025-01-01,2,51,0,0.0
2025-01-01,3,28,1,132.45
2025-01-01,4,18,1,124.75
2025-01-01,5,16,1,147.53
2025-01-01,6,20,0,0.0
2025-01-01,7,22,1,609.44
2025-01-01,8,15,1,224.31
2025-01-01,9,28,1,238.0
2025-01-01,10,20,0,0.0
2025-01-01,11,13,1,585.08
2025-01-01,12,6,0,0.0
2025-01-02,1,155,6,1678.33
2025-01-02,2,84,2,554.9
2025-01-02,3,44,1,967.8
2025-01-02,4,32,1,517.92
2025-01-02,5,28,1,343.3
2025-01-02,6,34,1,147.34
2025-01-02,7,35,0,0.0
2025-01-02,8,26,1,654.0
2025-01-02,9,45,1,341.94
2025-01-02,10,36,0,0.0
2025-01-02,11,20,1,744.36
2025-01-02,12,11,0,0.0
2025-01-03,1,113,4,1950.65
2025-01-03,2,61,0,0.0
2025-01-03,3,34,0,0.0
2025-01-03,4,26,0,0.0
2025-01-03,5,21,2,676.82
2025-01-03,6,25,1,215.03
2025-01-03,7,23,1,414.4
2025-01-03,8,18,0,0.0
2025-01-03,9,32,0,0.0
2025-01-03,10,23,0,0.0
2025-01-03,11,15,0,0.0
2025-01-03,12,7,0,0.0
2025-01-04,1,182,4,722.17
2025-01-04,2,97,4,1181.87
2025-01-04,3,51,1,160.31
2025-01-04,4,38,0,0.0
2025-01-04,5,32,1,767.92
2025-01-04,6,40,3,1152.77
2025-01-04,7,43,1,316.94
2025-01-04,8,30,0,0.0
2025-01-04,9,59,1,522.36
2025-01-04,10,35,2,870.02
2025-01-04,11,24,1,712.8
2025-01-04,12,11,1,927.76
2025-01-05,1,232,7,2470.78
2025-01-05,2,129,4,968.11
2025-01-05,3,63,1,531.45
2025-01-05,4,44,1,856.95
2025-01-05,5,43,0,0.0
2025-01-05,6,42,0,0.0
2025-01-05,7,48,2,959.06
2025-01-05,8,40,0,0.0
2025-01-05,9,67,0,0.0
2025-01-05,10,42,2,629.32
2025-01-05,11,29,2,321.33
2025-01-05,12,16,1,337.48
2025-01-06,1,221,12,6716.37
2025-01-06,2,121,1,615.6
2025-01-06,3,60,0,0.0
2025-01-06,4,45,1,267.82
2025-01-06,5,35,2,1037.44
2025-01-06,6,45,2,791.49
2025-01-06,7,46,0,0.0
2025-01-06,8,36,0,0.0
2025-01-06,9,63,0,0.0
2025-01-06,10,40,1,383.88
2025-01-06,11,31,0,0.0
2025-01-06,12,14,0,0.0
2025-01-07,1,137,4,800.98
2025-01-07,2,65,0,0.0
2025-01-07,3,36,2,343.05
2025-01-07,4,27,3,1716.58
2025-01-07,5,24,0,0.0
2025-01-07,6,26,0,0.0
2025-01-07,7,29,1,194.4
2025-01-07,8,18,0,0.0
2025-01-07,9,37,1,843.2
2025-01-07,10,33,1,641.8
2025-01-07,11,17,2,710.23
2025-01-07,12,8,1,824.15
2025-01-08,1,190,4,2201.67
2025-01-08,2,94,4,1158.05
2025-01-08,3,50,0,0.0
2025-01-08,4,41,0,0.0
2025-01-08,5,33,3,1327.55
2025-01-08,6,44,1,624.4
2025-01-08,7,36,1,707.6
2025-01-08,8,29,2,480.19
2025-01-08,9,54,2,529.27
2025-01-08,10,40,0,0.0
2025-01-08,11,24,0,0.0
2025-01-08,12,11,0,0.0
2025-01-09,1,71,3,1904.48
2025-01-09,2,42,0,0.0
2025-01-09,3,22,1,143.34
2025-01-09,4,14,1,460.29
2025-01-09,5,11,1,180.22
2025-01-09,6,15,1,168.34
2025-01-09,7,16,0,0.0
2025-01-09,8,11,0,0.0
2025-01-09,9,22,1,1078.08
2025-01-09,10,16,0,0.0
2025-01-09,11,10,0,0.0
2025-01-09,12,5,0,0.0
2025-01-10,1,163,7,3117.55
2025-01-10,2,82,1,186.41
2025-01-10,3,48,1,150.84
2025-01-10,4,36,0,0.0
2025-01-10,5,24,1,140.47
2025-01-10,6,30,1,932.0
2025-01-10,7,34,0,0.0
2025-01-10,8,24,0,0.0
2025-01-10,9,44,1,149.76
2025-01-10,10,32,1,301.78
2025-01-10,11,17,0,0.0
2025-01-10,12,10,0,0.0
2025-01-11,1,151,3,1624.42
2025-01-11,2,74,1,449.46
2025-01-11,3,41,0,0.0
2025-01-11,4,33,2,364.35
2025-01-11,5,25,0,0.0
2025-01-11,6,32,3,1165.71
2025-01-11,7,34,1,181.04
2025-01-11,8,21,3,1936.42
2025-01-11,9,41,3,2583.34
2025-01-11,10,33,2,834.59
2025-01-11,11,18,1,537.99
2025-01-11,12,11,1,292.5
2025-01-12,1,114,2,356.71
2025-01-12,2,63,6,2426.66
2025-01-12,3,37,0,0.0
2025-01-12,4,28,1,192.86
2025-01-12,5,21,1,144.7
2025-01-12,6,25,0,0.0
2025-01-12,7,31,1,450.66
2025-01-12,8,20,2,369.29
2025-01-12,9,33,0,0.0
2025-01-12,10,29,0,0.0
2025-01-12,11,14,0,0.0
2025-01-12,12,8,0,0.0
2025-01-13,1,125,6,1887.58
2025-01-13,2,83,1,450.21
2025-01-13,3,37,4,1328.09
2025-01-13,4,27,1,150.37
2025-01-13,5,25,0,0.0
2025-01-13,6,30,0,0.0
2025-01-13,7,28,0,0.0
2025-01-13,8,25,0,0.0
2025-01-13,9,35,1,407.13
2025-01-13,10,30,2,480.15
2025-01-13,11,19,0,0.0
2025-01-13,12,10,0,0.0
2025-01-14,1,183,6,1252.51
2025-01-14,2,89,4,1437.27
2025-01-14,3,49,1,688.88
2025-01-14,4,35,1,652.2
2025-01-14,5,32,1,434.02
2025-01-14,6,37,0,0.0
2025-01-14,7,42,0,0.0
2025-01-14,8,28,0,0.0
2025-01-14,9,49,2,433.8
2025-01-14,10,40,1,164.98
2025-01-14,11,21,0,0.0
2025-01-14,12,12,0,0.0
2025-01-15,1,92,2,476.97
2025-01-15,2,53,1,238.0
2025-01-15,3,25,1,476.0
2025-01-15,4,20,0,0.0
2025-01-15,5,14,0,0.0
2025-01-15,6,18,0,0.0
2025-01-15,7,20,0,0.0
2025-01-15,8,15,1,268.04
2025-01-15,9,26,0,0.0
2025-01-15,10,19,1,1059.06
2025-01-15,11,12,2,479.63
2025-01-15,12,6,0,0.0
2025-01-16,1,217,7,2589.33
2025-01-16,2,124,4,1409.96
2025-01-16,3,58,0,0.0
2025-01-16,4,51,2,1401.63
2025-01-16,5,39,1,442.7
2025-01-16,6,48,3,1006.28
2025-01-16,7,45,0,0.0
2025-01-16,8,35,2,727.48
2025-01-16,9,58,0,0.0
2025-01-16,10,44,0,0.0
2025-01-16,11,26,0,0.0
2025-01-16,12,16,0,0.0
2025-01-17,1,214,5,1582.92
2025-01-17,2,101,1,425.44
2025-01-17,3,56,3,686.39
2025-01-17,4,42,0,0.0
2025-01-17,5,37,4,1550.74
2025-01-17,6,45,4,1249.14
2025-01-17,7,41,0,0.0
2025-01-17,8,30,0,0.0
2025-01-17,9,51,3,645.5
2025-01-17,10,45,1,119.0
2025-01-17,11,25,1,357.0
2025-01-17,12,12,1,1126.44
2025-01-18,1,106,5,1686.14
2025-01-18,2,50,1,156.83
2025-01-18,3,25,0,0.0
2025-01-18,4,21,0,0.0
2025-01-18,5,15,0,0.0
2025-01-18,6,19,2,628.47
2025-01-18,7,23,1,497.44
2025-01-18,8,14,0,0.0
2025-01-18,9,29,1,154.73
2025-01-18,10,23,0,0.0
2025-01-18,11,13,0,0.0
2025-01-18,12,6,0,0.0
2025-01-19,1,237,5,2530.43
2025-01-19,2,122,2,421.19
2025-01-19,3,64,3,1224.74
2025-01-19,4,52,2,365.8
2025-01-19,5,40,3,1170.63
2025-01-19,6,50,1,610.22
2025-01-19,7,52,1,136.53
2025-01-19,8,35,0,0.0
2025-01-19,9,64,0,0.0
2025-01-19,10,47,0,0.0
2025-01-19,11,28,0,0.0
2025-01-19,12,15,2,534.52
2025-01-20,1,79,3,1249.24
2025-01-20,2,52,4,2043.72
2025-01-20,3,25,1,829.72
2025-01-20,4,19,0,0.0
2025-01-20,5,16,1,550.89
2025-01-20,6,18,0,0.0
2025-01-20,7,20,0,0.0
2025-01-20,8,15,0,0.0
2025-01-20,9,25,1,119.0
2025-01-20,10,19,0,0.0
2025-01-20,11,12,0,0.0
2025-01-20,12,6,0,0.0
2025-01-21,1,112,7,2986.46
2025-01-21,2,60,0,0.0
2025-01-21,3,32,3,1668.3
2025-01-21,4,24,0,0.0
2025-01-21,5,17,2,756.4
2025-01-21,6,21,0,0.0
2025-01-21,7,25,1,917.19
2025-01-21,8,17,1,188.08
2025-01-21,9,34,1,556.8
2025-01-21,10,25,1,575.2
2025-01-21,11,13,1,169.8
2025-01-21,12,6,0,0.0
2025-01-22,1,229,9,2979.08
2025-01-22,2,108,1,687.68
2025-01-22,3,61,1,135.48
2025-01-22,4,53,2,330.6
2025-01-22,5,36,4,1458.74
2025-01-22,6,42,1,561.69
2025-01-22,7,51,0,0.0
2025-01-22,8,35,2,361.36
2025-01-22,9,63,2,882.26
2025-01-22,10,53,0,0.0
2025-01-22,11,29,0,0.0
2025-01-22,12,15,0,0.0
2025-01-23,1,145,3,1761.82
2025-01-23,2,69,5,2910.93
2025-01-23,3,36,0,0.0
2025-01-23,4,31,1,1027.56
2025-01-23,5,23,1,373.3
2025-01-23,6,30,0,0.0
2025-01-23,7,29,3,521.53
2025-01-23,8,21,0,0.0
2025-01-23,9,41,1,390.8
2025-01-23,10,33,0,0.0
2025-01-23,11,16,0,0.0
2025-01-23,12,10,1,808.62
2025-01-24,1,198,4,1533.22
2025-01-24,2,115,4,1153.2
2025-01-24,3,54,0,0.0
2025-01-24,4,44,2,791.97
2025-01-24,5,38,2,1152.82
2025-01-24,6,46,0,0.0
2025-01-24,7,45,0,0.0
2025-01-24,8,31,2,478.42
2025-01-24,9,57,2,765.64
2025-01-24,10,35,0,0.0
2025-01-24,11,28,0,0.0
2025-01-24,12,14,0,0.0
2025-01-25,1,215,3,1265.37
2025-01-25,2,117,3,1413.2
2025-01-25,3,57,2,1068.65
2025-01-25,4,50,1,1173.72
2025-01-25,5,38,2,637.0
2025-01-25,6,46,2,785.02
2025-01-25,7,47,0,0.0
2025-01-25,8,34,0,0.0
2025-01-25,9,65,5,3017.75
2025-01-25,10,48,1,485.16
2025-01-25,11,28,0,0.0
2025-01-25,12,14,0,0.0
2025-01-26,1,181,5,2581.66
2025-01-26,2,109,2,1357.58
2025-01-26,3,53,1,194.16
2025-01-26,4,41,0,0.0
2025-01-26,5,40,0,0.0
2025-01-26,6,41,2,521.33
2025-01-26,7,40,1,620.43
2025-01-26,8,32,2,1190.01
2025-01-26,9,56,2,1220.49
2025-01-26,10,42,2,1354.88
2025-01-26,11,26,0,0.0
2025-01-26,12,12,1,191.65
2025-01-27,1,133,5,1748.56
2025-01-27,2,72,1,1469.1
2025-01-27,3,33,1,450.0
2025-01-27,4,26,1,214.4
2025-01-27,5,23,0,0.0
2025-01-27,6,26,0,0.0
2025-01-27,7,29,0,0.0
2025-01-27,8,21,2,843.87
2025-01-27,9,40,2,813.93
2025-01-27,10,25,1,140.68
2025-01-27,11,17,0,0.0
2025-01-27,12,8,0,0.0
2025-01-28,1,272,5,1245.38
2025-01-28,2,160,4,1010.4
2025-01-28,3,88,4,2048.24
2025-01-28,4,68,0,0.0
2025-01-28,5,51,0,0.0
2025-01-28,6,63,0,0.0
2025-01-28,7,70,2,1574.64
2025-01-28,8,47,1,393.02
2025-01-28,9,90,2,1054.96
2025-01-28,10,70,3,976.16
2025-01-28,11,37,0,0.0
2025-01-28,12,20,1,159.85
2025-01-29,1,157,6,2272.14
2025-01-29,2,85,3,1041.31
2025-01-29,3,43,0,0.0
2025-01-29,4,34,1,281.76
2025-01-29,5,26,0,0.0
2025-01-29,6,31,1,228.64
2025-01-29,7,29,1,323.83
2025-01-29,8,24,0,0.0
2025-01-29,9,47,1,226.75
2025-01-29,10,31,0,0.0
2025-01-29,11,20,1,173.03
2025-01-29,12,10,0,0.0
2025-01-30,1,113,2,479.01
2025-01-30,2,64,1,165.41
2025-01-30,3,28,3,928.56
2025-01-30,4,22,1,686.28
2025-01-30,5,18,1,176.71
2025-01-30,6,22,0,0.0
2025-01-30,7,22,0,0.0
2025-01-30,8,16,0,0.0
2025-01-30,9,28,3,1632.94
2025-01-30,10,22,1,238.0
2025-01-30,11,14,1,553.5
2025-01-30,12,7,0,0.0
2025-01-31,1,120,3,734.78
2025-01-31,2,66,2,791.91
2025-01-31,3,34,3,590.9
2025-01-31,4,25,0,0.0
2025-01-31,5,20,1,858.24
2025-01-31,6,21,1,270.44
2025-01-31,7,26,1,208.66
2025-01-31,8,21,1,204.14
2025-01-31,9,33,1,217.19
2025-01-31,10,25,1,309.34
2025-01-31,11,16,1,228.35
2025-01-31,12,8,0,0.0
2025-02-01,1,216,6,3030.4
2025-02-01,2,100,2,807.31
2025-02-01,3,66,0,0.0
2025-02-01,4,50,1,184.08
2025-02-01,5,35,2,865.79
2025-02-01,6,41,2,660.67
2025-02-01,7,46,1,527.64
2025-02-01,8,35,0,0.0
2025-02-01,9,68,0,0.0
2025-02-01,10,46,1,742.35
2025-02-01,11,28,0,0.0
2025-02-01,12,15,0,0.0
2025-02-02,1,139,4,1351.87
2025-02-02,2,83,1,479.58
2025-02-02,3,41,0,0.0
2025-02-02,4,33,0,0.0
2025-02-02,5,24,0,0.0
2025-02-02,6,29,3,901.51
2025-02-02,7,29,1,258.21
2025-02-02,8,25,2,1446.36
2025-02-02,9,42,2,1233.54
2025-02-02,10,32,1,186.5
2025-02-02,11,18,1,330.9
2025-02-02,12,9,0,0.0
2025-02-03,1,303,10,5144.24
2025-02-03,2,180,2,1197.86
2025-02-03,3,85,0,0.0
2025-02-03,4,66,1,399.58
2025-02-03,5,54,2,843.56
2025-02-03,6,69,0,0.0
2025-02-03,7,66,3,1209.17
2025-02-03,8,51,1,619.14
2025-02-03,9,87,2,400.23
2025-02-03,10,69,2,1470.19
2025-02-03,11,36,2,904.27
2025-02-03,12,21,1,327.98
2025-02-04,1,139,2,591.64
2025-02-04,2,83,3,1483.02
2025-02-04,3,41,1,164.72
2025-02-04,4,29,1,414.76
2025-02-04,5,26,0,0.0
2025-02-04,6,27,1,182.81
2025-02-04,7,33,4,1308.61
2025-02-04,8,22,0,0.0
2025-02-04,9,43,1,421.58
2025-02-04,10,30,0,0.0
2025-02-04,11,17,0,0.0
2025-02-04,12,10,0,0.0
2025-02-05,1,180,6,3067.71
2025-02-05,2,94,5,2929.61
2025-02-05,3,47,1,311.76
2025-02-05,4,38,1,162.13
2025-02-05,5,30,0,0.0
2025-02-05,6,38,2,814.42
2025-02-05,7,47,1,181.18
2025-02-05,8,29,0,0.0
2025-02-05,9,49,1,171.5
2025-02-05,10,37,2,946.22
2025-02-05,11,24,0,0.0
2025-02-05,12,12,1,305.16
2025-02-06,1,227,4,3458.51
2025-02-06,2,126,4,1416.25
2025-02-06,3,68,2,986.67
2025-02-06,4,46,1,138.41
2025-02-06,5,42,1,1176.0
2025-02-06,6,50,1,203.44
2025-02-06,7,51,4,2088.12
2025-02-06,8,37,0,0.0
2025-02-06,9,63,4,2386.64
2025-02-06,10,48,0,0.0
2025-02-06,11,31,1,214.62
2025-02-06,12,15,0,0.0
2025-02-07,1,151,6,3070.92
2025-02-07,2,88,0,0.0
2025-02-07,3,42,0,0.0
2025-02-07,4,34,1,203.06
2025-02-07,5,27,2,1517.28
2025-02-07,6,33,1,377.92
2025-02-07,7,37,1,366.1
2025-02-07,8,26,0,0.0
2025-02-07,9,51,1,217.3
2025-02-07,10,37,2,1362.51
2025-02-07,11,19,0,0.0
2025-02-07,12,10,0,0.0
2025-02-08,1,174,3,1454.78
2025-02-08,2,111,2,526.8
2025-02-08,3,50,2,2080.69
2025-02-08,4,38,2,1293.13
2025-02-08,5,35,1,201.82
2025-02-08,6,37,1,607.38
2025-02-08,7,47,4,1772.25
2025-02-08,8,31,1,199.77
2025-02-08,9,55,3,2175.74
2025-02-08,10,34,1,155.45
2025-02-08,11,22,2,730.51
2025-02-08,12,13,0,0.0
2025-02-09,1,211,7,3878.84
2025-02-09,2,116,1,515.28
2025-02-09,3,60,0,0.0
2025-02-09,4,47,0,0.0
2025-02-09,5,39,4,1815.59
2025-02-09,6,46,0,0.0
2025-02-09,7,47,3,603.27
2025-02-09,8,33,0,0.0
2025-02-09,9,64,4,1032.42
2025-02-09,10,45,3,1878.68
2025-02-09,11,27,1,344.64
2025-02-09,12,15,1,188.39
2025-02-10,1,173,7,2649.49
2025-02-10,2,92,2,418.88
2025-02-10,3,49,0,0.0
2025-02-10,4,35,2,1154.69
2025-02-10,5,27,2,583.78
2025-02-10,6,34,0,0.0
2025-02-10,7,36,1,462.86
2025-02-10,8,25,2,1137.24
2025-02-10,9,49,0,0.0
2025-02-10,10,32,1,1265.4
2025-02-10,11,21,0,0.0
2025-02-10,12,10,0,0.0
2025-02-11,1,159,1,537.68
2025-02-11,2,92,3,1028.26
2025-02-11,3,45,2,1132.55
2025-02-11,4,35,1,240.4
2025-02-11,5,28,1,316.48
2025-02-11,6,33,0,0.0
2025-02-11,7,37,4,2602.17
2025-02-11,8,28,3,952.89
2025-02-11,9,50,2,322.46
2025-02-11,10,32,0,0.0
2025-02-11,11,20,0,0.0
2025-02-11,12,11,0,0.0
2025-02-12,1,128,4,1283.41
2025-02-12,2,75,3,1187.66
2025-02-12,3,37,1,352.76
2025-02-12,4,26,1,911.36
2025-02-12,5,18,1,277.4
2025-02-12,6,27,1,890.45
2025-02-12,7,28,1,173.92
2025-02-12,8,20,0,0.0
2025-02-12,9,35,1,578.9
2025-02-12,10,28,1,196.72
2025-02-12,11,17,0,0.0
2025-02-12,12,9,1,382.44
2025-02-13,1,271,12,7373.04
2025-02-13,2,150,2,1629.8
2025-02-13,3,72,1,152.27
2025-02-13,4,56,0,0.0
2025-02-13,5,52,0,0.0
2025-02-13,6,59,0,0.0
2025-02-13,7,63,0,0.0
2025-02-13,8,45,1,416.6
2025-02-13,9,84,0,0.0
2025-02-13,10,67,1,363.1
2025-02-13,11,35,1,437.26
2025-02-13,12,19,2,695.3
2025-02-14,1,123,5,1748.35
2025-02-14,2,74,1,616.68
2025-02-14,3,38,2,395.24
2025-02-14,4,27,2,484.06
2025-02-14,5,23,0,0.0
2025-02-14,6,27,1,460.58
2025-02-14,7,32,0,0.0
2025-02-14,8,22,1,594.51
2025-02-14,9,40,1,806.56
2025-02-14,10,29,0,0.0
2025-02-14,11,16,1,310.82
2025-02-14,12,8,0,0.0
2025-02-15,1,259,3,1715.55
2025-02-15,2,130,5,2237.36
2025-02-15,3,64,1,181.08
2025-02-15,4,56,2,532.32
2025-02-15,5,46,2,552.98
2025-02-15,6,51,2,559.6
2025-02-15,7,56,2,812.9
2025-02-15,8,33,3,987.11
2025-02-15,9,74,0,0.0
2025-02-15,10,47,0,0.0
2025-02-15,11,30,0,0.0
2025-02-15,12,15,0,0.0
2025-02-16,1,199,6,2824.5
2025-02-16,2,117,7,4408.48
2025-02-16,3,63,3,1699.75
2025-02-16,4,40,2,635.88
2025-02-16,5,37,2,717.38
2025-02-16,6,42,0,0.0
2025-02-16,7,48,1,693.75
2025-02-16,8,32,0,0.0
2025-02-16,9,61,1,484.28
2025-02-16,10,42,0,0.0
2025-02-16,11,28,0,0.0
2025-02-16,12,14,0,0.0
2025-02-17,1,170,6,2980.14
2025-02-17,2,77,4,1832.82
2025-02-17,3,43,1,233.05
2025-02-17,4,31,2,1261.15
2025-02-17,5,27,0,0.0
2025-02-17,6,32,0,0.0
2025-02-17,7,34,1,274.63
2025-02-17,8,24,0,0.0
2025-02-17,9,48,0,0.0
2025-02-17,10,33,1,222.87
2025-02-17,11,20,0,0.0
2025-02-17,12,10,0,0.0
2025-02-18,1,255,8,6368.31
2025-02-18,2,132,8,3769.06
2025-02-18,3,72,0,0.0
2025-02-18,4,52,1,375.78
2025-02-18,5,43,0,0.0
2025-02-18,6,50,0,0.0
2025-02-18,7,49,1,237.77
2025-02-18,8,35,1,220.18
2025-02-18,9,73,4,2175.99
2025-02-18,10,49,4,2073.69
2025-02-18,11,30,0,0.0
2025-02-18,12,16,0,0.0
2025-02-19,1,197,7,2547.57
2025-02-19,2,98,5,2067.35
2025-02-19,3,50,1,873.76
2025-02-19,4,42,2,1043.82
2025-02-19,5,34,1,340.0
2025-02-19,6,42,0,0.0
2025-02-19,7,43,0,0.0
2025-02-19,8,33,1,1421.6
2025-02-19,9,55,2,402.96
2025-02-19,10,45,0,0.0
2025-02-19,11,26,0,0.0
2025-02-19,12,13,0,0.0
2025-02-20,1,103,0,0.0
2025-02-20,2,57,2,425.82
2025-02-20,3,32,1,249.97
2025-02-20,4,25,3,1968.46
2025-02-20,5,18,1,182.76
2025-02-20,6,24,1,243.83
2025-02-20,7,26,0,0.0
2025-02-20,8,21,2,910.6
2025-02-20,9,32,0,0.0
2025-02-20,10,25,0,0.0
2025-02-20,11,13,1,835.0
2025-02-20,12,7,3,1053.43
2025-02-21,1,291,8,2799.06
2025-02-21,2,173,2,433.93
2025-02-21,3,85,2,437.46
2025-02-21,4,63,1,828.8
2025-02-21,5,50,4,3239.77
2025-02-21,6,65,1,246.89
2025-02-21,7,74,3,877.94
2025-02-21,8,54,1,199.18
2025-02-21,9,84,3,1074.16
2025-02-21,10,65,3,1136.11
2025-02-21,11,41,1,186.26
2025-02-21,12,19,0,0.0
2025-02-22,1,276,6,3044.34
2025-02-22,2,134,6,2327.81
2025-02-22,3,68,0,0.0
2025-02-22,4,53,2,1282.86
2025-02-22,5,46,2,1406.43
2025-02-22,6,53,0,0.0
2025-02-22,7,59,5,1610.61
2025-02-22,8,42,2,399.48
2025-02-22,9,78,1,236.73
2025-02-22,10,56,1,206.89
2025-02-22,11,31,0,0.0
2025-02-22,12,15,1,454.52
2025-02-23,1,224,6,2092.55
2025-02-23,2,133,4,1717.6
2025-02-23,3,63,1,879.33
2025-02-23,4,54,3,1494.29
2025-02-23,5,41,0,0.0
2025-02-23,6,50,3,1602.55
2025-02-23,7,55,1,536.14
2025-02-23,8,37,1,1885.32
2025-02-23,9,70,2,532.75
2025-02-23,10,49,1,237.21
2025-02-23,11,30,0,0.0
2025-02-23,12,17,0,0.0
2025-02-24,1,227,8,4194.29
2025-02-24,2,116,3,927.86
2025-02-24,3,62,1,218.19
2025-02-24,4,47,1,1434.88
2025-02-24,5,36,3,1598.67
2025-02-24,6,53,2,376.27
2025-02-24,7,53,1,172.16
2025-02-24,8,37,1,459.88
2025-02-24,9,69,4,2539.03
2025-02-24,10,51,1,230.21
2025-02-24,11,29,0,0.0
2025-02-24,12,15,0,0.0
2025-02-25,1,217,4,1686.19
2025-02-25,2,114,1,527.67
2025-02-25,3,57,2,1075.65
2025-02-25,4,56,4,2302.01
2025-02-25,5,39,2,1201.68
2025-02-25,6,47,1,211.2
2025-02-25,7,53,1,487.82
2025-02-25,8,37,1,213.2
2025-02-25,9,67,2,690.25
2025-02-25,10,46,3,1504.86
2025-02-25,11,29,0,0.0
2025-02-25,12,16,0,0.0
2025-02-26,1,170,10,4901.92
2025-02-26,2,99,1,204.87
2025-02-26,3,50,2,500.99
2025-02-26,4,41,1,195.16
2025-02-26,5,31,0,0.0
2025-02-26,6,36,1,206.7
2025-02-26,7,46,1,436.02
2025-02-26,8,32,1,251.36
2025-02-26,9,60,1,613.88
2025-02-26,10,42,0,0.0
2025-02-26,11,24,0,0.0
2025-02-26,12,13,0,0.0
2025-02-27,1,256,8,4577.64
2025-02-27,2,138,2,641.13
2025-02-27,3,75,0,0.0
2025-02-27,4,57,3,873.89
2025-02-27,5,46,3,1738.6
2025-02-27,6,57,2,1313.06
2025-02-27,7,56,4,1513.11
2025-02-27,8,40,2,1526.04
2025-02-27,9,70,3,2058.76
2025-02-27,10,56,1,1375.85
2025-02-27,11,33,0,0.0
2025-02-27,12,18,0,0.0
2025-02-28,1,239,5,1493.82
2025-02-28,2,130,5,1626.72
2025-02-28,3,59,1,507.76
2025-02-28,4,54,1,166.27
2025-02-28,5,40,3,1158.0
2025-02-28,6,51,0,0.0
2025-02-28,7,53,3,1522.24
2025-02-28,8,38,2,1391.5
2025-02-28,9,69,4,2333.46
2025-02-28,10,51,1,342.66
2025-02-28,11,31,0,0.0
2025-02-28,12,15,0,0.0
2025-03-01,1,127,3,731.35
2025-03-01,2,70,2,384.68
2025-03-01,3,39,0,0.0
2025-03-01,4,39,0,0.0
2025-03-01,5,29,1,376.64
2025-03-01,6,28,4,767.76
2025-03-01,7,23,0,0.0
2025-03-01,8,24,1,291.4
2025-03-01,9,31,2,934.14
2025-03-01,10,21,1,316.62
2025-03-01,11,14,0,0.0
2025-03-01,12,9,0,0.0
2025-03-02,1,302,8,4047.74
2025-03-02,2,158,5,1539.05
2025-03-02,3,94,3,829.73
2025-03-02,4,94,4,1230.81
2025-03-02,5,68,1,183.48
2025-03-02,6,70,2,1008.0
2025-03-02,7,57,1,543.48
2025-03-02,8,53,1,377.0
2025-03-02,9,74,2,1378.51
2025-03-02,10,52,0,0.0
2025-03-02,11,34,1,655.22
2025-03-02,12,23,0,0.0
2025-03-03,1,277,4,822.5
2025-03-03,2,146,2,1229.72
2025-03-03,3,73,3,970.61
2025-03-03,4,86,3,1376.91
2025-03-03,5,55,3,1730.13
2025-03-03,6,56,5,2449.65
2025-03-03,7,47,1,989.36
2025-03-03,8,40,3,1890.62
2025-03-03,9,61,0,0.0
2025-03-03,10,47,0,0.0
2025-03-03,11,26,0,0.0
2025-03-03,12,19,0,0.0
2025-03-04,1,240,7,2865.78
2025-03-04,2,121,4,3138.62
2025-03-04,3,55,1,278.22
2025-03-04,4,66,0,0.0
2025-03-04,5,47,0,0.0
2025-03-04,6,45,1,512.58
2025-03-04,7,41,2,1042.46
2025-03-04,8,36,0,0.0
2025-03-04,9,52,0,0.0
2025-03-04,10,38,0,0.0
2025-03-04,11,23,1,510.16
2025-03-04,12,14,0,0.0
2025-03-05,1,180,2,1471.84
2025-03-05,2,92,7,3387.6
2025-03-05,3,47,2,1426.91
2025-03-05,4,48,1,403.08
2025-03-05,5,40,1,1044.84
2025-03-05,6,34,0,0.0
2025-03-05,7,26,2,503.18
2025-03-05,8,27,0,0.0
2025-03-05,9,35,2,1057.09
2025-03-05,10,27,5,1809.37
2025-03-05,11,17,3,1192.66
2025-03-05,12,13,0,0.0
2025-03-06,1,293,6,3796.21
2025-03-06,2,176,3,1272.61
2025-03-06,3,89,0,0.0
2025-03-06,4,93,3,883.88
2025-03-06,5,54,1,981.9
2025-03-06,6,64,3,2798.66
2025-03-06,7,52,1,223.9
2025-03-06,8,62,5,3080.92
2025-03-06,9,72,3,1208.7
2025-03-06,10,55,0,0.0
2025-03-06,11,31,0,0.0
2025-03-06,12,21,0,0.0
2025-03-07,1,234,7,4338.89
2025-03-07,2,108,2,1192.42
2025-03-07,3,63,2,548.2
2025-03-07,4,67,3,1119.36
2025-03-07,5,45,1,808.53
2025-03-07,6,47,2,431.81
2025-03-07,7,42,2,457.03
2025-03-07,8,41,0,0.0
2025-03-07,9,50,2,2438.5
2025-03-07,10,38,0,0.0
2025-03-07,11,24,3,3302.46
2025-03-07,12,15,1,239.84
2025-03-08,1,293,6,3490.25
2025-03-08,2,153,6,2705.84
2025-03-08,3,82,1,185.09
2025-03-08,4,91,3,2627.65
2025-03-08,5,55,1,927.44
2025-03-08,6,58,2,897.01
2025-03-08,7,49,2,1735.24
2025-03-08,8,47,1,1085.0
2025-03-08,9,79,1,207.3
2025-03-08,10,53,2,892.02
2025-03-08,11,31,1,397.42
2025-03-08,12,20,1,319.91
2025-03-09,1,220,4,1921.99
2025-03-09,2,102,1,473.18
2025-03-09,3,61,2,479.14
2025-03-09,4,64,2,757.15
2025-03-09,5,42,1,199.49
2025-03-09,6,40,1,1068.04
2025-03-09,7,38,0,0.0
2025-03-09,8,33,1,265.93
2025-03-09,9,53,1,1054.4
2025-03-09,10,32,1,225.14
2025-03-09,11,20,0,0.0
2025-03-09,12,13,2,840.83
2025-03-10,1,211,4,1935.8
2025-03-10,2,112,4,3231.83
2025-03-10,3,60,1,670.98
2025-03-10,4,66,1,339.45
2025-03-10,5,45,2,858.6
2025-03-10,6,45,2,1430.28
2025-03-10,7,42,0,0.0
2025-03-10,8,42,0,0.0
2025-03-10,9,51,2,1069.23
2025-03-10,10,37,3,2191.73
2025-03-10,11,20,1,542.5
2025-03-10,12,14,0,0.0
2025-03-11,1,178,2,432.73
2025-03-11,2,93,5,3508.02
2025-03-11,3,43,3,2301.04
2025-03-11,4,49,2,844.02
2025-03-11,5,33,0,0.0
2025-03-11,6,35,0,0.0
2025-03-11,7,30,1,208.05
2025-03-11,8,30,1,214.48
2025-03-11,9,38,1,277.68
2025-03-11,10,30,0,0.0
2025-03-11,11,19,1,377.84
2025-03-11,12,11,0,0.0
2025-03-12,1,350,7,2599.38
2025-03-12,2,183,8,2567.44
2025-03-12,3,92,2,2556.99
2025-03-12,4,107,5,3146.12
2025-03-12,5,73,1,223.68
2025-03-12,6,80,2,603.55
2025-03-12,7,69,1,479.56
2025-03-12,8,64,0,0.0
2025-03-12,9,81,2,1390.93
2025-03-12,10,55,2,2730.42
2025-03-12,11,36,0,0.0
2025-03-12,12,25,0,0.0
2025-03-13,1,308,5,5106.82
2025-03-13,2,187,6,2289.66
2025-03-13,3,97,1,771.36
2025-03-13,4,104,4,1825.89
2025-03-13,5,63,2,777.37
2025-03-13,6,70,2,1905.36
2025-03-13,7,53,2,746.26
2025-03-13,8,61,2,524.43
2025-03-13,9,72,2,653.76
2025-03-13,10,60,2,1826.94
2025-03-13,11,34,0,0.0
2025-03-13,12,20,0,0.0
2025-03-14,1,370,10,4794.44
2025-03-14,2,188,4,2195.78
2025-03-14,3,88,2,537.83
2025-03-14,4,111,3,3693.96
2025-03-14,5,66,1,265.29
2025-03-14,6,73,1,216.15
2025-03-14,7,59,2,928.03
2025-03-14,8,56,2,1300.42
2025-03-14,9,88,1,1092.72
2025-03-14,10,60,1,278.74
2025-03-14,11,32,0,0.0
2025-03-14,12,19,0,0.0
2025-03-15,1,285,5,2366.65
2025-03-15,2,136,3,3345.2
2025-03-15,3,87,2,964.68
2025-03-15,4,102,4,1918.36
2025-03-15,5,56,2,1217.27
2025-03-15,6,53,3,1140.91
2025-03-15,7,51,2,1427.36
2025-03-15,8,49,1,1217.6
2025-03-15,9,74,2,610.76
2025-03-15,10,50,1,255.19
2025-03-15,11,29,2,528.49
2025-03-15,12,20,0,0.0
2025-03-16,1,316,11,9159.58
2025-03-16,2,191,6,2113.82
2025-03-16,3,91,3,2317.38
2025-03-16,4,110,1,545.5
2025-03-16,5,76,2,728.22
2025-03-16,6,71,3,1937.15
2025-03-16,7,62,3,1610.59
2025-03-16,8,57,3,1810.27
2025-03-16,9,84,2,901.82
2025-03-16,10,60,2,1658.92
2025-03-16,11,41,0,0.0
2025-03-16,12,25,0,0.0
2025-03-17,1,224,5,2175.64
2025-03-17,2,120,1,221.41
2025-03-17,3,63,3,3701.26
2025-03-17,4,74,2,1665.54
2025-03-17,5,53,2,484.89
2025-03-17,6,42,3,1871.58
2025-03-17,7,34,1,518.24
2025-03-17,8,41,1,862.74
2025-03-17,9,60,4,2179.67
2025-03-17,10,42,0,0.0
2025-03-17,11,23,2,774.37
2025-03-17,12,16,1,403.06
2025-03-18,1,231,6,2962.64
2025-03-18,2,123,3,1722.77
2025-03-18,3,65,1,557.46
2025-03-18,4,71,3,1345.62
2025-03-18,5,52,1,223.3
2025-03-18,6,49,2,3126.18
2025-03-18,7,36,1,257.4
2025-03-18,8,41,1,576.66
2025-03-18,9,55,1,954.64
2025-03-18,10,42,1,674.82
2025-03-18,11,23,0,0.0
2025-03-18,12,16,0,0.0
2025-03-19,1,254,7,4499.84
2025-03-19,2,134,7,3391.6
2025-03-19,3,63,3,1267.32
2025-03-19,4,81,2,1144.12
2025-03-19,5,44,0,0.0
2025-03-19,6,45,4,2102.92
2025-03-19,7,41,3,2165.26
2025-03-19,8,46,0,0.0
2025-03-19,9,59,3,1449.16
2025-03-19,10,34,0,0.0
2025-03-19,11,25,2,727.93
2025-03-19,12,16,0,0.0
2025-03-20,1,254,6,4161.39
2025-03-20,2,133,6,3071.43
2025-03-20,3,68,0,0.0
2025-03-20,4,75,3,901.5
2025-03-20,5,54,1,238.15
2025-03-20,6,52,3,3800.77
2025-03-20,7,43,1,1011.52
2025-03-20,8,41,1,1825.02
2025-03-20,9,58,1,429.82
2025-03-20,10,41,3,1456.35
2025-03-20,11,25,2,873.17
2025-03-20,12,16,0,0.0
2025-03-21,1,294,8,5070.19
2025-03-21,2,145,3,3413.47
2025-03-21,3,82,1,241.92
2025-03-21,4,86,3,1699.03
2025-03-21,5,59,0,0.0
2025-03-21,6,60,3,1747.2
2025-03-21,7,53,1,488.48
2025-03-21,8,47,3,1303.99
2025-03-21,9,69,5,2558.76
2025-03-21,10,54,1,630.42
2025-03-21,11,30,0,0.0
2025-03-21,12,20,0,0.0
2025-03-22,1,444,10,5318.38
2025-03-22,2,254,5,4618.04
2025-03-22,3,128,2,1722.01
2025-03-22,4,149,2,742.64
2025-03-22,5,102,3,1015.21
2025-03-22,6,104,3,1715.36
2025-03-22,7,85,3,838.87
2025-03-22,8,85,4,1817.4
2025-03-22,9,122,1,247.4
2025-03-22,10,85,0,0.0
2025-03-22,11,53,0,0.0
2025-03-22,12,33,0,0.0
2025-03-23,1,377,11,5127.21
2025-03-23,2,193,6,3503.88
2025-03-23,3,91,2,880.39
2025-03-23,4,110,4,3473.06
2025-03-23,5,76,0,0.0
2025-03-23,6,73,2,535.22
2025-03-23,7,64,2,1290.68
2025-03-23,8,62,2,569.34
2025-03-23,9,87,2,475.05
2025-03-23,10,61,1,289.21
2025-03-23,11,39,0,0.0
2025-03-23,12,24,1,442.82
2025-03-24,1,273,9,5286.76
2025-03-24,2,136,6,2148.89
2025-03-24,3,68,2,1919.91
2025-03-24,4,68,3,1945.42
2025-03-24,5,50,0,0.0
2025-03-24,6,47,3,1899.99
2025-03-24,7,44,1,993.2
2025-03-24,8,39,1,262.95
2025-03-24,9,59,0,0.0
2025-03-24,10,39,0,0.0
2025-03-24,11,25,0,0.0
2025-03-24,12,17,1,292.62
2025-03-25,1,322,10,4797.76
2025-03-25,2,174,5,1943.78
2025-03-25,3,83,1,786.81
2025-03-25,4,108,5,2501.37
2025-03-25,5,80,1,264.91
2025-03-25,6,74,0,0.0
2025-03-25,7,61,0,0.0
2025-03-25,8,66,1,216.23
2025-03-25,9,83,2,793.4
2025-03-25,10,58,4,3856.55
2025-03-25,11,34,0,0.0
2025-03-25,12,24,2,1185.79
2025-03-26,1,249,12,7139.41
2025-03-26,2,127,6,3760.23
2025-03-26,3,72,1,659.34
2025-03-26,4,87,0,0.0
2025-03-26,5,51,1,791.07
2025-03-26,6,51,1,301.13
2025-03-26,7,44,1,496.76
2025-03-26,8,45,2,554.25
2025-03-26,9,61,3,1005.87
2025-03-26,10,43,2,449.23
2025-03-26,11,28,0,0.0
2025-03-26,12,17,0,0.0
2025-03-27,1,279,12,6695.07
2025-03-27,2,161,2,1918.77
2025-03-27,3,86,1,266.22
2025-03-27,4,91,2,1070.32
2025-03-27,5,59,2,1689.42
2025-03-27,6,57,1,199.76
2025-03-27,7,56,4,2712.71
2025-03-27,8,54,3,1967.98
2025-03-27,9,76,2,990.86
2025-03-27,10,55,2,481.12
2025-03-27,11,28,0,0.0
2025-03-27,12,20,0,0.0
2025-03-28,1,408,12,7224.93
2025-03-28,2,209,6,3230.02
2025-03-28,3,114,3,2394.19
2025-03-28,4,123,3,2100.15
2025-03-28,5,91,1,252.16
2025-03-28,6,80,1,431.76
2025-03-28,7,67,1,319.66
2025-03-28,8,67,1,1105.92
2025-03-28,9,104,1,649.56
2025-03-28,10,70,0,0.0
2025-03-28,11,40,2,1319.62
2025-03-28,12,26,0,0.0
2025-03-29,1,298,7,4551.52
2025-03-29,2,155,7,3337.28
2025-03-29,3,83,1,539.28
2025-03-29,4,100,5,3678.13
2025-03-29,5,72,2,437.17
2025-03-29,6,64,0,0.0
2025-03-29,7,51,3,2177.03
2025-03-29,8,47,1,260.17
2025-03-29,9,69,1,766.41
2025-03-29,10,49,2,499.7
2025-03-29,11,31,0,0.0
2025-03-29,12,20,0,0.0
2025-03-30,1,232,11,7416.92
2025-03-30,2,127,3,1406.23
2025-03-30,3,71,2,1584.21
2025-03-30,4,71,2,572.28
2025-03-30,5,48,2,738.61
2025-03-30,6,51,1,247.18
2025-03-30,7,38,1,1126.4
2025-03-30,8,39,1,713.16
2025-03-30,9,53,1,228.94
2025-03-30,10,43,3,2667.5
2025-03-30,11,23,1,737.28
2025-03-30,12,16,0,0.0
2025-03-31,1,422,10,7356.85
2025-03-31,2,188,2,1165.25
2025-03-31,3,102,3,1544.41
2025-03-31,4,120,2,1749.93
2025-03-31,5,82,1,293.58
2025-03-31,6,74,2,1003.74
2025-03-31,7,65,0,0.0
2025-03-31,8,67,1,624.2
2025-03-31,9,93,3,2307.11
2025-03-31,10,62,3,1683.43
2025-03-31,11,37,2,1485.83
2025-03-31,12,24,1,603.8
2025-04-01,1,302,9,5913.56
2025-04-01,2,167,3,2070.53
2025-04-01,3,88,5,1999.25
2025-04-01,4,88,2,1542.46
2025-04-01,5,67,4,2667.21
2025-04-01,6,67,1,593.68
2025-04-01,7,57,1,624.22
2025-04-01,8,52,1,1157.68
2025-04-01,9,67,2,525.26
2025-04-01,10,60,5,3241.75
2025-04-01,11,31,0,0.0
2025-04-01,12,17,1,1128.04
2025-04-02,1,261,5,2998.28
2025-04-02,2,139,3,1273.67
2025-04-02,3,66,2,3212.34
2025-04-02,4,82,2,883.25
2025-04-02,5,53,1,1423.36
2025-04-02,6,52,0,0.0
2025-04-02,7,42,2,1155.22
2025-04-02,8,48,3,3475.58
2025-04-02,9,61,0,0.0
2025-04-02,10,46,3,2404.2
2025-04-02,11,25,4,2114.64
2025-04-02,12,18,0,0.0
2025-04-03,1,281,10,5516.52
2025-04-03,2,158,2,786.75
2025-04-03,3,73,6,4397.0
2025-04-03,4,88,2,1557.5
2025-04-03,5,55,4,2092.41
2025-04-03,6,52,4,2516.37
2025-04-03,7,45,0,0.0
2025-04-03,8,46,0,0.0
2025-04-03,9,73,1,246.28
2025-04-03,10,47,0,0.0
2025-04-03,11,28,0,0.0
2025-04-03,12,20,2,972.45
2025-04-04,1,339,7,5684.92
2025-04-04,2,165,6,3801.05
2025-04-04,3,89,1,464.76
2025-04-04,4,88,2,2123.08
2025-04-04,5,62,2,1356.79
2025-04-04,6,53,3,2171.53
2025-04-04,7,57,0,0.0
2025-04-04,8,53,0,0.0
2025-04-04,9,76,5,1832.08
2025-04-04,10,57,1,227.5
2025-04-04,11,29,0,0.0
2025-04-04,12,20,2,798.06
2025-04-05,1,310,12,7004.92
2025-04-05,2,175,7,3875.03
2025-04-05,3,93,4,2509.82
2025-04-05,4,103,4,1933.26
2025-04-05,5,66,2,771.59
2025-04-05,6,68,4,2500.33
2025-04-05,7,53,2,530.69
2025-04-05,8,57,2,2055.55
2025-04-05,9,82,0,0.0
2025-04-05,10,53,2,2311.12
2025-04-05,11,30,2,1417.09
2025-04-05,12,24,1,1239.7
2025-04-06,1,430,17,10838.0
2025-04-06,2,208,7,5715.23
2025-04-06,3,111,3,2945.77
2025-04-06,4,115,3,858.81
2025-04-06,5,82,3,1581.13
2025-04-06,6,78,1,280.41
2025-04-06,7,64,0,0.0
2025-04-06,8,70,3,927.8
2025-04-06,9,105,2,1535.54
2025-04-06,10,68,6,4472.93
2025-04-06,11,37,3,851.55
2025-04-06,12,26,0,0.0
2025-04-07,1,399,14,11349.94
2025-04-07,2,222,3,1847.87
2025-04-07,3,91,4,1725.27
2025-04-07,4,115,2,2768.31
2025-04-07,5,77,2,1192.66
2025-04-07,6,75,1,615.2
2025-04-07,7,66,1,560.0
2025-04-07,8,62,3,1570.91
2025-04-07,9,93,3,2310.66
2025-04-07,10,59,0,0.0
2025-04-07,11,40,0,0.0
2025-04-07,12,27,0,0.0
2025-04-08,1,378,9,5349.6
2025-04-08,2,185,9,4118.67
2025-04-08,3,93,3,2150.55
2025-04-08,4,105,1,547.5
2025-04-08,5,76,2,509.21
2025-04-08,6,75,3,2666.92
2025-04-08,7,58,1,944.67
2025-04-08,8,51,1,638.02
2025-04-08,9,87,1,2246.88
2025-04-08,10,57,3,1886.22
2025-04-08,11,35,0,0.0
2025-04-08,12,26,1,253.39
2025-04-09,1,455,11,9032.91
2025-04-09,2,244,6,4575.88
2025-04-09,3,142,4,3256.64
2025-04-09,4,146,2,1324.42
2025-04-09,5,99,0,0.0
2025-04-09,6,102,4,2460.12
2025-04-09,7,82,1,1035.92
2025-04-09,8,84,1,832.2
2025-04-09,9,106,3,1866.1
2025-04-09,10,74,6,5276.42
2025-04-09,11,48,0,0.0
2025-04-09,12,29,3,1721.79
2025-04-10,1,468,10,7064.57
2025-04-10,2,243,8,4445.33
2025-04-10,3,108,1,1323.98
2025-04-10,4,131,2,675.16
2025-04-10,5,91,2,2691.34
2025-04-10,6,95,2,532.06
2025-04-10,7,80,2,1064.25
2025-04-10,8,67,1,354.36
2025-04-10,9,112,3,1679.16
2025-04-10,10,82,3,1528.81
2025-04-10,11,44,1,292.85
2025-04-10,12,29,0,0.0
2025-04-11,1,319,10,6341.51
2025-04-11,2,156,2,814.95
2025-04-11,3,93,5,4362.42
2025-04-11,4,100,5,2695.23
2025-04-11,5,69,2,1245.15
2025-04-11,6,77,1,326.4
2025-04-11,7,56,1,282.55
2025-04-11,8,60,0,0.0
2025-04-11,9,80,5,2529.41
2025-04-11,10,53,1,278.39
2025-04-11,11,33,1,265.28
2025-04-11,12,23,0,0.0
2025-04-12,1,407,10,5706.62
2025-04-12,2,197,3,1825.69
2025-04-12,3,105,4,1164.33
2025-04-12,4,123,3,2411.33
2025-04-12,5,68,1,253.42
2025-04-12,6,84,2,1089.82
2025-04-12,7,66,1,1462.76
2025-04-12,8,63,0,0.0
2025-04-12,9,93,3,4045.01
2025-04-12,10,63,3,2036.6
2025-04-12,11,37,0,0.0
2025-04-12,12,26,0,0.0
2025-04-13,1,321,8,4203.51
2025-04-13,2,160,2,1190.34
2025-04-13,3,94,2,571.21
2025-04-13,4,87,5,3459.95
2025-04-13,5,61,3,3013.62
2025-04-13,6,59,0,0.0
2025-04-13,7,56,0,0.0
2025-04-13,8,52,0,0.0
2025-04-13,9,72,2,1544.46
2025-04-13,10,52,3,4321.84
2025-04-13,11,30,0,0.0
2025-04-13,12,21,1,545.46
2025-04-14,1,361,10,5994.46
2025-04-14,2,206,3,1947.25
2025-04-14,3,104,4,2695.82
2025-04-14,4,117,4,3455.87
2025-04-14,5,74,5,1764.23
2025-04-14,6,73,4,2493.0
2025-04-14,7,64,1,556.92
2025-04-14,8,67,2,2308.17
2025-04-14,9,91,3,802.05
2025-04-14,10,62,2,1744.66
2025-04-14,11,39,2,901.86
2025-04-14,12,27,1,525.02
2025-04-15,1,305,7,4319.71
2025-04-15,2,145,5,2422.48
2025-04-15,3,84,4,2437.4
2025-04-15,4,96,4,2868.59
2025-04-15,5,61,2,650.21
2025-04-15,6,55,3,2550.84
2025-04-15,7,51,1,903.63
2025-04-15,8,47,0,0.0
2025-04-15,9,67,4,2380.99
2025-04-15,10,53,0,0.0
2025-04-15,11,31,3,839.72
2025-04-15,12,20,0,0.0
2025-04-16,1,358,10,8875.76
2025-04-16,2,164,4,2296.58
2025-04-16,3,89,2,621.11
2025-04-16,4,113,3,1824.86
2025-04-16,5,66,4,4483.6
2025-04-16,6,72,1,851.64
2025-04-16,7,60,2,1696.26
2025-04-16,8,59,1,316.32
2025-04-16,9,81,1,559.62
2025-04-16,10,62,0,0.0
2025-04-16,11,35,0,0.0
2025-04-16,12,21,0,0.0
2025-04-17,1,474,15,9530.31
2025-04-17,2,240,6,5191.31
2025-04-17,3,126,5,3703.1
2025-04-17,4,137,4,1114.67
2025-04-17,5,93,1,645.96
2025-04-17,6,91,2,867.64
2025-04-17,7,75,2,1103.86
2025-04-17,8,75,1,308.23
2025-04-17,9,102,5,4184.81
2025-04-17,10,75,1,1224.76
2025-04-17,11,45,1,1784.82
2025-04-17,12,30,1,447.58
2025-04-18,1,498,12,6298.64
2025-04-18,2,241,9,5452.0
2025-04-18,3,136,4,1581.25
2025-04-18,4,134,4,3190.88
2025-04-18,5,89,4,2109.3
2025-04-18,6,83,1,650.2
2025-04-18,7,78,0,0.0
2025-04-18,8,75,2,581.52
2025-04-18,9,118,4,2315.52
2025-04-18,10,74,4,2054.04
2025-04-18,11,45,2,784.8
2025-04-18,12,34,0,0.0
2025-04-19,1,318,9,5524.98
2025-04-19,2,160,4,1976.77
2025-04-19,3,94,2,2530.6
2025-04-19,4,101,1,305.55
2025-04-19,5,68,2,1429.48
2025-04-19,6,69,2,1298.51
2025-04-19,7,60,2,1427.33
2025-04-19,8,50,1,274.97
2025-04-19,9,72,6,4151.12
2025-04-19,10,55,1,604.16
2025-04-19,11,35,1,308.6
2025-04-19,12,22,0,0.0
2025-04-20,1,314,11,8776.14
2025-04-20,2,185,5,2578.2
2025-04-20,3,107,0,0.0
2025-04-20,4,128,1,563.86
2025-04-20,5,76,7,4063.24
2025-04-20,6,69,1,318.14
2025-04-20,7,62,2,1545.84
2025-04-20,8,65,0,0.0
2025-04-20,9,82,2,1587.66
2025-04-20,10,59,1,301.5
2025-04-20,11,41,1,292.91
2025-04-20,12,25,0,0.0
2025-04-21,1,346,12,9041.11
2025-04-21,2,145,4,3847.54
2025-04-21,3,82,2,845.97
2025-04-21,4,83,5,3162.24
2025-04-21,5,65,2,1504.19
2025-04-21,6,63,2,920.66
2025-04-21,7,57,2,885.91
2025-04-21,8,57,2,2057.54
2025-04-21,9,83,2,600.87
2025-04-21,10,58,1,547.42
2025-04-21,11,32,2,3020.99
2025-04-21,12,23,0,0.0
2025-04-22,1,444,6,4257.8
2025-04-22,2,246,5,2295.72
2025-04-22,3,120,2,655.26
2025-04-22,4,145,4,2358.66
2025-04-22,5,94,6,2608.1
2025-04-22,6,106,1,616.44
2025-04-22,7,84,0,0.0
2025-04-22,8,78,3,3041.53
2025-04-22,9,112,2,1503.53
2025-04-22,10,81,1,644.92
2025-04-22,11,47,1,680.22
2025-04-22,12,32,1,561.18
2025-04-23,1,375,7,3240.47
2025-04-23,2,180,8,6137.71
2025-04-23,3,98,2,1750.34
2025-04-23,4,114,4,1247.98
2025-04-23,5,83,2,3486.36
2025-04-23,6,76,3,1343.29
2025-04-23,7,63,0,0.0
2025-04-23,8,64,2,599.23
2025-04-23,9,81,3,2087.42
2025-04-23,10,62,2,1348.9
2025-04-23,11,34,0,0.0
2025-04-23,12,25,0,0.0
2025-04-24,1,361,6,4860.16
2025-04-24,2,198,4,2250.16
2025-04-24,3,119,3,1946.31
2025-04-24,4,127,2,3914.7
2025-04-24,5,85,1,234.51
2025-04-24,6,83,2,1930.44
2025-04-24,7,73,4,3016.66
2025-04-24,8,75,1,303.52
2025-04-24,9,93,3,1170.72
2025-04-24,10,71,5,2575.56
2025-04-24,11,42,0,0.0
2025-04-24,12,22,0,0.0
2025-04-25,1,481,10,6765.07
2025-04-25,2,295,8,3641.45
2025-04-25,3,159,4,2144.43
2025-04-25,4,149,2,867.44
2025-04-25,5,105,3,2263.5
2025-04-25,6,120,2,906.78
2025-04-25,7,89,3,2373.7
2025-04-25,8,92,2,1140.14
2025-04-25,9,137,4,1790.6
2025-04-25,10,86,0,0.0
2025-04-25,11,58,0,0.0
2025-04-25,12,37,2,1616.08
2025-04-26,1,401,9,6065.89
2025-04-26,2,217,6,2813.98
2025-04-26,3,108,3,2634.64
2025-04-26,4,134,3,2713.74
2025-04-26,5,88,2,817.79
2025-04-26,6,80,3,838.22
2025-04-26,7,76,0,0.0
2025-04-26,8,69,0,0.0
2025-04-26,9,90,1,760.26
2025-04-26,10,65,2,1512.98
2025-04-26,11,41,2,756.45
2025-04-26,12,28,0,0.0
2025-04-27,1,270,5,4575.72
2025-04-27,2,126,6,5088.92
2025-04-27,3,74,5,2273.73
2025-04-27,4,79,2,1341.31
2025-04-27,5,53,2,915.0
2025-04-27,6,54,2,1229.24
2025-04-27,7,45,0,0.0
2025-04-27,8,49,1,1281.12
2025-04-27,9,70,1,1388.45
2025-04-27,10,47,1,989.43
2025-04-27,11,26,0,0.0
2025-04-27,12,17,3,3307.41
2025-04-28,1,303,9,3566.69
2025-04-28,2,151,5,2687.89
2025-04-28,3,87,1,636.18
2025-04-28,4,91,1,1205.68
2025-04-28,5,63,2,1310.17
2025-04-28,6,68,2,577.1
2025-04-28,7,56,2,636.35
2025-04-28,8,48,4,2127.22
2025-04-28,9,71,1,235.19
2025-04-28,10,53,0,0.0
2025-04-28,11,31,0,0.0
2025-04-28,12,21,1,953.4
2025-04-29,1,296,8,7145.62
2025-04-29,2,162,2,1691.7
2025-04-29,3,88,4,5112.18
2025-04-29,4,105,3,2171.13
2025-04-29,5,72,1,1557.05
2025-04-29,6,73,3,1518.45
2025-04-29,7,52,3,2660.47
2025-04-29,8,57,3,2832.84
2025-04-29,9,73,4,2432.79
2025-04-29,10,56,2,1450.67
2025-04-29,11,33,1,612.38
2025-04-29,12,20,0,0.0
2025-04-30,1,387,7,4113.37
2025-04-30,2,206,2,1171.89
2025-04-30,3,94,2,949.02
2025-04-30,4,112,5,2977.73
2025-04-30,5,82,3,1184.35
2025-04-30,6,76,2,1927.74
2025-04-30,7,61,1,255.88
2025-04-30,8,62,2,3011.15
2025-04-30,9,86,0,0.0
2025-04-30,10,66,2,1250.76
2025-04-30,11,40,0,0.0
2025-04-30,12,23,1,279.55
2025-05-01,1,339,5,2091.86
2025-05-01,2,188,5,3964.33
2025-05-01,3,96,0,0.0
2025-05-01,4,121,4,3490.3
2025-05-01,5,81,6,4167.11
2025-05-01,6,81,2,601.39
2025-05-01,7,59,0,0.0
2025-05-01,8,73,1,586.68
2025-05-01,9,88,4,2492.78
2025-05-01,10,64,3,1507.32
2025-05-01,11,40,1,1083.42
2025-05-01,12,27,1,363.33
2025-05-02,1,392,7,3183.81
2025-05-02,2,208,7,6305.44
2025-05-02,3,106,1,289.03
2025-05-02,4,133,2,1516.35
2025-05-02,5,71,1,254.28
2025-05-02,6,79,2,642.16
2025-05-02,7,75,2,532.47
2025-05-02,8,65,5,2557.3
2025-05-02,9,90,1,1060.65
2025-05-02,10,65,4,3007.18
2025-05-02,11,42,0,0.0
2025-05-02,12,29,0,0.0
2025-05-03,1,336,6,4674.11
2025-05-03,2,163,4,1605.81
2025-05-03,3,83,3,4572.59
2025-05-03,4,98,3,2475.49
2025-05-03,5,64,2,2035.82
2025-05-03,6,76,5,4091.64
2025-05-03,7,55,0,0.0
2025-05-03,8,52,1,1009.23
2025-05-03,9,70,1,617.38
2025-05-03,10,57,1,326.43
2025-05-03,11,33,1,1148.2
2025-05-03,12,24,1,930.33
2025-05-04,1,312,9,6619.65
2025-05-04,2,163,1,595.98
2025-05-04,3,91,5,4488.95
2025-05-04,4,98,5,3113.17
2025-05-04,5,63,2,1351.08
2025-05-04,6,65,3,2899.4
2025-05-04,7,57,0,0.0
2025-05-04,8,54,2,567.22
2025-05-04,9,78,0,0.0
2025-05-04,10,49,1,1387.68
2025-05-04,11,30,1,287.93
2025-05-04,12,22,1,663.64
2025-05-05,1,494,9,6388.5
2025-05-05,2,276,8,6827.89
2025-05-05,3,146,1,864.36
2025-05-05,4,169,2,2371.48
2025-05-05,5,117,2,609.92
2025-05-05,6,109,2,840.12
2025-05-05,7,86,5,3408.89
2025-05-05,8,89,0,0.0
2025-05-05,9,134,1,502.16
2025-05-05,10,91,3,2043.48
2025-05-05,11,54,3,2954.88
2025-05-05,12,38,2,927.66
2025-05-06,1,485,8,5655.72
2025-05-06,2,224,5,3405.22
2025-05-06,3,125,5,2876.75
2025-05-06,4,127,4,1871.27
2025-05-06,5,87,3,1151.32
2025-05-06,6,87,2,1554.72
2025-05-06,7,73,1,284.1
2025-05-06,8,80,1,1200.6
2025-05-06,9,108,4,2859.9
2025-05-06,10,75,0,0.0
2025-05-06,11,39,0,0.0
2025-05-06,12,33,1,1183.44
2025-05-07,1,650,12,9056.63
2025-05-07,2,284,2,911.76
2025-05-07,3,151,2,656.44
2025-05-07,4,166,11,10847.18
2025-05-07,5,107,4,2543.5
2025-05-07,6,125,3,1937.91
2025-05-07,7,107,2,562.52
2025-05-07,8,102,1,529.8
2025-05-07,9,130,2,1834.94
2025-05-07,10,99,1,279.17
2025-05-07,11,57,2,1808.28
2025-05-07,12,41,0,0.0
2025-05-08,1,346,9,5987.17
2025-05-08,2,151,2,880.57
2025-05-08,3,89,2,965.04
2025-05-08,4,108,3,2757.6
2025-05-08,5,63,4,3616.87
2025-05-08,6,69,1,813.12
2025-05-08,7,56,1,621.66
2025-05-08,8,58,1,1395.68
2025-05-08,9,68,3,3753.09
2025-05-08,10,54,3,2968.47
2025-05-08,11,33,1,347.2
2025-05-08,12,24,2,1943.56
2025-05-09,1,357,6,4299.11
2025-05-09,2,206,2,648.21
2025-05-09,3,109,4,2481.74
2025-05-09,4,112,4,1699.37
2025-05-09,5,76,2,965.2
2025-05-09,6,73,2,1557.06
2025-05-09,7,68,2,1592.33
2025-05-09,8,57,3,1066.08
2025-05-09,9,77,4,1942.44
2025-05-09,10,73,3,1212.02
2025-05-09,11,37,0,0.0
2025-05-09,12,23,0,0.0
2025-05-10,1,422,8,6614.36
2025-05-10,2,181,6,3184.07
2025-05-10,3,115,5,3558.53
2025-05-10,4,126,8,4063.22
2025-05-10,5,80,2,915.07
2025-05-10,6,74,3,2740.79
2025-05-10,7,65,0,0.0
2025-05-10,8,62,0,0.0
2025-05-10,9,92,1,910.14
2025-05-10,10,67,0,0.0
2025-05-10,11,35,2,593.4
2025-05-10,12,26,1,1286.64
2025-05-11,1,313,6,2658.11
2025-05-11,2,178,3,2303.53
2025-05-11,3,94,2,1273.14
2025-05-11,4,104,4,1772.83
2025-05-11,5,62,1,315.58
2025-05-11,6,72,1,557.36
2025-05-11,7,56,1,924.48
2025-05-11,8,53,0,0.0
2025-05-11,9,81,2,615.86
2025-05-11,10,55,1,577.02
2025-05-11,11,33,2,2075.37
2025-05-11,12,22,1,1244.24
2025-05-12,1,303,6,4800.57
2025-05-12,2,145,4,4007.15
2025-05-12,3,86,0,0.0
2025-05-12,4,88,6,3544.76
2025-05-12,5,65,0,0.0
2025-05-12,6,70,1,310.88
2025-05-12,7,49,3,2193.54
2025-05-12,8,58,1,337.87
2025-05-12,9,82,4,2056.31
2025-05-12,10,54,1,265.72
2025-05-12,11,33,1,304.72
2025-05-12,12,22,0,0.0
2025-05-13,1,258,5,3144.29
2025-05-13,2,134,2,1292.19
2025-05-13,3,77,2,2859.17
2025-05-13,4,76,4,1831.33
2025-05-13,5,53,4,2657.39
2025-05-13,6,52,4,1328.8
2025-05-13,7,46,1,1001.64
2025-05-13,8,41,2,2969.38
2025-05-13,9,66,2,556.14
2025-05-13,10,42,3,983.03
2025-05-13,11,27,0,0.0
2025-05-13,12,17,2,798.82
2025-05-14,1,370,8,4098.39
2025-05-14,2,187,2,1040.28
2025-05-14,3,102,2,841.66
2025-05-14,4,121,2,874.86
2025-05-14,5,86,2,1817.36
2025-05-14,6,71,4,2740.72
2025-05-14,7,67,3,2132.63
2025-05-14,8,64,1,1002.24
2025-05-14,9,95,3,1200.65
2025-05-14,10,68,2,1268.14
2025-05-14,11,37,2,1533.95
2025-05-14,12,26,0,0.0
2025-05-15,1,459,11,6625.65
2025-05-15,2,246,7,5416.1
2025-05-15,3,140,3,1410.96
2025-05-15,4,155,6,2856.68
2025-05-15,5,98,0,0.0
2025-05-15,6,104,1,1716.84
2025-05-15,7,83,4,2191.39
2025-05-15,8,77,3,1024.54
2025-05-15,9,117,0,0.0
2025-05-15,10,80,2,1052.56
2025-05-15,11,51,1,304.85
2025-05-15,12,33,1,1182.56
2025-05-16,1,280,5,3870.72
2025-05-16,2,137,2,857.83
2025-05-16,3,82,3,2847.38
2025-05-16,4,92,2,2357.86
2025-05-16,5,62,3,3603.18
2025-05-16,6,59,1,303.57
2025-05-16,7,49,1,1260.56
2025-05-16,8,48,0,0.0
2025-05-16,9,77,1,262.95
2025-05-16,10,47,4,2192.86
2025-05-16,11,29,1,955.95
2025-05-16,12,21,1,665.2
2025-05-17,1,537,11,7852.81
2025-05-17,2,256,4,3192.17
2025-05-17,3,113,6,4504.98
2025-05-17,4,139,1,313.93
2025-05-17,5,98,2,1806.14
2025-05-17,6,105,1,330.07
2025-05-17,7,94,0,0.0
2025-05-17,8,80,4,2349.96
2025-05-17,9,104,5,3648.47
2025-05-17,10,79,4,2451.1
2025-05-17,11,49,2,2456.85
2025-05-17,12,30,2,1263.71
2025-05-18,1,485,9,6673.85
2025-05-18,2,225,4,2877.42
2025-05-18,3,125,5,3568.67
2025-05-18,4,138,5,5603.33
2025-05-18,5,98,0,0.0
2025-05-18,6,95,3,3201.94
2025-05-18,7,74,2,2219.17
2025-05-18,8,79,1,299.18
2025-05-18,9,112,3,1714.94
2025-05-18,10,80,3,1985.35
2025-05-18,11,48,1,282.88
2025-05-18,12,30,1,606.9
2025-05-19,1,284,11,6366.71
2025-05-19,2,159,1,1281.4
2025-05-19,3,89,2,1212.8
2025-05-19,4,98,6,3297.07
2025-05-19,5,64,0,0.0
2025-05-19,6,66,3,3709.78
2025-05-19,7,51,2,2244.14
2025-05-19,8,51,2,2767.14
2025-05-19,9,74,3,955.24
2025-05-19,10,46,2,1140.18
2025-05-19,11,31,0,0.0
2025-05-19,12,21,0,0.0
2025-05-20,1,440,9,5820.92
2025-05-20,2,196,3,1770.0
2025-05-20,3,117,4,3513.8
2025-05-20,4,139,5,3932.78
2025-05-20,5,90,3,2734.81
2025-05-20,6,84,3,4089.59
2025-05-20,7,78,1,1242.32
2025-05-20,8,68,2,953.17
2025-05-20,9,106,4,1170.0
2025-05-20,10,70,1,346.55
2025-05-20,11,40,0,0.0
2025-05-20,12,29,2,940.55
2025-05-21,1,315,7,3919.7
2025-05-21,2,149,2,1231.2
2025-05-21,3,88,3,1003.89
2025-05-21,4,101,6,3994.36
2025-05-21,5,57,5,1548.02
2025-05-21,6,63,1,307.08
2025-05-21,7,54,2,2336.24
2025-05-21,8,54,0,0.0
2025-05-21,9,73,4,2213.06
2025-05-21,10,54,0,0.0
2025-05-21,11,33,0,0.0
2025-05-21,12,19,1,1301.32
2025-05-22,1,334,9,9479.45
2025-05-22,2,174,2,2154.43
2025-05-22,3,87,2,1632.65
2025-05-22,4,92,4,2860.81
2025-05-22,5,73,1,653.36
2025-05-22,6,62,1,1255.68
2025-05-22,7,58,3,3207.31
2025-05-22,8,59,2,864.76
2025-05-22,9,71,2,2540.89
2025-05-22,10,56,2,2461.2
2025-05-22,11,31,1,1355.28
2025-05-22,12,23,1,333.89
2025-05-23,1,239,4,4275.56
2025-05-23,2,118,4,2173.82
2025-05-23,3,66,5,4002.95
2025-05-23,4,74,5,2834.38
2025-05-23,5,46,1,961.29
2025-05-23,6,54,1,583.44
2025-05-23,7,39,3,2138.21
2025-05-23,8,39,0,0.0
2025-05-23,9,59,3,1773.55
2025-05-23,10,44,0,0.0
2025-05-23,11,24,1,369.7
2025-05-23,12,17,0,0.0
2025-05-24,1,376,13,9794.01
2025-05-24,2,197,4,2688.37
2025-05-24,3,106,2,1317.93
2025-05-24,4,116,5,6108.76
2025-05-24,5,75,2,1720.48
2025-05-24,6,84,0,0.0
2025-05-24,7,68,1,731.94
2025-05-24,8,68,1,935.22
2025-05-24,9,95,1,1252.4
2025-05-24,10,60,0,0.0
2025-05-24,11,38,0,0.0
2025-05-24,12,26,1,1303.84
2025-05-25,1,446,7,2973.16
2025-05-25,2,241,12,11803.52
2025-05-25,3,119,1,1425.2
2025-05-25,4,134,2,1204.82
2025-05-25,5,91,1,1374.0
2025-05-25,6,99,4,5390.06
2025-05-25,7,82,0,0.0
2025-05-25,8,81,4,2839.18
2025-05-25,9,109,3,2735.08
2025-05-25,10,83,2,893.14
2025-05-25,11,38,1,295.64
2025-05-25,12,28,0,0.0
2025-05-26,1,361,11,9408.47
2025-05-26,2,202,3,2311.22
2025-05-26,3,116,0,0.0
2025-05-26,4,125,7,3420.19
2025-05-26,5,75,4,2731.97
2025-05-26,6,75,4,3375.36
2025-05-26,7,64,3,1524.22
2025-05-26,8,69,2,933.56
2025-05-26,9,98,1,566.6
2025-05-26,10,68,1,920.04
2025-05-26,11,39,1,312.29
2025-05-26,12,26,2,598.33
2025-05-27,1,457,6,3272.61
2025-05-27,2,231,10,5449.72
2025-05-27,3,111,2,1521.28
2025-05-27,4,144,7,4105.46
2025-05-27,5,95,3,2325.66
2025-05-27,6,90,2,1350.38
2025-05-27,7,80,3,2387.12
2025-05-27,8,76,1,676.94
2025-05-27,9,107,0,0.0
2025-05-27,10,84,1,351.17
2025-05-27,11,45,0,0.0
2025-05-27,12,31,1,1237.72
2025-05-28,1,316,6,5992.94
2025-05-28,2,150,4,4114.23
2025-05-28,3,88,2,1622.27
2025-05-28,4,96,7,4450.18
2025-05-28,5,61,3,1158.12
2025-05-28,6,60,4,3639.22
2025-05-28,7,55,0,0.0
2025-05-28,8,53,4,2123.81
2025-05-28,9,72,3,1764.98
2025-05-28,10,58,0,0.0
2025-05-28,11,33,0,0.0
2025-05-28,12,22,0,0.0
2025-05-29,1,397,7,5645.9
2025-05-29,2,204,2,1701.12
2025-05-29,3,105,2,1023.05
2025-05-29,4,126,7,5871.27
2025-05-29,5,83,2,1310.01
2025-05-29,6,76,2,925.84
2025-05-29,7,55,2,1759.1
2025-05-29,8,62,3,2957.33
2025-05-29,9,89,1,315.89
2025-05-29,10,68,0,0.0
2025-05-29,11,39,0,0.0
2025-05-29,12,25,1,547.62
2025-05-30,1,262,8,3096.41
2025-05-30,2,144,2,1535.35
2025-05-30,3,72,0,0.0
2025-05-30,4,92,2,882.94
2025-05-30,5,58,1,302.31
2025-05-30,6,49,1,645.12
2025-05-30,7,41,0,0.0
2025-05-30,8,46,1,657.28
2025-05-30,9,61,5,4514.08
2025-05-30,10,41,1,556.32
2025-05-30,11,30,0,0.0
2025-05-30,12,18,0,0.0
2025-05-31,1,395,8,4922.13
2025-05-31,2,207,7,4330.89
2025-05-31,3,117,3,1618.59
2025-05-31,4,116,3,899.43
2025-05-31,5,84,2,664.66
2025-05-31,6,73,2,1267.11
2025-05-31,7,63,1,1194.04
2025-05-31,8,67,3,2225.54
2025-05-31,9,91,2,1411.72
2025-05-31,10,67,2,1037.82
2025-05-31,11,43,0,0.0
2025-05-31,12,25,0,0.0
2025-06-01,1,259,14,7751.99
2025-06-01,2,130,3,3998.04
2025-06-01,3,64,1,344.66
2025-06-01,4,116,3,2012.27
2025-06-01,5,64,1,913.08
2025-06-01,6,57,2,1278.28
2025-06-01,7,41,0,0.0
2025-06-01,8,52,0,0.0
2025-06-01,9,58,1,292.97
2025-06-01,10,49,1,298.5
2025-06-01,11,25,1,1020.0
2025-06-01,12,20,0,0.0
2025-06-02,1,286,8,4940.4
2025-06-02,2,130,3,3001.28
2025-06-02,3,66,5,3294.29
2025-06-02,4,110,2,2964.84
2025-06-02,5,66,2,1902.98
2025-06-02,6,56,1,643.08
2025-06-02,7,40,2,1869.24
2025-06-02,8,45,2,1768.69
2025-06-02,9,57,0,0.0
2025-06-02,10,38,0,0.0
2025-06-02,11,21,0,0.0
2025-06-02,12,18,0,0.0
2025-06-03,1,407,5,4871.12
2025-06-03,2,199,8,7039.14
2025-06-03,3,103,2,1174.96
2025-06-03,4,182,5,4022.85
2025-06-03,5,87,3,1998.45
2025-06-03,6,86,2,1481.29
2025-06-03,7,60,0,0.0
2025-06-03,8,70,2,1800.56
2025-06-03,9,92,4,3295.95
2025-06-03,10,60,2,1012.6
2025-06-03,11,35,1,746.76
2025-06-03,12,29,0,0.0
2025-06-04,1,374,7,2989.14
2025-06-04,2,187,5,3856.56
2025-06-04,3,95,2,1910.22
2025-06-04,4,166,3,1171.31
2025-06-04,5,87,5,2497.74
2025-06-04,6,78,1,947.1
2025-06-04,7,48,0,0.0
2025-06-04,8,72,1,320.85
2025-06-04,9,92,2,938.79
2025-06-04,10,61,1,301.47
2025-06-04,11,33,1,605.46
2025-06-04,12,27,2,1160.24
2025-06-05,1,342,15,8573.55
2025-06-05,2,144,1,640.28
2025-06-05,3,83,0,0.0
2025-06-05,4,153,5,5159.07
2025-06-05,5,74,3,2003.86
2025-06-05,6,63,2,613.97
2025-06-05,7,46,1,889.05
2025-06-05,8,59,3,1879.34
2025-06-05,9,74,1,946.02
2025-06-05,10,52,2,703.48
2025-06-05,11,28,1,316.81
2025-06-05,12,23,0,0.0
2025-06-06,1,437,9,5560.52
2025-06-06,2,227,8,6065.41
2025-06-06,3,111,1,778.77
2025-06-06,4,198,4,1961.2
2025-06-06,5,111,4,3031.66
2025-06-06,6,96,2,1427.69
2025-06-06,7,66,0,0.0
2025-06-06,8,82,2,874.2
2025-06-06,9,100,0,0.0
2025-06-06,10,76,2,743.35
2025-06-06,11,41,0,0.0
2025-06-06,12,31,1,577.0
2025-06-07,1,402,14,7383.67
2025-06-07,2,196,6,2459.4
2025-06-07,3,91,3,1524.82
2025-06-07,4,165,4,1716.45
2025-06-07,5,80,2,1023.73
2025-06-07,6,74,4,1834.43
2025-06-07,7,47,2,2557.98
2025-06-07,8,77,1,1075.88
2025-06-07,9,95,3,1230.81
2025-06-07,10,64,3,1851.44
2025-06-07,11,35,2,1855.78
2025-06-07,12,25,1,1125.04
2025-06-08,1,257,8,8833.43
2025-06-08,2,144,3,2020.15
2025-06-08,3,74,2,1365.41
2025-06-08,4,122,5,2421.99
2025-06-08,5,73,1,654.26
2025-06-08,6,61,2,2062.13
2025-06-08,7,40,0,0.0
2025-06-08,8,59,0,0.0
2025-06-08,9,60,3,2780.66
2025-06-08,10,42,2,1767.66
2025-06-08,11,26,0,0.0
2025-06-08,12,21,1,612.2
2025-06-09,1,383,9,5839.13
2025-06-09,2,201,9,6549.9
2025-06-09,3,88,0,0.0
2025-06-09,4,169,6,2686.66
2025-06-09,5,85,2,2006.08
2025-06-09,6,85,1,1063.72
2025-06-09,7,53,3,2063.67
2025-06-09,8,70,2,2244.98
2025-06-09,9,80,3,2766.07
2025-06-09,10,63,1,626.46
2025-06-09,11,32,0,0.0
2025-06-09,12,25,0,0.0
2025-06-10,1,344,3,980.44
2025-06-10,2,155,8,7001.49
2025-06-10,3,84,3,1986.81
2025-06-10,4,150,2,1568.02
2025-06-10,5,81,3,3111.37
2025-06-10,6,73,1,324.16
2025-06-10,7,54,1,700.42
2025-06-10,8,62,2,615.34
2025-06-10,9,72,1,636.22
2025-06-10,10,55,3,1214.42
2025-06-10,11,31,2,610.77
2025-06-10,12,24,1,909.87
2025-06-11,1,334,5,2579.6
2025-06-11,2,172,6,6378.24
2025-06-11,3,82,4,3099.42
2025-06-11,4,130,6,4353.29
2025-06-11,5,74,3,1515.75
2025-06-11,6,71,3,5202.66
2025-06-11,7,53,2,879.61
2025-06-11,8,60,3,1541.87
2025-06-11,9,72,1,341.5
2025-06-11,10,51,1,323.32
2025-06-11,11,27,0,0.0
2025-06-11,12,21,0,0.0
2025-06-12,1,316,6,3340.13
2025-06-12,2,169,0,0.0
2025-06-12,3,81,4,2510.98
2025-06-12,4,139,4,2123.23
2025-06-12,5,77,3,2200.93
2025-06-12,6,69,1,1933.14
2025-06-12,7,47,0,0.0
2025-06-12,8,60,3,2945.2
2025-06-12,9,64,2,2606.64
2025-06-12,10,51,2,2517.6
2025-06-12,11,28,0,0.0
2025-06-12,12,21,0,0.0
2025-06-13,1,379,13,6685.09
2025-06-13,2,198,2,2370.56
2025-06-13,3,88,2,2315.98
2025-06-13,4,153,7,3552.45
2025-06-13,5,98,2,1170.88
2025-06-13,6,77,2,606.24
2025-06-13,7,55,1,307.03
2025-06-13,8,76,0,0.0
2025-06-13,9,83,1,295.54
2025-06-13,10,61,1,271.8
2025-06-13,11,34,1,303.35
2025-06-13,12,27,0,0.0
2025-06-14,1,236,6,3732.15
2025-06-14,2,117,3,2761.53
2025-06-14,3,58,2,894.38
2025-06-14,4,112,2,623.59
2025-06-14,5,56,1,349.36
2025-06-14,6,51,3,2332.79
2025-06-14,7,38,3,2239.34
2025-06-14,8,45,2,1625.07
2025-06-14,9,57,2,1885.24
2025-06-14,10,33,0,0.0
2025-06-14,11,20,0,0.0
2025-06-14,12,15,0,0.0
2025-06-15,1,456,10,4741.16
2025-06-15,2,256,6,2667.96
2025-06-15,3,125,2,1198.33
2025-06-15,4,207,6,4033.44
2025-06-15,5,116,3,2166.4
2025-06-15,6,106,4,4270.61
2025-06-15,7,74,0,0.0
2025-06-15,8,88,1,372.85
2025-06-15,9,116,2,1570.89
2025-06-15,10,86,0,0.0
2025-06-15,11,39,0,0.0
2025-06-15,12,35,0,0.0
2025-06-16,1,275,7,4114.75
2025-06-16,2,132,1,779.56
2025-06-16,3,61,1,1318.24
2025-06-16,4,113,5,1457.65
2025-06-16,5,63,2,629.52
2025-06-16,6,46,2,585.62
2025-06-16,7,39,2,1955.16
2025-06-16,8,50,0,0.0
2025-06-16,9,65,3,3353.85
2025-06-16,10,39,3,1028.45
2025-06-16,11,22,1,574.26
2025-06-16,12,17,1,1084.38
2025-06-17,1,347,8,5532.3
2025-06-17,2,190,5,2584.58
2025-06-17,3,101,1,323.16
2025-06-17,4,159,3,953.62
2025-06-17,5,97,2,673.08
2025-06-17,6,87,1,331.71
2025-06-17,7,55,3,3013.58
2025-06-17,8,70,4,4828.28
2025-06-17,9,77,0,0.0
2025-06-17,10,64,1,673.36
2025-06-17,11,33,1,319.18
2025-06-17,12,26,1,631.74
2025-06-18,1,324,12,6272.84
2025-06-18,2,173,4,3446.7
2025-06-18,3,85,1,934.65
2025-06-18,4,135,5,2664.4
2025-06-18,5,74,3,2240.05
2025-06-18,6,63,3,1423.64
2025-06-18,7,46,1,2334.32
2025-06-18,8,65,1,905.07
2025-06-18,9,74,0,0.0
2025-06-18,10,50,1,280.63
2025-06-18,11,29,0,0.0
2025-06-18,12,26,0,0.0
2025-06-19,1,265,9,6363.58
2025-06-19,2,148,3,2107.64
2025-06-19,3,72,4,1310.59
2025-06-19,4,136,5,5565.65
2025-06-19,5,60,4,2298.4
2025-06-19,6,54,1,382.0
2025-06-19,7,43,0,0.0
2025-06-19,8,54,1,1459.3
2025-06-19,9,65,1,374.18
2025-06-19,10,49,2,576.47
2025-06-19,11,26,1,352.8
2025-06-19,12,17,0,0.0
2025-06-20,1,294,9,4650.19
2025-06-20,2,146,8,8724.67
2025-06-20,3,68,4,2613.95
2025-06-20,4,132,3,1497.02
2025-06-20,5,70,1,639.84
2025-06-20,6,63,3,4236.51
2025-06-20,7,47,1,757.3
2025-06-20,8,62,4,2069.39
2025-06-20,9,73,4,2924.13
2025-06-20,10,49,2,1661.41
2025-06-20,11,27,1,1460.6
2025-06-20,12,21,1,913.92
2025-06-21,1,397,14,9997.32
2025-06-21,2,204,0,0.0
2025-06-21,3,114,3,1983.41
2025-06-21,4,187,7,3609.5
2025-06-21,5,101,0,0.0
2025-06-21,6,85,0,0.0
2025-06-21,7,58,3,974.04
2025-06-21,8,76,3,2072.49
2025-06-21,9,91,0,0.0
2025-06-21,10,69,1,681.48
2025-06-21,11,38,2,2201.92
2025-06-21,12,28,0,0.0
2025-06-22,1,342,7,6180.47
2025-06-22,2,178,2,913.01
2025-06-22,3,92,3,1540.13
2025-06-22,4,181,3,2136.51
2025-06-22,5,98,0,0.0
2025-06-22,6,77,0,0.0
2025-06-22,7,59,2,877.39
2025-06-22,8,73,1,966.39
2025-06-22,9,76,3,1701.9
2025-06-22,10,59,0,0.0
2025-06-22,11,37,0,0.0
2025-06-22,12,28,1,2224.81
2025-06-23,1,366,9,5121.85
2025-06-23,2,168,2,611.1
2025-06-23,3,91,2,1748.6
2025-06-23,4,157,3,2639.36
2025-06-23,5,79,5,2728.29
2025-06-23,6,78,2,1572.2
2025-06-23,7,51,1,601.94
2025-06-23,8,55,1,544.94
2025-06-23,9,73,3,1288.8
2025-06-23,10,53,0,0.0
2025-06-23,11,29,1,329.59
2025-06-23,12,22,0,0.0
2025-06-24,1,456,5,2178.28
2025-06-24,2,249,6,3964.4
2025-06-24,3,113,6,6699.91
2025-06-24,4,217,3,3523.49
2025-06-24,5,114,2,3275.49
2025-06-24,6,101,4,2759.06
2025-06-24,7,72,0,0.0
2025-06-24,8,93,2,570.94
2025-06-24,9,109,2,1708.61
2025-06-24,10,75,1,569.24
2025-06-24,11,42,1,369.63
2025-06-24,12,33,2,572.11
2025-06-25,1,336,8,3519.82
2025-06-25,2,199,2,601.63
2025-06-25,3,87,0,0.0
2025-06-25,4,175,4,2116.74
2025-06-25,5,88,2,1272.46
2025-06-25,6,75,5,2637.57
2025-06-25,7,58,1,747.58
2025-06-25,8,75,1,739.6
2025-06-25,9,90,5,4638.36
2025-06-25,10,55,2,3193.38
2025-06-25,11,38,1,1390.96
2025-06-25,12,27,1,661.82
2025-06-26,1,325,9,8360.8
2025-06-26,2,160,2,996.27
2025-06-26,3,81,3,1379.92
2025-06-26,4,148,4,2030.38
2025-06-26,5,71,1,1028.1
2025-06-26,6,67,1,1171.24
2025-06-26,7,51,1,354.96
2025-06-26,8,63,3,2890.06
2025-06-26,9,72,5,3099.98
2025-06-26,10,43,2,1389.24
2025-06-26,11,28,1,662.74
2025-06-26,12,25,1,1288.44
2025-06-27,1,287,5,2921.42
2025-06-27,2,150,5,3705.36
2025-06-27,3,79,0,0.0
2025-06-27,4,127,5,6100.53
2025-06-27,5,69,3,1503.43
2025-06-27,6,63,4,1963.93
2025-06-27,7,46,0,0.0
2025-06-27,8,54,1,579.96
2025-06-27,9,69,2,880.36
2025-06-27,10,51,1,363.67
2025-06-27,11,31,0,0.0
2025-06-27,12,20,1,372.15
2025-06-28,1,354,10,7672.85
2025-06-28,2,173,3,1798.24
2025-06-28,3,93,1,717.44
2025-06-28,4,146,8,5682.6
2025-06-28,5,94,3,2602.6
2025-06-28,6,70,2,1831.66
2025-06-28,7,52,1,526.38
2025-06-28,8,61,1,1147.2
2025-06-28,9,68,1,665.92
2025-06-28,10,52,2,2042.3
2025-06-28,11,28,1,316.99
2025-06-28,12,25,0,0.0
2025-06-29,1,242,5,3095.39
2025-06-29,2,121,5,2442.21
2025-06-29,3,68,2,1785.55
2025-06-29,4,106,4,1463.12
2025-06-29,5,63,4,1925.05
2025-06-29,6,55,2,3013.84
2025-06-29,7,38,2,1875.74
2025-06-29,8,39,1,1412.36
2025-06-29,9,53,0,0.0
2025-06-29,10,37,2,1190.65
2025-06-29,11,23,1,1158.68
2025-06-29,12,17,1,1553.35
2025-06-30,1,289,9,7432.19
2025-06-30,2,140,2,2625.06
2025-06-30,3,76,5,3195.14
2025-06-30,4,133,4,2256.66
2025-06-30,5,79,2,1637.49
2025-06-30,6,65,2,864.04
2025-06-30,7,43,0,0.0
2025-06-30,8,58,0,0.0
2025-06-30,9,68,2,1646.56
2025-06-30,10,44,1,625.6
2025-06-30,11,28,0,0.0
2025-06-30,12,20,1,338.02
2025-07-01,1,427,9,6182.16
2025-07-01,2,234,3,1297.04
2025-07-01,3,106,4,3825.29
2025-07-01,4,168,6,3334.19
2025-07-01,5,100,4,2743.11
2025-07-01,6,92,4,2179.32
2025-07-01,7,64,1,570.78
2025-07-01,8,85,3,1170.3
2025-07-01,9,103,1,311.67
2025-07-01,10,68,4,4399.81
2025-07-01,11,41,0,0.0
2025-07-01,12,30,0,0.0
2025-07-02,1,408,8,5222.81
2025-07-02,2,216,8,4247.19
2025-07-02,3,95,1,2095.03
2025-07-02,4,153,7,4809.83
2025-07-02,5,89,1,887.22
2025-07-02,6,87,0,0.0
2025-07-02,7,52,2,920.21
2025-07-02,8,73,3,1863.94
2025-07-02,9,80,2,2469.03
2025-07-02,10,56,0,0.0
2025-07-02,11,36,1,287.29
2025-07-02,12,27,1,835.8
2025-07-03,1,259,7,2692.78
2025-07-03,2,136,6,3307.33
2025-07-03,3,60,2,942.68
2025-07-03,4,107,7,3581.93
2025-07-03,5,61,1,955.74
2025-07-03,6,50,0,0.0
2025-07-03,7,39,0,0.0
2025-07-03,8,46,3,2853.18
2025-07-03,9,54,1,308.87
2025-07-03,10,38,2,2060.33
2025-07-03,11,24,1,269.07
2025-07-03,12,16,1,896.16
2025-07-04,1,455,4,3093.77
2025-07-04,2,220,5,3895.83
2025-07-04,3,98,1,349.46
2025-07-04,4,170,5,2599.85
2025-07-04,5,102,3,2144.61
2025-07-04,6,94,0,0.0
2025-07-04,7,66,2,1164.56
2025-07-04,8,78,1,723.26
2025-07-04,9,96,1,1052.2
2025-07-04,10,72,3,1702.91
2025-07-04,11,32,1,367.95
2025-07-04,12,30,2,1735.24
2025-07-05,1,287,5,3430.73
2025-07-05,2,159,4,2186.94
2025-07-05,3,75,2,881.57
2025-07-05,4,118,7,3874.93
2025-07-05,5,76,1,279.53
2025-07-05,6,59,0,0.0
2025-07-05,7,43,0,0.0
2025-07-05,8,51,2,996.49
2025-07-05,9,65,3,1231.03
2025-07-05,10,48,1,1054.5
2025-07-05,11,24,1,342.8
2025-07-05,12,22,0,0.0
2025-07-06,1,284,10,10185.49
2025-07-06,2,171,3,1831.8
2025-07-06,3,82,3,3783.39
2025-07-06,4,120,5,2403.71
2025-07-06,5,79,1,330.46
2025-07-06,6,65,2,2095.42
2025-07-06,7,51,1,825.51
2025-07-06,8,54,1,694.72
2025-07-06,9,69,3,1548.06
2025-07-06,10,45,2,1317.48
2025-07-06,11,29,1,330.79
2025-07-06,12,24,0,0.0
2025-07-07,1,228,7,3072.98
2025-07-07,2,118,8,7054.22
2025-07-07,3,57,1,779.37
2025-07-07,4,99,1,316.27
2025-07-07,5,56,1,335.29
2025-07-07,6,48,1,659.7
2025-07-07,7,34,5,2536.63
2025-07-07,8,39,2,1256.75
2025-07-07,9,51,0,0.0
2025-07-07,10,33,3,1521.74
2025-07-07,11,18,1,1369.65
2025-07-07,12,16,0,0.0
2025-07-08,1,356,6,4316.53
2025-07-08,2,202,7,4702.65
2025-07-08,3,96,5,2510.81
2025-07-08,4,176,0,0.0
2025-07-08,5,93,4,4634.11
2025-07-08,6,79,0,0.0
2025-07-08,7,58,2,1234.78
2025-07-08,8,69,1,686.74
2025-07-08,9,88,2,1697.01
2025-07-08,10,60,1,320.38
2025-07-08,11,31,0,0.0
2025-07-08,12,23,0,0.0
2025-07-09,1,253,7,6977.62
2025-07-09,2,154,2,1542.53
2025-07-09,3,71,2,911.93
2025-07-09,4,132,4,4573.22
2025-07-09,5,67,0,0.0
2025-07-09,6,64,4,2058.6
2025-07-09,7,44,0,0.0
2025-07-09,8,58,1,300.83
2025-07-09,9,64,2,787.56
2025-07-09,10,49,3,2561.34
2025-07-09,11,26,1,317.4
2025-07-09,12,20,0,0.0
2025-07-10,1,355,7,4819.62
2025-07-10,2,182,5,2595.14
2025-07-10,3,104,3,2010.55
2025-07-10,4,173,7,5466.93
2025-07-10,5,91,0,0.0
2025-07-10,6,81,2,2629.48
2025-07-10,7,52,1,309.38
2025-07-10,8,73,6,4363.74
2025-07-10,9,96,1,1389.08
2025-07-10,10,52,4,1625.05
2025-07-10,11,32,2,1461.59
2025-07-10,12,26,0,0.0
2025-07-11,1,366,11,8739.77
2025-07-11,2,174,4,1266.73
2025-07-11,3,96,0,0.0
2025-07-11,4,141,4,3056.61
2025-07-11,5,82,4,3355.32
2025-07-11,6,76,4,3733.72
2025-07-11,7,57,1,618.28
2025-07-11,8,60,1,654.08
2025-07-11,9,84,2,1024.86
2025-07-11,10,64,0,0.0
2025-07-11,11,32,1,306.18
2025-07-11,12,23,2,1593.18
2025-07-12,1,336,9,7899.95
2025-07-12,2,163,3,1326.7
2025-07-12,3,80,2,645.63
2025-07-12,4,136,3,2380.02
2025-07-12,5,76,2,2393.92
2025-07-12,6,74,2,1533.16
2025-07-12,7,51,0,0.0
2025-07-12,8,62,2,1686.45
2025-07-12,9,82,3,2755.39
2025-07-12,10,54,1,287.92
2025-07-12,11,30,2,793.39
2025-07-12,12,22,1,925.2
2025-07-13,1,262,7,6051.46
2025-07-13,2,138,5,3638.13
2025-07-13,3,65,0,0.0
2025-07-13,4,126,4,2874.75
2025-07-13,5,59,0,0.0
2025-07-13,6,53,1,552.78
2025-07-13,7,46,1,268.14
2025-07-13,8,49,4,3137.25
2025-07-13,9,53,1,652.66
2025-07-13,10,39,0,0.0
2025-07-13,11,24,2,1588.76
2025-07-13,12,18,2,1184.42
2025-07-14,1,331,9,5279.44
2025-07-14,2,172,6,4025.55
2025-07-14,3,83,3,1343.37
2025-07-14,4,121,1,596.54
2025-07-14,5,75,1,1790.52
2025-07-14,6,68,2,1918.82
2025-07-14,7,49,0,0.0
2025-07-14,8,64,3,3058.62
2025-07-14,9,79,2,946.03
2025-07-14,10,49,1,590.78
2025-07-14,11,26,1,339.35
2025-07-14,12,23,0,0.0
2025-07-15,1,277,6,4353.83
2025-07-15,2,147,3,2454.76
2025-07-15,3,74,2,571.28
2025-07-15,4,111,2,1344.74
2025-07-15,5,69,6,4651.75
2025-07-15,6,57,0,0.0
2025-07-15,7,41,0,0.0
2025-07-15,8,49,0,0.0
2025-07-15,9,65,2,706.57
2025-07-15,10,46,1,292.56
2025-07-15,11,22,0,0.0
2025-07-15,12,18,0,0.0
2025-07-16,1,172,5,1810.42
2025-07-16,2,91,3,2765.98
2025-07-16,3,48,2,910.94
2025-07-16,4,75,1,2484.27
2025-07-16,5,43,2,624.4
2025-07-16,6,38,1,903.09
2025-07-16,7,25,0,0.0
2025-07-16,8,31,2,1327.05
2025-07-16,9,38,1,345.69
2025-07-16,10,29,1,492.02
2025-07-16,11,16,0,0.0
2025-07-16,12,12,1,319.02
2025-07-17,1,205,10,9302.7
2025-07-17,2,102,4,1700.51
2025-07-17,3,47,0,0.0
2025-07-17,4,83,3,2437.89
2025-07-17,5,51,0,0.0
2025-07-17,6,41,2,1252.73
2025-07-17,7,29,1,1197.32
2025-07-17,8,33,2,1708.44
2025-07-17,9,41,0,0.0
2025-07-17,10,31,0,0.0
2025-07-17,11,18,0,0.0
2025-07-17,12,13,0,0.0
2025-07-18,1,312,9,5937.86
2025-07-18,2,190,4,2190.72
2025-07-18,3,99,2,2607.4
2025-07-18,4,173,2,2717.21
2025-07-18,5,90,1,544.82
2025-07-18,6,76,2,678.16
2025-07-18,7,53,2,2548.32
2025-07-18,8,71,0,0.0
2025-07-18,9,83,2,2919.23
2025-07-18,10,55,3,3075.5
2025-07-18,11,34,0,0.0
2025-07-18,12,27,0,0.0
2025-07-19,1,375,9,6958.34
2025-07-19,2,199,3,2517.96
2025-07-19,3,83,3,4033.68
2025-07-19,4,163,1,827.52
2025-07-19,5,85,2,2454.2
2025-07-19,6,78,1,1102.74
2025-07-19,7,59,2,932.99
2025-07-19,8,72,0,0.0
2025-07-19,9,87,3,1735.11
2025-07-19,10,51,1,321.9
2025-07-19,11,36,1,970.65
2025-07-19,12,27,1,292.7
2025-07-20,1,308,14,12161.27
2025-07-20,2,157,2,661.74
2025-07-20,3,69,1,1288.36
2025-07-20,4,117,7,4083.37
2025-07-20,5,67,1,1364.12
2025-07-20,6,61,1,1844.5
2025-07-20,7,44,0,0.0
2025-07-20,8,61,1,322.96
2025-07-20,9,60,0,0.0
2025-07-20,10,46,1,299.5
2025-07-20,11,27,0,0.0
2025-07-20,12,21,1,652.32
2025-07-21,1,309,8,6651.85
2025-07-21,2,168,6,3267.37
2025-07-21,3,95,2,2358.88
2025-07-21,4,138,5,3746.04
2025-07-21,5,83,3,1282.55
2025-07-21,6,67,3,3887.46
2025-07-21,7,45,0,0.0
2025-07-21,8,62,3,1235.91
2025-07-21,9,75,2,579.29
2025-07-21,10,53,0,0.0
2025-07-21,11,33,1,315.53
2025-07-21,12,20,1,331.04
2025-07-22,1,474,8,3704.31
2025-07-22,2,221,5,2505.55
2025-07-22,3,120,7,3469.62
2025-07-22,4,198,5,2265.77
2025-07-22,5,115,3,2046.49
2025-07-22,6,99,4,2705.94
2025-07-22,7,71,1,286.25
2025-07-22,8,80,1,654.8
2025-07-22,9,108,2,954.3
2025-07-22,10,68,2,1409.6
2025-07-22,11,44,1,301.11
2025-07-22,12,32,0,0.0
2025-07-23,1,287,8,6630.23
2025-07-23,2,132,2,2078.38
2025-07-23,3,77,2,1002.59
2025-07-23,4,120,3,2743.7
2025-07-23,5,67,1,290.56
2025-07-23,6,57,1,349.46
2025-07-23,7,42,1,951.09
2025-07-23,8,56,2,968.31
2025-07-23,9,65,2,1041.32
2025-07-23,10,43,1,289.12
2025-07-23,11,27,0,0.0
2025-07-23,12,20,0,0.0
2025-07-24,1,361,10,10082.05
2025-07-24,2,162,6,5198.99
2025-07-24,3,95,1,719.36
2025-07-24,4,147,4,2811.05
2025-07-24,5,83,5,3002.15
2025-07-24,6,70,1,1335.44
2025-07-24,7,59,4,3116.4
2025-07-24,8,67,0,0.0
2025-07-24,9,85,1,1363.56
2025-07-24,10,56,1,646.84
2025-07-24,11,30,1,251.95
2025-07-24,12,24,0,0.0
2025-07-25,1,281,7,5359.91
2025-07-25,2,133,5,3393.85
2025-07-25,3,71,2,1131.4
2025-07-25,4,116,4,4082.49
2025-07-25,5,63,3,1261.99
2025-07-25,6,61,1,1195.16
2025-07-25,7,49,0,0.0
2025-07-25,8,56,2,1567.95
2025-07-25,9,68,4,2512.0
2025-07-25,10,45,1,663.24
2025-07-25,11,27,0,0.0
2025-07-25,12,20,1,256.59
2025-07-26,1,243,9,4772.36
2025-07-26,2,128,4,4269.97
2025-07-26,3,67,1,290.15
2025-07-26,4,123,1,1116.45
2025-07-26,5,69,4,3556.75
2025-07-26,6,58,1,353.49
2025-07-26,7,46,2,870.62
2025-07-26,8,48,1,310.75
2025-07-26,9,57,1,270.54
2025-07-26,10,40,0,0.0
2025-07-26,11,24,1,1112.68
2025-07-26,12,17,0,0.0
2025-07-27,1,328,12,10701.63
2025-07-27,2,185,5,2854.89
2025-07-27,3,97,1,1015.11
2025-07-27,4,148,4,3526.52
2025-07-27,5,78,0,0.0
2025-07-27,6,70,1,274.87
2025-07-27,7,54,1,1395.6
2025-07-27,8,67,3,2449.14
2025-07-27,9,88,3,1669.21
2025-07-27,10,56,0,0.0
2025-07-27,11,28,1,882.51
2025-07-27,12,26,0,0.0
2025-07-28,1,253,6,4129.1
2025-07-28,2,127,2,975.14
2025-07-28,3,63,0,0.0
2025-07-28,4,119,4,2827.99
2025-07-28,5,62,2,2463.7
2025-07-28,6,50,2,1168.41
2025-07-28,7,35,2,1798.18
2025-07-28,8,46,0,0.0
2025-07-28,9,58,2,1592.26
2025-07-28,10,36,2,1654.62
2025-07-28,11,20,1,2147.22
2025-07-28,12,16,0,0.0
2025-07-29,1,247,7,5452.89
2025-07-29,2,137,3,2497.62
2025-07-29,3,82,2,1041.02
2025-07-29,4,131,3,1904.32
2025-07-29,5,73,3,2015.22
2025-07-29,6,61,3,1201.09
2025-07-29,7,42,0,0.0
2025-07-29,8,52,0,0.0
2025-07-29,9,58,2,1622.06
2025-07-29,10,49,0,0.0
2025-07-29,11,26,0,0.0
2025-07-29,12,19,1,371.35
2025-07-30,1,246,7,7429.57
2025-07-30,2,143,2,2094.83
2025-07-30,3,61,0,0.0
2025-07-30,4,116,1,299.76
2025-07-30,5,61,3,2478.6
2025-07-30,6,57,0,0.0
2025-07-30,7,38,2,3271.85
2025-07-30,8,45,1,311.55
2025-07-30,9,62,2,880.21
2025-07-30,10,40,2,2483.8
2025-07-30,11,24,1,323.9
2025-07-30,12,19,1,642.38
2025-07-31,1,322,12,10057.51
2025-07-31,2,148,3,3387.79
2025-07-31,3,77,2,1690.27
2025-07-31,4,120,4,5094.23
2025-07-31,5,71,3,1594.58
2025-07-31,6,61,1,591.8
2025-07-31,7,41,2,2260.11
2025-07-31,8,54,1,938.67
2025-07-31,9,64,1,295.91
2025-07-31,10,48,1,334.69
2025-07-31,11,28,0,0.0
2025-07-31,12,22,0,0.0
2025-08-01,1,290,6,4119.74
2025-08-01,2,152,5,4826.85
2025-08-01,3,75,0,0.0
2025-08-01,4,115,6,5031.56
2025-08-01,5,71,0,0.0
2025-08-01,6,62,0,0.0
2025-08-01,7,44,1,2097.13
2025-08-01,8,57,0,0.0
2025-08-01,9,64,2,645.75
2025-08-01,10,48,3,3086.02
2025-08-01,11,28,0,0.0
2025-08-01,12,20,0,0.0
2025-08-02,1,227,2,2565.8
2025-08-02,2,108,3,2566.34
2025-08-02,3,53,2,1160.6
2025-08-02,4,94,1,707.82
2025-08-02,5,50,1,277.52
2025-08-02,6,46,1,280.38
2025-08-02,7,34,6,5809.2
2025-08-02,8,42,0,0.0
2025-08-02,9,43,1,1338.04
2025-08-02,10,37,1,1086.6
2025-08-02,11,20,0,0.0
2025-08-02,12,14,0,0.0
2025-08-03,1,314,9,9924.86
2025-08-03,2,166,4,3406.37
2025-08-03,3,94,2,1057.67
2025-08-03,4,164,5,2476.06
2025-08-03,5,88,6,5186.93
2025-08-03,6,76,2,872.7
2025-08-03,7,54,0,0.0
2025-08-03,8,57,0,0.0
2025-08-03,9,76,2,1576.24
2025-08-03,10,59,0,0.0
2025-08-03,11,33,0,0.0
2025-08-03,12,27,1,2439.2
2025-08-04,1,362,10,6185.78
2025-08-04,2,189,5,3803.82
2025-08-04,3,102,1,280.66
2025-08-04,4,162,7,2830.3
2025-08-04,5,91,2,2595.84
2025-08-04,6,78,4,2996.71
2025-08-04,7,52,1,243.66
2025-08-04,8,68,0,0.0
2025-08-04,9,85,3,887.57
2025-08-04,10,58,1,886.47
2025-08-04,11,33,1,294.39
2025-08-04,12,28,0,0.0
2025-08-05,1,297,9,5106.54
2025-08-05,2,172,2,1878.2
2025-08-05,3,88,7,3778.38
2025-08-05,4,134,1,578.42
2025-08-05,5,85,1,435.38
2025-08-05,6,82,1,292.79
2025-08-05,7,53,2,2175.07
2025-08-05,8,67,0,0.0
2025-08-05,9,68,5,3184.45
2025-08-05,10,55,2,2074.79
2025-08-05,11,30,0,0.0
2025-08-05,12,22,1,336.92
2025-08-06,1,333,10,7469.23
2025-08-06,2,149,2,1210.9
2025-08-06,3,73,1,305.71
2025-08-06,4,136,7,7244.13
2025-08-06,5,70,0,0.0
2025-08-06,6,70,0,0.0
2025-08-06,7,40,0,0.0
2025-08-06,8,55,2,1201.18
2025-08-06,9,59,1,312.48
2025-08-06,10,49,0,0.0
2025-08-06,11,29,0,0.0
2025-08-06,12,22,0,0.0
2025-08-07,1,233,4,2954.27
2025-08-07,2,104,3,4698.72
2025-08-07,3,57,1,709.76
2025-08-07,4,98,5,6258.54
2025-08-07,5,53,1,1260.16
2025-08-07,6,44,2,1607.97
2025-08-07,7,35,1,753.28
2025-08-07,8,37,2,2698.4
2025-08-07,9,50,1,1003.47
2025-08-07,10,36,1,315.34
2025-08-07,11,19,0,0.0
2025-08-07,12,14,1,305.51
2025-08-08,1,259,9,5169.5
2025-08-08,2,135,2,655.46
2025-08-08,3,64,3,1189.4
2025-08-08,4,115,1,328.6
2025-08-08,5,59,0,0.0
2025-08-08,6,60,1,752.28
2025-08-08,7,44,1,316.41
2025-08-08,8,49,0,0.0
2025-08-08,9,61,0,0.0
2025-08-08,10,45,0,0.0
2025-08-08,11,24,1,655.38
2025-08-08,12,20,1,308.41
2025-08-09,1,170,7,4213.07
2025-08-09,2,80,4,2357.49
2025-08-09,3,50,4,2287.69
2025-08-09,4,87,2,934.13
2025-08-09,5,44,1,493.46
2025-08-09,6,37,1,491.52
2025-08-09,7,28,1,257.26
2025-08-09,8,34,0,0.0
2025-08-09,9,46,1,786.27
2025-08-09,10,26,1,313.83
2025-08-09,11,16,0,0.0
2025-08-09,12,13,1,275.83
2025-08-10,1,218,6,3239.84
2025-08-10,2,122,5,3724.57
2025-08-10,3,59,2,1160.04
2025-08-10,4,112,1,320.2
2025-08-10,5,64,0,0.0
2025-08-10,6,41,1,301.75
2025-08-10,7,37,1,953.91
2025-08-10,8,41,0,0.0
2025-08-10,9,58,3,1955.27
2025-08-10,10,38,1,794.07
2025-08-10,11,20,2,656.23
2025-08-10,12,15,0,0.0
2025-08-11,1,420,13,8071.42
2025-08-11,2,239,5,1900.85
2025-08-11,3,106,5,4992.89
2025-08-11,4,198,1,1033.71
2025-08-11,5,100,5,3306.99
2025-08-11,6,103,0,0.0
2025-08-11,7,68,2,1265.76
2025-08-11,8,87,0,0.0
2025-08-11,9,103,3,1976.86
2025-08-11,10,66,1,641.08
2025-08-11,11,40,1,1933.2
2025-08-11,12,32,0,0.0
2025-08-12,1,220,10,4211.94
2025-08-12,2,109,2,1316.66
2025-08-12,3,68,4,4671.26
2025-08-12,4,96,2,1177.32
2025-08-12,5,54,1,615.28
2025-08-12,6,50,3,1275.95
2025-08-12,7,35,1,969.75
2025-08-12,8,45,1,636.86
2025-08-12,9,50,1,806.67
2025-08-12,10,37,2,1208.3
2025-08-12,11,22,0,0.0
2025-08-12,12,16,1,1207.16
2025-08-13,1,212,7,3235.37
2025-08-13,2,103,0,0.0
2025-08-13,3,51,2,1613.95
2025-08-13,4,95,1,270.0
2025-08-13,5,47,3,2184.54
2025-08-13,6,42,0,0.0
2025-08-13,7,30,1,296.74
2025-08-13,8,39,2,2940.68
2025-08-13,9,48,2,1265.92
2025-08-13,10,32,0,0.0
2025-08-13,11,18,2,601.97
2025-08-13,12,14,0,0.0
2025-08-14,1,231,4,3415.42
2025-08-14,2,121,4,1268.75
2025-08-14,3,62,2,1572.64
2025-08-14,4,92,3,3957.08
2025-08-14,5,54,3,3326.34
2025-08-14,6,52,0,0.0
2025-08-14,7,32,0,0.0
2025-08-14,8,39,0,0.0
2025-08-14,9,53,1,622.96
2025-08-14,10,33,0,0.0
2025-08-14,11,22,1,274.39
2025-08-14,12,17,0,0.0
2025-08-15,1,290,7,5134.9
2025-08-15,2,141,4,3073.43
2025-08-15,3,71,1,675.32
2025-08-15,4,101,3,917.86
2025-08-15,5,64,1,911.91
2025-08-15,6,62,2,639.18
2025-08-15,7,38,2,1162.7
2025-08-15,8,48,1,321.02
2025-08-15,9,63,0,0.0
2025-08-15,10,45,0,0.0
2025-08-15,11,25,2,1067.82
2025-08-15,12,20,0,0.0
2025-08-16,1,381,8,6203.35
2025-08-16,2,193,4,2251.89
2025-08-16,3,100,3,2715.33
2025-08-16,4,158,4,3570.24
2025-08-16,5,85,5,3480.73
2025-08-16,6,85,4,1229.44
2025-08-16,7,55,0,0.0
2025-08-16,8,69,2,1225.72
2025-08-16,9,79,2,624.28
2025-08-16,10,53,0,0.0
2025-08-16,11,35,0,0.0
2025-08-16,12,27,0,0.0
2025-08-17,1,298,4,1914.61
2025-08-17,2,135,3,2106.87
2025-08-17,3,75,3,1222.13
2025-08-17,4,136,2,1221.72
2025-08-17,5,65,5,4374.84
2025-08-17,6,58,0,0.0
2025-08-17,7,45,1,1402.15
2025-08-17,8,50,2,1486.95
2025-08-17,9,55,1,942.93
2025-08-17,10,45,2,605.53
2025-08-17,11,25,0,0.0
2025-08-17,12,21,0,0.0
2025-08-18,1,403,5,2765.62
2025-08-18,2,189,5,2000.46
2025-08-18,3,114,4,3228.6
2025-08-18,4,175,3,1951.74
2025-08-18,5,90,3,2941.6
2025-08-18,6,86,2,886.62
2025-08-18,7,60,4,2097.87
2025-08-18,8,74,3,1404.82
2025-08-18,9,96,2,1220.91
2025-08-18,10,58,2,1815.28
2025-08-18,11,37,2,2030.12
2025-08-18,12,27,1,634.88
2025-08-19,1,276,12,8746.82
2025-08-19,2,145,3,3731.66
2025-08-19,3,87,1,338.69
2025-08-19,4,146,3,1955.25
2025-08-19,5,84,2,876.05
2025-08-19,6,68,1,294.07
2025-08-19,7,42,3,2202.76
2025-08-19,8,58,1,335.43
2025-08-19,9,70,2,661.08
2025-08-19,10,50,2,817.55
2025-08-19,11,27,0,0.0
2025-08-19,12,24,0,0.0
2025-08-20,1,352,7,5532.92
2025-08-20,2,193,5,3144.7
2025-08-20,3,92,1,267.14
2025-08-20,4,174,3,1920.2
2025-08-20,5,85,4,1615.21
2025-08-20,6,74,3,2723.89
2025-08-20,7,61,3,840.17
2025-08-20,8,72,0,0.0
2025-08-20,9,94,3,3791.93
2025-08-20,10,61,2,1222.03
2025-08-20,11,35,0,0.0
2025-08-20,12,25,0,0.0
2025-08-21,1,303,11,4883.88
2025-08-21,2,155,3,1602.46
2025-08-21,3,78,3,1320.08
2025-08-21,4,129,2,1429.02
2025-08-21,5,68,1,370.96
2025-08-21,6,61,1,1493.25
2025-08-21,7,44,1,610.5
2025-08-21,8,53,1,567.7
2025-08-21,9,63,1,313.4
2025-08-21,10,48,3,3442.74
2025-08-21,11,28,3,1670.59
2025-08-21,12,19,0,0.0
2025-08-22,1,279,6,5218.86
2025-08-22,2,156,4,1941.79
2025-08-22,3,69,1,1029.42
2025-08-22,4,121,3,3713.83
2025-08-22,5,65,2,1662.12
2025-08-22,6,59,2,1895.8
2025-08-22,7,43,0,0.0
2025-08-22,8,52,0,0.0
2025-08-22,9,66,2,1998.68
2025-08-22,10,45,1,535.36
2025-08-22,11,26,1,1295.04
2025-08-22,12,19,1,571.04
2025-08-23,1,333,7,4055.38
2025-08-23,2,206,5,3434.21
2025-08-23,3,97,2,1860.4
2025-08-23,4,153,2,2171.14
2025-08-23,5,88,2,924.27
2025-08-23,6,80,0,0.0
2025-08-23,7,54,2,2146.22
2025-08-23,8,67,2,2125.8
2025-08-23,9,84,3,4904.93
2025-08-23,10,59,2,1395.95
2025-08-23,11,30,0,0.0
2025-08-23,12,25,0,0.0
2025-08-24,1,224,10,7365.94
2025-08-24,2,131,1,1198.6
2025-08-24,3,66,1,878.46
2025-08-24,4,113,2,593.46
2025-08-24,5,64,1,837.66
2025-08-24,6,48,0,0.0
2025-08-24,7,37,2,1183.77
2025-08-24,8,45,2,838.48
2025-08-24,9,55,1,1194.28
2025-08-24,10,38,0,0.0
2025-08-24,11,22,1,225.67
2025-08-24,12,16,0,0.0
2025-08-25,1,274,10,6062.94
2025-08-25,2,144,3,2323.54
2025-08-25,3,75,3,2472.54
2025-08-25,4,122,3,2803.54
2025-08-25,5,71,0,0.0
2025-08-25,6,59,1,926.16
2025-08-25,7,45,1,574.34
2025-08-25,8,53,0,0.0
2025-08-25,9,61,2,624.18
2025-08-25,10,48,1,550.42
2025-08-25,11,24,1,253.39
2025-08-25,12,20,0,0.0
2025-08-26,1,281,7,3077.29
2025-08-26,2,162,0,0.0
2025-08-26,3,85,3,3069.04
2025-08-26,4,118,1,303.14
2025-08-26,5,72,4,2992.98
2025-08-26,6,72,2,1878.36
2025-08-26,7,43,1,248.15
2025-08-26,8,55,0,0.0
2025-08-26,9,68,2,2205.91
2025-08-26,10,47,2,1920.34
2025-08-26,11,30,0,0.0
2025-08-26,12,23,1,900.06
2025-08-27,1,286,11,7419.78
2025-08-27,2,159,8,5929.59
2025-08-27,3,91,1,254.62
2025-08-27,4,135,4,2529.79
2025-08-27,5,79,1,254.7
2025-08-27,6,63,1,314.32
2025-08-27,7,51,0,0.0
2025-08-27,8,61,1,285.91
2025-08-27,9,68,1,1349.16
2025-08-27,10,53,1,331.64
2025-08-27,11,27,1,274.7
2025-08-27,12,24,1,1021.68
2025-08-28,1,262,13,7159.93
2025-08-28,2,132,3,2660.4
2025-08-28,3,65,4,2702.83
2025-08-28,4,105,4,2469.66
2025-08-28,5,57,3,4134.16
2025-08-28,6,56,3,1937.37
2025-08-28,7,33,0,0.0
2025-08-28,8,44,0,0.0
2025-08-28,9,57,0,0.0
2025-08-28,10,38,1,871.56
2025-08-28,11,25,1,312.12
2025-08-28,12,16,0,0.0
2025-08-29,1,241,6,6561.87
2025-08-29,2,126,3,3148.85
2025-08-29,3,61,3,1044.04
2025-08-29,4,121,2,783.64
2025-08-29,5,56,2,1783.06
2025-08-29,6,55,1,291.85
2025-08-29,7,43,1,337.14
2025-08-29,8,50,4,1704.96
2025-08-29,9,58,1,284.59
2025-08-29,10,39,0,0.0
2025-08-29,11,23,0,0.0
2025-08-29,12,19,2,1234.42
2025-08-30,1,296,6,2218.66
2025-08-30,2,134,4,3224.17
2025-08-30,3,61,1,1430.56
2025-08-30,4,128,5,3800.15
2025-08-30,5,66,1,260.3
2025-08-30,6,58,1,323.72
2025-08-30,7,39,1,244.36
2025-08-30,8,47,2,658.57
2025-08-30,9,54,2,653.61
2025-08-30,10,44,1,960.39
2025-08-30,11,25,1,942.42
2025-08-30,12,19,1,1097.0
2025-08-31,1,171,4,1204.04
2025-08-31,2,104,6,3473.0
2025-08-31,3,50,2,1438.01
2025-08-31,4,83,2,1642.6
2025-08-31,5,43,0,0.0
2025-08-31,6,40,3,1823.16
2025-08-31,7,27,3,2821.58
2025-08-31,8,36,1,1194.32
2025-08-31,9,40,1,937.52
2025-08-31,10,27,1,941.12
2025-08-31,11,17,0,0.0
2025-08-31,12,13,0,0.0
2025-09-01,1,271,4,2211.42
2025-09-01,2,140,5,2516.59
2025-09-01,3,78,2,1961.55
2025-09-01,4,74,2,1591.83
2025-09-01,5,57,2,1505.01
2025-09-01,6,55,0,0.0
2025-09-01,7,44,0,0.0
2025-09-01,8,47,1,1287.08
2025-09-01,9,72,1,1149.04
2025-09-01,10,42,1,300.92
2025-09-01,11,28,3,2818.1
2025-09-01,12,17,0,0.0
2025-09-02,1,265,5,3029.36
2025-09-02,2,139,2,564.72
2025-09-02,3,80,4,2707.19
2025-09-02,4,86,1,1313.88
2025-09-02,5,60,3,2109.48
2025-09-02,6,56,2,1183.98
2025-09-02,7,50,0,0.0
2025-09-02,8,44,0,0.0
2025-09-02,9,70,2,1319.76
2025-09-02,10,43,1,615.9
2025-09-02,11,29,2,2816.32
2025-09-02,12,18,2,1132.34
2025-09-03,1,309,9,6678.01
2025-09-03,2,186,3,2258.57
2025-09-03,3,97,0,0.0
2025-09-03,4,105,4,3153.51
2025-09-03,5,61,3,1276.39
2025-09-03,6,73,1,351.58
2025-09-03,7,59,3,1613.19
2025-09-03,8,50,0,0.0
2025-09-03,9,86,2,2089.21
2025-09-03,10,65,0,0.0
2025-09-03,11,32,4,3002.56
2025-09-03,12,22,1,241.12
2025-09-04,1,343,10,5540.96
2025-09-04,2,191,0,0.0
2025-09-04,3,93,3,1979.19
2025-09-04,4,106,2,1293.74
2025-09-04,5,61,2,927.56
2025-09-04,6,71,1,319.56
2025-09-04,7,56,1,337.7
2025-09-04,8,59,3,1090.99
2025-09-04,9,87,4,1729.26
2025-09-04,10,63,3,1858.62
2025-09-04,11,36,2,859.87
2025-09-04,12,22,1,334.49
2025-09-05,1,256,7,4690.51
2025-09-05,2,131,2,2092.92
2025-09-05,3,72,4,1875.07
2025-09-05,4,92,1,860.73
2025-09-05,5,53,1,304.73
2025-09-05,6,52,2,1279.56
2025-09-05,7,45,4,2559.34
2025-09-05,8,45,4,1263.38
2025-09-05,9,61,1,228.34
2025-09-05,10,47,0,0.0
2025-09-05,11,28,0,0.0
2025-09-05,12,18,1,303.56
2025-09-06,1,411,9,4800.85
2025-09-06,2,207,7,3319.28
2025-09-06,3,120,2,815.57
2025-09-06,4,122,4,3900.02
2025-09-06,5,80,0,0.0
2025-09-06,6,95,3,1459.57
2025-09-06,7,65,3,3157.39
2025-09-06,8,72,3,3767.74
2025-09-06,9,96,1,1202.95
2025-09-06,10,76,0,0.0
2025-09-06,11,39,1,331.52
2025-09-06,12,28,1,1255.9
2025-09-07,1,265,7,3759.15
2025-09-07,2,142,1,696.42
2025-09-07,3,70,1,247.82
2025-09-07,4,89,3,2677.89
2025-09-07,5,55,2,2543.76
2025-09-07,6,57,4,3194.33
2025-09-07,7,47,0,0.0
2025-09-07,8,44,2,1373.17
2025-09-07,9,61,1,825.57
2025-09-07,10,42,2,1534.95
2025-09-07,11,27,2,1249.52
2025-09-07,12,17,1,1253.95
2025-09-08,1,243,2,829.12
2025-09-08,2,132,4,2698.4
2025-09-08,3,64,3,1651.08
2025-09-08,4,67,1,628.1
2025-09-08,5,49,1,277.71
2025-09-08,6,48,3,1942.5
2025-09-08,7,42,3,794.73
2025-09-08,8,41,0,0.0
2025-09-08,9,58,1,3016.17
2025-09-08,10,42,0,0.0
2025-09-08,11,25,0,0.0
2025-09-08,12,17,0,0.0
2025-09-09,1,147,13,7295.71
2025-09-09,2,77,1,1089.88
2025-09-09,3,40,0,0.0
2025-09-09,4,49,1,1014.15
2025-09-09,5,30,2,1520.04
2025-09-09,6,31,1,994.02
2025-09-09,7,29,0,0.0
2025-09-09,8,27,2,1618.81
2025-09-09,9,37,0,0.0
2025-09-09,10,25,0,0.0
2025-09-09,11,16,0,0.0
2025-09-09,12,10,0,0.0
2025-09-10,1,394,7,4808.54
2025-09-10,2,186,6,2938.29
2025-09-10,3,92,5,3826.72
2025-09-10,4,110,2,1168.98
2025-09-10,5,74,2,2404.31
2025-09-10,6,74,3,3232.67
2025-09-10,7,65,1,706.5
2025-09-10,8,69,2,1459.63
2025-09-10,9,78,2,3186.16
2025-09-10,10,60,1,813.93
2025-09-10,11,39,2,1019.67
2025-09-10,12,23,2,1967.84
2025-09-11,1,302,8,7092.96
2025-09-11,2,138,5,3924.66
2025-09-11,3,79,1,649.82
2025-09-11,4,82,3,2230.75
2025-09-11,5,59,1,1190.2
2025-09-11,6,52,0,0.0
2025-09-11,7,47,1,2092.72
2025-09-11,8,48,1,331.68
2025-09-11,9,72,0,0.0
2025-09-11,10,51,1,334.48
2025-09-11,11,29,2,882.71
2025-09-11,12,20,2,2423.82
2025-09-12,1,287,8,4752.16
2025-09-12,2,165,9,5435.85
2025-09-12,3,87,1,662.52
2025-09-12,4,94,2,1370.81
2025-09-12,5,64,1,671.84
2025-09-12,6,60,2,858.49
2025-09-12,7,51,1,939.84
2025-09-12,8,54,1,304.77
2025-09-12,9,73,3,1530.53
2025-09-12,10,50,1,739.29
2025-09-12,11,31,1,336.36
2025-09-12,12,18,2,890.1
2025-09-13,1,386,12,9767.38
2025-09-13,2,182,1,359.31
2025-09-13,3,94,2,886.0
2025-09-13,4,116,1,1439.1
2025-09-13,5,82,2,859.34
2025-09-13,6,76,2,623.33
2025-09-13,7,65,0,0.0
2025-09-13,8,66,1,575.64
2025-09-13,9,91,2,851.97
2025-09-13,10,66,3,1652.32
2025-09-13,11,38,2,1577.85
2025-09-13,12,24,0,0.0
2025-09-14,1,380,9,8292.58
2025-09-14,2,210,4,1909.49
2025-09-14,3,100,3,1423.48
2025-09-14,4,116,7,5449.89
2025-09-14,5,76,1,815.13
2025-09-14,6,88,1,2488.86
2025-09-14,7,69,0,0.0
2025-09-14,8,63,1,317.04
2025-09-14,9,77,1,281.27
2025-09-14,10,67,3,1467.51
2025-09-14,11,37,2,510.09
2025-09-14,12,22,0,0.0
2025-09-15,1,282,6,2036.18
2025-09-15,2,165,3,1816.85
2025-09-15,3,83,2,897.97
2025-09-15,4,87,2,1138.6
2025-09-15,5,61,2,1288.15
2025-09-15,6,61,1,339.74
2025-09-15,7,53,3,2032.47
2025-09-15,8,51,2,1299.61
2025-09-15,9,72,3,1065.35
2025-09-15,10,48,1,1406.56
2025-09-15,11,31,0,0.0
2025-09-15,12,17,0,0.0
2025-09-16,1,266,6,4894.43
2025-09-16,2,124,3,1699.96
2025-09-16,3,71,3,3329.13
2025-09-16,4,77,2,784.56
2025-09-16,5,45,1,301.21
2025-09-16,6,46,4,4141.21
2025-09-16,7,44,0,0.0
2025-09-16,8,41,0,0.0
2025-09-16,9,55,4,1196.6
2025-09-16,10,43,2,1005.85
2025-09-16,11,26,2,690.11
2025-09-16,12,16,0,0.0
2025-09-17,1,273,4,2540.12
2025-09-17,2,124,5,2939.88
2025-09-17,3,68,2,570.83
2025-09-17,4,76,1,279.51
2025-09-17,5,59,2,1547.31
2025-09-17,6,49,1,1159.04
2025-09-17,7,46,2,614.13
2025-09-17,8,47,0,0.0
2025-09-17,9,60,3,2740.86
2025-09-17,10,43,0,0.0
2025-09-17,11,29,1,304.46
2025-09-17,12,17,3,1441.95
2025-09-18,1,399,8,6238.96
2025-09-18,2,207,11,7676.44
2025-09-18,3,102,3,1638.07
2025-09-18,4,111,3,1684.75
2025-09-18,5,75,1,524.7
2025-09-18,6,72,4,3038.87
2025-09-18,7,70,2,1164.42
2025-09-18,8,59,0,0.0
2025-09-18,9,93,1,670.04
2025-09-18,10,71,2,1881.7
2025-09-18,11,33,1,536.44
2025-09-18,12,24,1,376.54
2025-09-19,1,339,7,2895.74
2025-09-19,2,195,5,3896.56
2025-09-19,3,104,3,2441.21
2025-09-19,4,108,2,1458.46
2025-09-19,5,79,3,3245.9
2025-09-19,6,74,3,2577.2
2025-09-19,7,63,0,0.0
2025-09-19,8,62,2,1594.34
2025-09-19,9,92,3,3776.24
2025-09-19,10,64,2,810.99
2025-09-19,11,37,1,283.86
2025-09-19,12,22,0,0.0
2025-09-20,1,335,10,3337.94
2025-09-20,2,174,4,1504.15
2025-09-20,3,88,0,0.0
2025-09-20,4,106,1,582.36
2025-09-20,5,68,2,531.64
2025-09-20,6,66,2,820.85
2025-09-20,7,57,0,0.0
2025-09-20,8,52,3,1852.76
2025-09-20,9,78,2,2084.09
2025-09-20,10,56,2,1478.81
2025-09-20,11,35,2,1927.68
2025-09-20,12,21,2,1746.33
2025-09-21,1,205,8,4436.38
2025-09-21,2,117,3,1846.08
2025-09-21,3,58,3,1482.22
2025-09-21,4,62,3,761.58
2025-09-21,5,45,0,0.0
2025-09-21,6,51,0,0.0
2025-09-21,7,38,0,0.0
2025-09-21,8,34,0,0.0
2025-09-21,9,50,3,2083.12
2025-09-21,10,35,1,856.74
2025-09-21,11,21,0,0.0
2025-09-21,12,15,0,0.0
2025-09-22,1,380,9,5742.65
2025-09-22,2,224,4,4241.53
2025-09-22,3,105,3,2272.65
2025-09-22,4,126,3,1218.22
2025-09-22,5,83,4,1348.35
2025-09-22,6,86,0,0.0
2025-09-22,7,65,1,623.84
2025-09-22,8,63,0,0.0
2025-09-22,9,92,4,2026.23
2025-09-22,10,70,3,1388.0
2025-09-22,11,40,0,0.0
2025-09-22,12,26,2,835.51
2025-09-23,1,240,4,2931.8
2025-09-23,2,120,2,570.22
2025-09-23,3,53,0,0.0
2025-09-23,4,67,2,2671.8
2025-09-23,5,51,0,0.0
2025-09-23,6,47,0,0.0
2025-09-23,7,39,4,1196.65
2025-09-23,8,35,1,262.46
2025-09-23,9,57,4,2893.6
2025-09-23,10,39,1,261.65
2025-09-23,11,23,1,501.5
2025-09-23,12,15,0,0.0
2025-09-24,1,369,7,5345.74
2025-09-24,2,175,3,1057.11
2025-09-24,3,100,4,2301.03
2025-09-24,4,106,5,2677.6
2025-09-24,5,71,1,505.28
2025-09-24,6,70,4,3498.91
2025-09-24,7,65,0,0.0
2025-09-24,8,64,0,0.0
2025-09-24,9,91,5,3467.53
2025-09-24,10,63,2,501.08
2025-09-24,11,37,0,0.0
2025-09-24,12,27,1,370.86
2025-09-25,1,272,6,3414.56
2025-09-25,2,159,5,1808.91
2025-09-25,3,83,2,1398.01
2025-09-25,4,92,3,2031.6
2025-09-25,5,60,1,367.58
2025-09-25,6,64,2,1312.56
2025-09-25,7,48,1,221.93
2025-09-25,8,46,0,0.0
2025-09-25,9,65,3,1713.96
2025-09-25,10,45,1,1200.48
2025-09-25,11,31,3,2130.85
2025-09-25,12,20,1,1451.68
2025-09-26,1,436,10,6434.26
2025-09-26,2,202,6,3746.93
2025-09-26,3,122,6,4628.46
2025-09-26,4,126,1,278.89
2025-09-26,5,81,1,532.44
2025-09-26,6,97,1,219.64
2025-09-26,7,69,0,0.0
2025-09-26,8,72,0,0.0
2025-09-26,9,93,3,2828.54
2025-09-26,10,72,1,688.58
2025-09-26,11,45,1,263.75
2025-09-26,12,31,0,0.0
2025-09-27,1,312,5,2810.51
2025-09-27,2,172,5,4006.59
2025-09-27,3,85,0,0.0
2025-09-27,4,100,6,2654.19
2025-09-27,5,70,2,1195.31
2025-09-27,6,61,0,0.0
2025-09-27,7,58,1,267.18
2025-09-27,8,51,4,2890.4
2025-09-27,9,79,0,0.0
2025-09-27,10,55,1,1392.8
2025-09-27,11,32,1,252.79
2025-09-27,12,22,1,685.59
2025-09-28,1,311,6,5280.83
2025-09-28,2,142,6,4910.14
2025-09-28,3,77,3,2161.62
2025-09-28,4,102,2,735.27
2025-09-28,5,63,0,0.0
2025-09-28,6,61,2,1562.77
2025-09-28,7,53,2,1386.42
2025-09-28,8,50,2,1480.77
2025-09-28,9,70,4,2055.06
2025-09-28,10,47,2,2358.2
2025-09-28,11,31,1,278.95
2025-09-28,12,19,0,0.0
2025-09-29,1,266,5,2554.56
2025-09-29,2,121,6,3398.55
2025-09-29,3,68,1,448.96
2025-09-29,4,70,2,809.09
2025-09-29,5,47,0,0.0
2025-09-29,6,48,2,1275.08
2025-09-29,7,45,5,2099.19
2025-09-29,8,43,1,985.24
2025-09-29,9,61,3,1632.01
2025-09-29,10,45,0,0.0
2025-09-29,11,25,1,208.4
2025-09-29,12,15,0,0.0
2025-09-30,1,256,8,3523.33
2025-09-30,2,136,7,3784.73
2025-09-30,3,69,1,517.92
2025-09-30,4,85,3,993.68
2025-09-30,5,50,0,0.0
2025-09-30,6,47,1,680.67
2025-09-30,7,45,0,0.0
2025-09-30,8,44,1,930.4
2025-09-30,9,57,0,0.0
2025-09-30,10,42,2,1004.02
2025-09-30,11,26,1,1279.68
2025-09-30,12,15,0,0.0
2025-10-01,1,160,4,1961.65
2025-10-01,2,83,6,3858.01
2025-10-01,3,48,1,1153.04
2025-10-01,4,56,1,1033.4
2025-10-01,5,33,2,923.22
2025-10-01,6,30,1,777.27
2025-10-01,7,30,0,0.0
2025-10-01,8,26,2,1039.24
2025-10-01,9,41,1,236.08
2025-10-01,10,28,2,1426.84
2025-10-01,11,17,3,1688.79
2025-10-01,12,11,0,0.0
2025-10-02,1,218,8,7368.39
2025-10-02,2,121,2,1986.29
2025-10-02,3,60,2,804.44
2025-10-02,4,76,3,1346.45
2025-10-02,5,47,1,478.88
2025-10-02,6,45,1,217.5
2025-10-02,7,36,3,1512.16
2025-10-02,8,40,1,534.3
2025-10-02,9,52,0,0.0
2025-10-02,10,35,0,0.0
2025-10-02,11,23,0,0.0
2025-10-02,12,13,1,308.46
2025-10-03,1,300,5,1547.35
2025-10-03,2,146,5,1994.8
2025-10-03,3,89,2,1915.78
2025-10-03,4,89,2,583.62
2025-10-03,5,62,0,0.0
2025-10-03,6,64,0,0.0
2025-10-03,7,49,1,231.85
2025-10-03,8,52,4,3755.65
2025-10-03,9,77,3,1642.35
2025-10-03,10,49,1,185.58
2025-10-03,11,30,0,0.0
2025-10-03,12,21,1,496.32
2025-10-04,1,511,13,9341.7
2025-10-04,2,263,6,3371.19
2025-10-04,3,132,6,4538.14
2025-10-04,4,144,2,1853.3
2025-10-04,5,102,4,1868.36
2025-10-04,6,95,1,300.62
2025-10-04,7,93,0,0.0
2025-10-04,8,84,2,562.38
2025-10-04,9,137,2,924.44
2025-10-04,10,102,2,786.91
2025-10-04,11,53,1,226.79
2025-10-04,12,36,0,0.0
2025-10-05,1,338,9,3900.59
2025-10-05,2,163,3,1101.41
2025-10-05,3,81,2,744.14
2025-10-05,4,95,4,2208.11
2025-10-05,5,59,0,0.0
2025-10-05,6,64,4,2096.78
2025-10-05,7,62,2,1653.98
2025-10-05,8,55,2,1990.68
2025-10-05,9,80,1,1198.8
2025-10-05,10,62,0,0.0
2025-10-05,11,33,1,301.52
2025-10-05,12,22,1,517.74
2025-10-06,1,192,6,2502.19
2025-10-06,2,112,8,4142.9
2025-10-06,3,55,3,1974.27
2025-10-06,4,63,2,2027.85
2025-10-06,5,42,0,0.0
2025-10-06,6,40,1,951.84
2025-10-06,7,33,0,0.0
2025-10-06,8,34,2,882.1
2025-10-06,9,47,1,239.67
2025-10-06,10,34,2,2655.09
2025-10-06,11,21,0,0.0
2025-10-06,12,13,1,250.53
2025-10-07,1,282,10,4959.91
2025-10-07,2,148,5,2930.49
2025-10-07,3,67,2,510.28
2025-10-07,4,76,0,0.0
2025-10-07,5,52,0,0.0
2025-10-07,6,50,1,824.76
2025-10-07,7,44,1,655.05
2025-10-07,8,51,0,0.0
2025-10-07,9,67,1,262.62
2025-10-07,10,48,2,1638.56
2025-10-07,11,28,1,914.52
2025-10-07,12,19,0,0.0
2025-10-08,1,321,13,6650.49
2025-10-08,2,163,3,2649.02
2025-10-08,3,89,2,1346.24
2025-10-08,4,88,5,2910.45
2025-10-08,5,67,2,1096.5
2025-10-08,6,68,2,1113.49
2025-10-08,7,49,1,581.48
2025-10-08,8,52,1,623.04
2025-10-08,9,74,3,2326.68
2025-10-08,10,52,0,0.0
2025-10-08,11,32,0,0.0
2025-10-08,12,22,0,0.0
2025-10-09,1,347,5,1673.84
2025-10-09,2,163,4,3876.89
2025-10-09,3,77,3,1828.9
2025-10-09,4,92,2,830.34
2025-10-09,5,72,3,1884.94
2025-10-09,6,62,1,554.54
2025-10-09,7,51,1,696.54
2025-10-09,8,55,0,0.0
2025-10-09,9,76,6,4012.19
2025-10-09,10,50,1,251.76
2025-10-09,11,33,1,267.3
2025-10-09,12,21,0,0.0
2025-10-10,1,224,5,3186.36
2025-10-10,2,103,4,3958.87
2025-10-10,3,59,2,1676.16
2025-10-10,4,61,1,978.52
2025-10-10,5,46,1,210.73
2025-10-10,6,41,0,0.0
2025-10-10,7,35,1,631.92
2025-10-10,8,36,0,0.0
2025-10-10,9,54,0,0.0
2025-10-10,10,35,1,226.63
2025-10-10,11,21,1,996.68
2025-10-10,12,14,1,891.8
2025-10-11,1,196,5,2528.1
2025-10-11,2,106,3,1840.33
2025-10-11,3,54,2,996.14
2025-10-11,4,63,3,2057.94
2025-10-11,5,43,4,1758.61
2025-10-11,6,44,3,1593.44
2025-10-11,7,38,0,0.0
2025-10-11,8,39,1,1387.38
2025-10-11,9,50,0,0.0
2025-10-11,10,36,0,0.0
2025-10-11,11,20,0,0.0
2025-10-11,12,14,1,259.36
2025-10-12,1,304,10,6645.51
2025-10-12,2,170,4,1832.09
2025-10-12,3,85,1,259.64
2025-10-12,4,90,4,1967.86
2025-10-12,5,65,0,0.0
2025-10-12,6,60,0,0.0
2025-10-12,7,49,2,772.42
2025-10-12,8,52,1,790.17
2025-10-12,9,63,2,1386.5
2025-10-12,10,54,1,1024.08
2025-10-12,11,30,0,0.0
2025-10-12,12,21,1,255.53
2025-10-13,1,368,11,7332.08
2025-10-13,2,185,5,1674.3
2025-10-13,3,92,4,2278.16
2025-10-13,4,103,3,2755.99
2025-10-13,5,75,2,1140.12
2025-10-13,6,65,2,487.89
2025-10-13,7,58,3,697.96
2025-10-13,8,64,1,203.85
2025-10-13,9,82,3,2273.15
2025-10-13,10,60,2,1626.7
2025-10-13,11,35,0,0.0
2025-10-13,12,22,2,1110.75
2025-10-14,1,253,9,6231.85
2025-10-14,2,132,3,919.79
2025-10-14,3,70,3,2353.88
2025-10-14,4,80,1,831.75
2025-10-14,5,57,1,436.1
2025-10-14,6,55,0,0.0
2025-10-14,7,42,2,1019.85
2025-10-14,8,47,0,0.0
2025-10-14,9,61,0,0.0
2025-10-14,10,43,2,698.09
2025-10-14,11,25,1,599.43
2025-10-14,12,17,0,0.0
2025-10-15,1,231,9,5899.51
2025-10-15,2,133,2,2295.48
2025-10-15,3,61,1,248.33
2025-10-15,4,65,1,531.02
2025-10-15,5,46,0,0.0
2025-10-15,6,42,1,638.88
2025-10-15,7,36,2,930.74
2025-10-15,8,41,0,0.0
2025-10-15,9,54,0,0.0
2025-10-15,10,41,0,0.0
2025-10-15,11,23,0,0.0
2025-10-15,12,14,0,0.0
2025-10-16,1,341,8,3640.97
2025-10-16,2,203,1,375.02
2025-10-16,3,97,1,815.46
2025-10-16,4,109,2,1487.0
2025-10-16,5,72,0,0.0
2025-10-16,6,78,2,2347.59
2025-10-16,7,64,0,0.0
2025-10-16,8,63,3,1663.8
2025-10-16,9,93,2,389.77
2025-10-16,10,60,2,723.51
2025-10-16,11,37,2,410.3
2025-10-16,12,25,2,1293.04
2025-10-17,1,335,10,6385.56
2025-10-17,2,177,4,2421.07
2025-10-17,3,81,1,207.23
2025-10-17,4,104,2,853.71
2025-10-17,5,66,1,560.34
2025-10-17,6,65,0,0.0
2025-10-17,7,52,2,517.02
2025-10-17,8,52,2,443.56
2025-10-17,9,79,2,791.31
2025-10-17,10,54,2,1831.12
2025-10-17,11,33,0,0.0
2025-10-17,12,21,0,0.0
2025-10-18,1,194,10,4572.82
2025-10-18,2,94,1,244.71
2025-10-18,3,56,1,528.96
2025-10-18,4,62,3,2042.39
2025-10-18,5,43,1,278.04
2025-10-18,6,40,2,705.9
2025-10-18,7,37,0,0.0
2025-10-18,8,41,1,1034.24
2025-10-18,9,50,0,0.0
2025-10-18,10,31,1,437.08
2025-10-18,11,20,1,259.07
2025-10-18,12,12,1,586.47
2025-10-19,1,205,7,3974.9
2025-10-19,2,124,7,1787.55
2025-10-19,3,64,4,3005.17
2025-10-19,4,75,3,1407.85
2025-10-19,5,54,1,187.08
2025-10-19,6,45,1,424.18
2025-10-19,7,41,0,0.0
2025-10-19,8,38,3,1557.39
2025-10-19,9,55,1,843.68
2025-10-19,10,45,1,233.09
2025-10-19,11,23,2,1558.42
2025-10-19,12,16,0,0.0
2025-10-20,1,355,10,5897.73
2025-10-20,2,166,4,2168.71
2025-10-20,3,87,2,717.1
2025-10-20,4,102,2,1876.26
2025-10-20,5,73,2,1333.88
2025-10-20,6,68,1,475.04
2025-10-20,7,57,2,440.31
2025-10-20,8,55,5,2970.23
2025-10-20,9,74,1,286.62
2025-10-20,10,56,0,0.0
2025-10-20,11,31,1,365.0
2025-10-20,12,21,0,0.0
2025-10-21,1,248,7,4704.02
2025-10-21,2,141,3,1202.07
2025-10-21,3,67,1,847.86
2025-10-21,4,83,3,3600.1
2025-10-21,5,52,1,285.66
2025-10-21,6,52,0,0.0
2025-10-21,7,46,1,192.03
2025-10-21,8,42,1,247.27
2025-10-21,9,63,2,711.31
2025-10-21,10,41,0,0.0
2025-10-21,11,29,2,460.4
2025-10-21,12,16,0,0.0
2025-10-22,1,302,9,5793.0
2025-10-22,2,139,4,1414.14
2025-10-22,3,81,1,1004.85
2025-10-22,4,95,2,1143.27
2025-10-22,5,60,0,0.0
2025-10-22,6,60,1,594.12
2025-10-22,7,45,1,219.0
2025-10-22,8,44,0,0.0
2025-10-22,9,68,1,248.42
2025-10-22,10,52,2,2687.46
2025-10-22,11,28,1,1138.56
2025-10-22,12,18,0,0.0
2025-10-23,1,131,4,1993.75
2025-10-23,2,63,4,2120.31
2025-10-23,3,36,1,920.0
2025-10-23,4,41,1,1060.44
2025-10-23,5,25,0,0.0
2025-10-23,6,23,0,0.0
2025-10-23,7,22,2,480.08
2025-10-23,8,21,0,0.0
2025-10-23,9,30,1,237.36
2025-10-23,10,22,1,1296.78
2025-10-23,11,13,0,0.0
2025-10-23,12,8,0,0.0
2025-10-24,1,168,4,1605.12
2025-10-24,2,85,2,1174.01
2025-10-24,3,51,1,387.32
2025-10-24,4,51,3,2237.1
2025-10-24,5,37,2,1151.65
2025-10-24,6,38,2,2352.9
2025-10-24,7,29,1,421.94
2025-10-24,8,26,1,766.95
2025-10-24,9,43,0,0.0
2025-10-24,10,25,0,0.0
2025-10-24,11,17,0,0.0
2025-10-24,12,12,0,0.0
2025-10-25,1,237,7,3312.26
2025-10-25,2,138,2,1170.21
2025-10-25,3,76,1,959.64
2025-10-25,4,80,3,713.24
2025-10-25,5,44,0,0.0
2025-10-25,6,51,0,0.0
2025-10-25,7,38,1,690.48
2025-10-25,8,43,3,1606.42
2025-10-25,9,61,0,0.0
2025-10-25,10,43,0,0.0
2025-10-25,11,22,1,638.44
2025-10-25,12,16,1,173.9
2025-10-26,1,139,4,1880.73
2025-10-26,2,72,2,396.7
2025-10-26,3,39,3,702.76
2025-10-26,4,43,4,1711.7
2025-10-26,5,27,1,211.75
2025-10-26,6,27,1,441.04
2025-10-26,7,23,0,0.0
2025-10-26,8,24,1,916.48
2025-10-26,9,37,1,225.23
2025-10-26,10,24,1,296.22
2025-10-26,11,13,0,0.0
2025-10-26,12,11,0,0.0
2025-10-27,1,193,3,691.58
2025-10-27,2,105,4,2842.11
2025-10-27,3,51,1,424.66
2025-10-27,4,59,1,260.3
2025-10-27,5,38,0,0.0
2025-10-27,6,42,1,805.16
2025-10-27,7,32,2,445.82
2025-10-27,8,30,0,0.0
2025-10-27,9,46,3,1442.78
2025-10-27,10,35,3,1568.31
2025-10-27,11,18,0,0.0
2025-10-27,12,13,0,0.0
2025-10-28,1,350,9,5648.85
2025-10-28,2,191,4,1844.33
2025-10-28,3,101,2,907.42
2025-10-28,4,114,1,439.16
2025-10-28,5,67,2,391.99
2025-10-28,6,73,4,2604.62
2025-10-28,7,73,2,474.87
2025-10-28,8,53,2,482.61
2025-10-28,9,81,1,228.55
2025-10-28,10,65,1,168.89
2025-10-28,11,38,0,0.0
2025-10-28,12,25,0,0.0
2025-10-29,1,255,6,3676.4
2025-10-29,2,165,5,2020.83
2025-10-29,3,80,2,748.9
2025-10-29,4,92,1,226.48
2025-10-29,5,57,1,467.86
2025-10-29,6,63,2,1073.72
2025-10-29,7,49,0,0.0
2025-10-29,8,48,1,876.81
2025-10-29,9,74,1,390.78
2025-10-29,10,52,3,1563.32
2025-10-29,11,30,2,461.69
2025-10-29,12,21,1,231.91
2025-10-30,1,152,5,1573.23
2025-10-30,2,71,0,0.0
2025-10-30,3,35,1,231.67
2025-10-30,4,43,2,648.98
2025-10-30,5,28,0,0.0
2025-10-30,6,28,0,0.0
2025-10-30,7,22,2,1386.26
2025-10-30,8,25,0,0.0
2025-10-30,9,34,1,203.41
2025-10-30,10,23,2,801.79
2025-10-30,11,12,0,0.0
2025-10-30,12,9,0,0.0
2025-10-31,1,262,6,2862.19
2025-10-31,2,125,3,1284.88
2025-10-31,3,70,1,189.01
2025-10-31,4,77,0,0.0
2025-10-31,5,55,2,748.39
2025-10-31,6,49,1,593.98
2025-10-31,7,47,0,0.0
2025-10-31,8,48,3,1695.8
2025-10-31,9,60,4,1120.58
2025-10-31,10,44,1,773.46
2025-10-31,11,26,1,479.48
2025-10-31,12,17,0,0.0
2025-11-01,1,324,8,3749.39
2025-11-01,2,153,1,685.62
2025-11-01,3,81,0,0.0
2025-11-01,4,91,1,483.02
2025-11-01,5,56,0,0.0
2025-11-01,6,64,0,0.0
2025-11-01,7,57,1,580.14
2025-11-01,8,52,0,0.0
2025-11-01,9,69,6,2400.56
2025-11-01,10,51,0,0.0
2025-11-01,11,32,0,0.0
2025-11-01,12,21,1,872.44
2025-11-02,1,256,3,830.64
2025-11-02,2,136,6,2731.14
2025-11-02,3,64,2,1423.16
2025-11-02,4,76,2,428.6
2025-11-02,5,56,0,0.0
2025-11-02,6,51,3,2272.02
2025-11-02,7,41,0,0.0
2025-11-02,8,44,0,0.0
2025-11-02,9,61,2,1108.2
2025-11-02,10,45,2,406.4
2025-11-02,11,27,1,582.81
2025-11-02,12,18,0,0.0
2025-11-03,1,154,5,1366.47
2025-11-03,2,92,4,2177.0
2025-11-03,3,47,2,1688.76
2025-11-03,4,56,1,424.68
2025-11-03,5,37,0,0.0
2025-11-03,6,35,1,568.18
2025-11-03,7,30,0,0.0
2025-11-03,8,30,1,790.72
2025-11-03,9,38,0,0.0
2025-11-03,10,29,1,342.16
2025-11-03,11,16,0,0.0
2025-11-03,12,11,0,0.0
2025-11-04,1,183,5,2449.85
2025-11-04,2,89,3,1092.43
2025-11-04,3,53,1,209.43
2025-11-04,4,56,4,3073.15
2025-11-04,5,39,1,710.92
2025-11-04,6,38,0,0.0
2025-11-04,7,31,4,2146.42
2025-11-04,8,34,1,187.37
2025-11-04,9,44,1,156.79
2025-11-04,10,32,2,966.75
2025-11-04,11,18,0,0.0
2025-11-04,12,12,0,0.0
2025-11-05,1,214,6,3016.51
2025-11-05,2,99,6,2558.19
2025-11-05,3,55,1,207.44
2025-11-05,4,68,1,920.88
2025-11-05,5,47,0,0.0
2025-11-05,6,43,1,153.72
2025-11-05,7,37,1,228.09
2025-11-05,8,39,0,0.0
2025-11-05,9,48,1,225.71
2025-11-05,10,37,1,252.84
2025-11-05,11,23,1,598.95
2025-11-05,12,16,2,696.68
2025-11-06,1,196,5,1674.96
2025-11-06,2,115,4,2689.06
2025-11-06,3,59,2,967.91
2025-11-06,4,68,0,0.0
2025-11-06,5,42,2,1223.98
2025-11-06,6,44,0,0.0
2025-11-06,7,43,0,0.0
2025-11-06,8,41,2,1171.25
2025-11-06,9,59,1,162.89
2025-11-06,10,39,1,1509.69
2025-11-06,11,22,0,0.0
2025-11-06,12,14,0,0.0
2025-11-07,1,344,5,2765.1
2025-11-07,2,186,6,3512.79
2025-11-07,3,113,1,424.62
2025-11-07,4,106,3,1125.62
2025-11-07,5,77,0,0.0
2025-11-07,6,67,1,911.7
2025-11-07,7,60,2,1241.04
2025-11-07,8,56,3,895.81
2025-11-07,9,84,0,0.0
2025-11-07,10,64,0,0.0
2025-11-07,11,38,1,1588.02
2025-11-07,12,25,0,0.0
2025-11-08,1,140,2,990.19
2025-11-08,2,80,2,1012.96
2025-11-08,3,45,0,0.0
2025-11-08,4,44,0,0.0
2025-11-08,5,31,4,1292.26
2025-11-08,6,33,1,414.06
2025-11-08,7,21,0,0.0
2025-11-08,8,25,2,1357.04
2025-11-08,9,41,0,0.0
2025-11-08,10,30,1,209.61
2025-11-08,11,17,0,0.0
2025-11-08,12,8,1,503.49
2025-11-09,1,272,9,4508.02
2025-11-09,2,141,1,1174.32
2025-11-09,3,69,2,1100.63
2025-11-09,4,92,3,1002.44
2025-11-09,5,49,0,0.0
2025-11-09,6,56,1,653.8
2025-11-09,7,42,0,0.0
2025-11-09,8,47,2,1353.57
2025-11-09,9,67,1,602.07
2025-11-09,10,45,1,198.44
2025-11-09,11,23,0,0.0
2025-11-09,12,17,0,0.0
2025-11-10,1,249,2,1307.3
2025-11-10,2,115,1,348.2
2025-11-10,3,59,0,0.0
2025-11-10,4,73,1,821.04
2025-11-10,5,47,0,0.0
2025-11-10,6,45,1,823.8
2025-11-10,7,38,1,912.64
2025-11-10,8,40,3,1244.55
2025-11-10,9,58,0,0.0
2025-11-10,10,37,2,620.52
2025-11-10,11,25,1,178.87
2025-11-10,12,15,2,419.42
2025-11-11,1,173,5,2145.91
2025-11-11,2,88,1,235.2
2025-11-11,3,45,1,389.46
2025-11-11,4,50,1,790.0
2025-11-11,5,37,1,736.05
2025-11-11,6,34,1,178.97
2025-11-11,7,29,2,547.72
2025-11-11,8,31,0,0.0
2025-11-11,9,40,2,311.47
2025-11-11,10,28,1,201.76
2025-11-11,11,16,2,412.39
2025-11-11,12,10,1,477.8
2025-11-12,1,185,5,2011.18
2025-11-12,2,93,3,2002.52
2025-11-12,3,51,1,570.66
2025-11-12,4,62,1,464.48
2025-11-12,5,36,1,1025.64
2025-11-12,6,34,1,1102.5
2025-11-12,7,28,1,153.8
2025-11-12,8,30,1,159.49
2025-11-12,9,41,1,162.24
2025-11-12,10,31,2,1575.88
2025-11-12,11,17,0,0.0
2025-11-12,12,12,1,259.98
2025-11-13,1,181,3,1162.7
2025-11-13,2,96,2,457.53
2025-11-13,3,59,1,305.8
2025-11-13,4,62,1,952.16
2025-11-13,5,43,0,0.0
2025-11-13,6,41,2,490.84
2025-11-13,7,35,2,880.7
2025-11-13,8,31,1,600.15
2025-11-13,9,45,1,314.48
2025-11-13,10,34,1,369.04
2025-11-13,11,19,0,0.0
2025-11-13,12,12,0,0.0
2025-11-14,1,222,4,2656.22
2025-11-14,2,109,3,1472.7
2025-11-14,3,59,1,205.9
2025-11-14,4,58,1,1135.92
2025-11-14,5,40,0,0.0
2025-11-14,6,42,1,419.18
2025-11-14,7,34,0,0.0
2025-11-14,8,34,0,0.0
2025-11-14,9,47,2,1038.06
2025-11-14,10,35,1,481.74
2025-11-14,11,21,1,447.76
2025-11-14,12,12,0,0.0
2025-11-15,1,194,7,2541.16
2025-11-15,2,108,2,1019.33
2025-11-15,3,55,2,381.56
2025-11-15,4,65,1,606.75
2025-11-15,5,39,3,1404.54
2025-11-15,6,40,1,155.98
2025-11-15,7,31,0,0.0
2025-11-15,8,33,0,0.0
2025-11-15,9,46,1,1510.4
2025-11-15,10,33,1,465.58
2025-11-15,11,19,0,0.0
2025-11-15,12,14,2,791.06
2025-11-16,1,262,6,4481.01
2025-11-16,2,143,2,645.93
2025-11-16,3,66,1,198.01
2025-11-16,4,84,2,766.81
2025-11-16,5,56,0,0.0
2025-11-16,6,48,1,413.24
2025-11-16,7,48,1,169.68
2025-11-16,8,47,3,1740.15
2025-11-16,9,68,2,788.84
2025-11-16,10,46,0,0.0
2025-11-16,11,26,1,195.84
2025-11-16,12,18,1,167.99
2025-11-17,1,296,6,3345.78
2025-11-17,2,173,3,1310.55
2025-11-17,3,81,2,895.3
2025-11-17,4,99,1,449.79
2025-11-17,5,62,2,921.42
2025-11-17,6,61,1,464.28
2025-11-17,7,55,3,1077.91
2025-11-17,8,57,4,1033.47
2025-11-17,9,71,1,487.38
2025-11-17,10,55,1,447.4
2025-11-17,11,34,1,220.88
2025-11-17,12,21,1,815.92
2025-11-18,1,146,3,1952.15
2025-11-18,2,69,0,0.0
2025-11-18,3,38,1,448.71
2025-11-18,4,43,2,819.94
2025-11-18,5,30,1,230.25
2025-11-18,6,27,0,0.0
2025-11-18,7,24,1,227.61
2025-11-18,8,22,0,0.0
2025-11-18,9,32,1,232.22
2025-11-18,10,26,4,1378.04
2025-11-18,11,16,0,0.0
2025-11-18,12,9,0,0.0
2025-11-19,1,210,4,1606.61
2025-11-19,2,124,4,1182.63
2025-11-19,3,57,0,0.0
2025-11-19,4,68,3,1216.01
2025-11-19,5,47,0,0.0
2025-11-19,6,49,1,219.53
2025-11-19,7,35,1,908.94
2025-11-19,8,36,1,903.88
2025-11-19,9,52,5,1692.44
2025-11-19,10,36,1,340.18
2025-11-19,11,24,0,0.0
2025-11-19,12,14,0,0.0
2025-11-20,1,165,1,284.28
2025-11-20,2,83,6,2312.01
2025-11-20,3,44,2,621.0
2025-11-20,4,53,1,405.64
2025-11-20,5,37,0,0.0
2025-11-20,6,32,1,1008.1
2025-11-20,7,29,1,195.8
2025-11-20,8,28,0,0.0
2025-11-20,9,41,1,897.72
2025-11-20,10,28,0,0.0
2025-11-20,11,17,1,229.32
2025-11-20,12,11,0,0.0
2025-11-21,1,170,4,683.07
2025-11-21,2,84,5,3260.54
2025-11-21,3,48,1,688.68
2025-11-21,4,52,1,143.25
2025-11-21,5,32,0,0.0
2025-11-21,6,35,0,0.0
2025-11-21,7,30,1,448.92
2025-11-21,8,28,1,568.95
2025-11-21,9,41,3,656.85
2025-11-21,10,29,2,497.71
2025-11-21,11,17,0,0.0
2025-11-21,12,11,2,1452.63
2025-11-22,1,154,3,1237.73
2025-11-22,2,80,3,831.71
2025-11-22,3,41,1,347.62
2025-11-22,4,48,1,713.96
2025-11-22,5,35,2,1419.52
2025-11-22,6,35,2,1183.09
2025-11-22,7,27,0,0.0
2025-11-22,8,27,2,620.06
2025-11-22,9,41,1,234.11
2025-11-22,10,28,0,0.0
2025-11-22,11,15,0,0.0
2025-11-22,12,13,0,0.0
2025-11-23,1,204,7,2507.34
2025-11-23,2,106,4,3100.71
2025-11-23,3,52,0,0.0
2025-11-23,4,67,2,700.23
2025-11-23,5,42,2,688.2
2025-11-23,6,45,2,387.37
2025-11-23,7,33,1,216.87
2025-11-23,8,34,1,1179.1
2025-11-23,9,42,0,0.0
2025-11-23,10,36,0,0.0
2025-11-23,11,21,0,0.0
2025-11-23,12,15,0,0.0
2025-11-24,1,97,2,1396.09
2025-11-24,2,54,2,1605.1
2025-11-24,3,27,2,1520.6
2025-11-24,4,32,3,772.48
2025-11-24,5,20,1,664.8
2025-11-24,6,18,2,519.66
2025-11-24,7,17,0,0.0
2025-11-24,8,17,0,0.0
2025-11-24,9,26,0,0.0
2025-11-24,10,17,0,0.0
2025-11-24,11,11,0,0.0
2025-11-24,12,6,1,346.02
2025-11-25,1,157,4,1829.92
2025-11-25,2,88,6,1259.75
2025-11-25,3,44,2,544.49
2025-11-25,4,58,2,539.86
2025-11-25,5,32,1,194.05
2025-11-25,6,37,0,0.0
2025-11-25,7,26,0,0.0
2025-11-25,8,30,0,0.0
2025-11-25,9,43,1,170.8
2025-11-25,10,29,1,759.28
2025-11-25,11,18,0,0.0
2025-11-25,12,11,2,1044.29
2025-11-26,1,154,5,1259.61
2025-11-26,2,79,2,1219.9
2025-11-26,3,40,0,0.0
2025-11-26,4,46,0,0.0
2025-11-26,5,31,0,0.0
2025-11-26,6,27,0,0.0
2025-11-26,7,26,3,892.06
2025-11-26,8,27,2,352.37
2025-11-26,9,38,4,1179.97
2025-11-26,10,23,0,0.0
2025-11-26,11,15,2,833.52
2025-11-26,12,11,0,0.0
2025-11-27,1,183,4,2413.46
2025-11-27,2,109,0,0.0
2025-11-27,3,51,1,136.9
2025-11-27,4,61,1,194.92
2025-11-27,5,36,2,613.24
2025-11-27,6,45,0,0.0
2025-11-27,7,30,1,186.54
2025-11-27,8,33,0,0.0
2025-11-27,9,47,2,1509.4
2025-11-27,10,31,1,215.97
2025-11-27,11,20,1,397.02
2025-11-27,12,14,0,0.0
2025-11-28,1,155,4,2860.13
2025-11-28,2,87,2,683.02
2025-11-28,3,42,0,0.0
2025-11-28,4,48,1,162.87
2025-11-28,5,30,0,0.0
2025-11-28,6,32,0,0.0
2025-11-28,7,29,1,537.48
2025-11-28,8,27,1,539.64
2025-11-28,9,36,2,524.11
2025-11-28,10,26,2,753.55
2025-11-28,11,16,0,0.0
2025-11-28,12,11,0,0.0
2025-11-29,1,185,5,2470.76
2025-11-29,2,98,3,2438.28
2025-11-29,3,52,2,393.47
2025-11-29,4,58,0,0.0
2025-11-29,5,36,0,0.0
2025-11-29,6,36,0,0.0
2025-11-29,7,31,1,1837.98
2025-11-29,8,31,0,0.0
2025-11-29,9,44,1,593.04
2025-11-29,10,25,1,243.03
2025-11-29,11,18,1,1034.82
2025-11-29,12,11,0,0.0
2025-11-30,1,238,3,702.51
2025-11-30,2,128,4,1801.41
2025-11-30,3,59,0,0.0
2025-11-30,4,78,2,585.78
2025-11-30,5,48,0,0.0
2025-11-30,6,45,0,0.0
2025-11-30,7,36,1,189.95
2025-11-30,8,45,3,1949.33
2025-11-30,9,54,5,1680.48
2025-11-30,10,40,1,217.05
2025-11-30,11,24,1,228.1
2025-11-30,12,15,0,0.0
2025-12-01,1,208,7,1754.72
2025-12-01,2,129,1,665.04
2025-12-01,3,69,2,633.86
2025-12-01,4,49,2,640.32
2025-12-01,5,43,1,196.95
2025-12-01,6,53,2,715.1
2025-12-01,7,46,1,718.2
2025-12-01,8,41,1,711.48
2025-12-01,9,75,2,1095.51
2025-12-01,10,51,1,735.92
2025-12-01,11,31,0,0.0
2025-12-01,12,18,0,0.0
2025-12-02,1,199,6,1949.38
2025-12-02,2,119,2,418.14
2025-12-02,3,57,1,355.58
2025-12-02,4,40,0,0.0
2025-12-02,5,33,2,600.12
2025-12-02,6,42,0,0.0
2025-12-02,7,40,1,227.72
2025-12-02,8,34,0,0.0
2025-12-02,9,59,0,0.0
2025-12-02,10,43,0,0.0
2025-12-02,11,22,1,185.25
2025-12-02,12,13,0,0.0
2025-12-03,1,190,7,2182.27
2025-12-03,2,106,2,939.82
2025-12-03,3,52,3,1191.71
2025-12-03,4,38,2,740.64
2025-12-03,5,33,0,0.0
2025-12-03,6,38,2,1063.51
2025-12-03,7,38,0,0.0
2025-12-03,8,35,1,199.15
2025-12-03,9,54,0,0.0
2025-12-03,10,39,1,156.87
2025-12-03,11,23,1,732.6
2025-12-03,12,13,0,0.0
2025-12-04,1,164,6,2086.69
2025-12-04,2,83,3,502.04
2025-12-04,3,41,3,780.35
2025-12-04,4,38,0,0.0
2025-12-04,5,26,1,544.2
2025-12-04,6,33,2,409.58
2025-12-04,7,38,1,476.0
2025-12-04,8,24,0,0.0
2025-12-04,9,47,2,1048.62
2025-12-04,10,33,1,181.4
2025-12-04,11,20,1,1555.38
2025-12-04,12,11,0,0.0
2025-12-05,1,119,3,2010.08
2025-12-05,2,54,2,579.14
2025-12-05,3,32,3,1089.04
2025-12-05,4,26,0,0.0
2025-12-05,5,20,0,0.0
2025-12-05,6,23,0,0.0
2025-12-05,7,26,1,397.53
2025-12-05,8,18,1,758.84
2025-12-05,9,25,1,911.7
2025-12-05,10,26,0,0.0
2025-12-05,11,13,0,0.0
2025-12-05,12,7,0,0.0
2025-12-06,1,164,1,536.82
2025-12-06,2,90,2,707.3
2025-12-06,3,45,0,0.0
2025-12-06,4,39,3,721.76
2025-12-06,5,29,1,186.7
2025-12-06,6,34,2,1494.68
2025-12-06,7,37,0,0.0
2025-12-06,8,27,0,0.0
2025-12-06,9,51,1,716.52
2025-12-06,10,35,1,177.53
2025-12-06,11,20,0,0.0
2025-12-06,12,11,0,0.0
2025-12-07,1,187,2,514.98
2025-12-07,2,98,5,2587.3
2025-12-07,3,58,0,0.0
2025-12-07,4,40,1,169.35
2025-12-07,5,33,0,0.0
2025-12-07,6,37,0,0.0
2025-12-07,7,42,0,0.0
2025-12-07,8,33,2,758.96
2025-12-07,9,56,2,472.53
2025-12-07,10,41,0,0.0
2025-12-07,11,24,0,0.0
2025-12-07,12,13,1,152.5
2025-12-08,1,334,5,1318.3
2025-12-08,2,185,3,437.2
2025-12-08,3,96,3,1119.52
2025-12-08,4,77,3,1056.62
2025-12-08,5,68,1,392.26
2025-12-08,6,68,1,403.22
2025-12-08,7,76,4,913.87
2025-12-08,8,61,0,0.0
2025-12-08,9,105,6,1486.73
2025-12-08,10,76,0,0.0
2025-12-08,11,46,0,0.0
2025-12-08,12,24,0,0.0
2025-12-09,1,189,8,3096.42
2025-12-09,2,101,6,4251.02
2025-12-09,3,52,2,963.14
2025-12-09,4,43,2,1102.23
2025-12-09,5,35,0,0.0
2025-12-09,6,35,1,387.24
2025-12-09,7,45,1,470.73
2025-12-09,8,32,0,0.0
2025-12-09,9,52,2,1082.54
2025-12-09,10,41,0,0.0
2025-12-09,11,26,1,335.14
2025-12-09,12,12,0,0.0
2025-12-10,1,167,6,3163.85
2025-12-10,2,96,3,1351.59
2025-12-10,3,48,1,768.32
2025-12-10,4,37,3,723.04
2025-12-10,5,30,0,0.0
2025-12-10,6,35,0,0.0
2025-12-10,7,40,0,0.0
2025-12-10,8,27,0,0.0
2025-12-10,9,48,1,273.44
2025-12-10,10,38,1,673.84
2025-12-10,11,21,2,893.59
2025-12-10,12,12,0,0.0
2025-12-11,1,262,7,2168.66
2025-12-11,2,148,1,182.87
2025-12-11,3,69,1,144.14
2025-12-11,4,55,2,855.2
2025-12-11,5,44,2,1848.73
2025-12-11,6,52,0,0.0
2025-12-11,7,53,1,231.11
2025-12-11,8,39,1,423.06
2025-12-11,9,76,2,1480.31
2025-12-11,10,56,0,0.0
2025-12-11,11,29,2,437.1
2025-12-11,12,17,0,0.0
2025-12-12,1,223,2,794.34
2025-12-12,2,124,4,866.59
2025-12-12,3,61,0,0.0
2025-12-12,4,44,3,1140.94
2025-12-12,5,37,1,342.6
2025-12-12,6,43,1,138.03
2025-12-12,7,41,0,0.0
2025-12-12,8,34,0,0.0
2025-12-12,9,60,2,464.9
2025-12-12,10,45,1,1232.64
2025-12-12,11,28,0,0.0
2025-12-12,12,14,0,0.0
2025-12-13,1,134,3,728.23
2025-12-13,2,74,0,0.0
2025-12-13,3,35,0,0.0
2025-12-13,4,28,2,344.65
2025-12-13,5,20,0,0.0
2025-12-13,6,26,0,0.0
2025-12-13,7,29,1,176.35
2025-12-13,8,20,0,0.0
2025-12-13,9,35,1,879.84
2025-12-13,10,30,0,0.0
2025-12-13,11,16,0,0.0
2025-12-13,12,8,0,0.0
2025-12-14,1,221,5,2214.07
2025-12-14,2,119,2,513.37
2025-12-14,3,55,2,671.35
2025-12-14,4,47,2,361.12
2025-12-14,5,40,0,0.0
2025-12-14,6,49,2,1240.44
2025-12-14,7,46,1,189.73
2025-12-14,8,34,0,0.0
2025-12-14,9,63,0,0.0
2025-12-14,10,46,2,1015.78
2025-12-14,11,28,1,373.28
2025-12-14,12,15,3,1050.44
2025-12-15,1,151,4,1729.87
2025-12-15,2,77,1,392.26
2025-12-15,3,41,0,0.0
2025-12-15,4,31,0,0.0
2025-12-15,5,26,1,489.52
2025-12-15,6,30,2,913.7
2025-12-15,7,30,1,158.13
2025-12-15,8,22,0,0.0
2025-12-15,9,44,0,0.0
2025-12-15,10,30,1,348.68
2025-12-15,11,17,1,882.05
2025-12-15,12,9,1,165.98
2025-12-16,1,168,6,2610.55
2025-12-16,2,88,1,924.52
2025-12-16,3,45,1,146.28
2025-12-16,4,42,2,1021.48
2025-12-16,5,31,2,464.81
2025-12-16,6,39,1,133.19
2025-12-16,7,43,0,0.0
2025-12-16,8,26,2,1312.1
2025-12-16,9,54,4,792.01
2025-12-16,10,38,2,641.71
2025-12-16,11,25,0,0.0
2025-12-16,12,13,0,0.0
2025-12-17,1,107,3,1168.33
2025-12-17,2,59,4,1602.14
2025-12-17,3,30,0,0.0
2025-12-17,4,23,0,0.0
2025-12-17,5,19,0,0.0
2025-12-17,6,22,1,646.24
2025-12-17,7,25,1,170.19
2025-12-17,8,17,1,390.1
2025-12-17,9,31,0,0.0
2025-12-17,10,23,1,971.0
2025-12-17,11,13,0,0.0
2025-12-17,12,8,0,0.0
2025-12-18,1,90,1,189.45
2025-12-18,2,46,2,949.63
2025-12-18,3,24,0,0.0
2025-12-18,4,19,1,292.54
2025-12-18,5,16,0,0.0
2025-12-18,6,16,1,154.79
2025-12-18,7,21,0,0.0
2025-12-18,8,15,2,1037.11
2025-12-18,9,26,1,167.92
2025-12-18,10,18,1,412.59
2025-12-18,11,10,0,0.0
2025-12-18,12,6,0,0.0
2025-12-19,1,108,2,906.23
2025-12-19,2,66,3,1120.08
2025-12-19,3,36,0,0.0
2025-12-19,4,27,1,388.02
2025-12-19,5,21,2,358.43
2025-12-19,6,27,0,0.0
2025-12-19,7,26,0,0.0
2025-12-19,8,17,0,0.0
2025-12-19,9,38,0,0.0
2025-12-19,10,26,2,861.86
2025-12-19,11,16,0,0.0
2025-12-19,12,8,0,0.0
2025-12-20,1,181,3,987.91
2025-12-20,2,88,4,1205.77
2025-12-20,3,49,2,1630.02
2025-12-20,4,41,3,1521.22
2025-12-20,5,31,0,0.0
2025-12-20,6,43,0,0.0
2025-12-20,7,41,2,757.05
2025-12-20,8,32,1,137.4
2025-12-20,9,57,1,950.88
2025-12-20,10,40,0,0.0
2025-12-20,11,26,2,1384.52
2025-12-20,12,12,0,0.0
2025-12-21,1,176,3,1602.89
2025-12-21,2,89,4,1326.29
2025-12-21,3,43,0,0.0
2025-12-21,4,37,1,438.7
2025-12-21,5,30,0,0.0
2025-12-21,6,31,2,737.96
2025-12-21,7,39,2,842.45
2025-12-21,8,28,0,0.0
2025-12-21,9,51,1,159.75
2025-12-21,10,41,4,1135.65
2025-12-21,11,21,0,0.0
2025-12-21,12,12,1,568.89
2025-12-22,1,120,4,1998.09
2025-12-22,2,73,2,1154.88
2025-12-22,3,33,0,0.0
2025-12-22,4,25,1,185.97
2025-12-22,5,20,0,0.0
2025-12-22,6,26,0,0.0
2025-12-22,7,28,1,405.06
2025-12-22,8,20,1,523.5
2025-12-22,9,39,1,422.38
2025-12-22,10,28,2,683.28
2025-12-22,11,18,2,696.92
2025-12-22,12,9,0,0.0
2025-12-23,1,109,4,1815.52
2025-12-23,2,63,0,0.0
2025-12-23,3,31,1,473.55
2025-12-23,4,26,1,189.75
2025-12-23,5,21,1,144.91
2025-12-23,6,23,0,0.0
2025-12-23,7,25,0,0.0
2025-12-23,8,20,3,1030.22
2025-12-23,9,33,1,579.08
2025-12-23,10,23,0,0.0
2025-12-23,11,15,1,355.78
2025-12-23,12,8,0,0.0
2025-12-24,1,196,5,1979.24
2025-12-24,2,114,2,1223.26
2025-12-24,3,55,1,212.84
2025-12-24,4,40,1,336.06
2025-12-24,5,34,2,844.93
2025-12-24,6,41,1,366.26
2025-12-24,7,47,2,741.46
2025-12-24,8,33,0,0.0
2025-12-24,9,60,2,729.08
2025-12-24,10,43,1,157.08
2025-12-24,11,27,2,1078.44
2025-12-24,12,16,0,0.0
2025-12-25,1,284,9,4503.86
2025-12-25,2,153,3,866.59
2025-12-25,3,74,3,1366.78
2025-12-25,4,62,0,0.0
2025-12-25,5,55,0,0.0
2025-12-25,6,56,2,894.18
2025-12-25,7,60,1,661.98
2025-12-25,8,43,1,334.02
2025-12-25,9,76,2,884.14
2025-12-25,10,54,0,0.0
2025-12-25,11,33,0,0.0
2025-12-25,12,17,2,838.62
2025-12-26,1,138,7,2082.66
2025-12-26,2,84,2,905.74
2025-12-26,3,39,1,384.48
2025-12-26,4,29,1,638.28
2025-12-26,5,23,1,150.87
2025-12-26,6,29,1,497.61
2025-12-26,7,31,1,314.3
2025-12-26,8,24,0,0.0
2025-12-26,9,45,0,0.0
2025-12-26,10,30,2,639.06
2025-12-26,11,16,0,0.0
2025-12-26,12,9,0,0.0
2025-12-27,1,186,4,1975.99
2025-12-27,2,80,3,1224.49
2025-12-27,3,45,5,1779.06
2025-12-27,4,36,1,178.0
2025-12-27,5,30,1,1172.32
2025-12-27,6,37,0,0.0
2025-12-27,7,40,2,1176.3
2025-12-27,8,29,2,473.12
2025-12-27,9,49,0,0.0
2025-12-27,10,40,0,0.0
2025-12-27,11,21,1,273.58
2025-12-27,12,12,0,0.0
2025-12-28,1,141,2,1115.99
2025-12-28,2,63,3,1000.96
2025-12-28,3,33,2,1837.85
2025-12-28,4,31,2,608.84
2025-12-28,5,21,0,0.0
2025-12-28,6,27,1,164.94
2025-12-28,7,30,1,153.34
2025-12-28,8,21,0,0.0
2025-12-28,9,37,1,724.2
2025-12-28,10,27,0,0.0
2025-12-28,11,18,1,172.82
2025-12-28,12,9,0,0.0
2025-12-29,1,146,3,1062.73
2025-12-29,2,82,5,1870.47
2025-12-29,3,41,5,4085.98
2025-12-29,4,34,2,335.92
2025-12-29,5,26,0,0.0
2025-12-29,6,31,2,574.62
2025-12-29,7,32,0,0.0
2025-12-29,8,25,1,465.9
2025-12-29,9,40,2,872.7
2025-12-29,10,30,0,0.0
2025-12-29,11,16,0,0.0
2025-12-29,12,11,0,0.0
2025-12-30,1,122,5,1929.89
2025-12-30,2,58,3,1110.01
2025-12-30,3,30,1,173.0
2025-12-30,4,23,0,0.0
2025-12-30,5,20,0,0.0
2025-12-30,6,24,0,0.0
2025-12-30,7,25,0,0.0
2025-12-30,8,18,1,557.08
2025-12-30,9,30,1,141.3
2025-12-30,10,24,1,195.8
2025-12-30,11,16,0,0.0
2025-12-30,12,7,0,0.0
2025-12-31,1,100,1,425.72
2025-12-31,2,57,2,1046.28
2025-12-31,3,28,1,602.08
2025-12-31,4,22,2,725.39
2025-12-31,5,18,1,133.89
2025-12-31,6,24,4,1458.77
2025-12-31,7,23,1,153.99
2025-12-31,8,13,1,220.4
2025-12-31,9,26,0,0.0
2025-12-31,10,19,0,0.0
2025-12-31,11,10,1,565.65
2025-12-31,12,6,0,0.0
2026-01-01,1,234,3,1278.37
2026-01-01,2,132,3,708.94
2026-01-01,3,60,1,326.48
2026-01-01,4,51,1,658.53
2026-01-01,5,38,0,0.0
2026-01-01,6,48,1,142.24
2026-01-01,7,55,0,0.0
2026-01-01,8,37,0,0.0
2026-01-01,9,71,1,175.03
2026-01-01,10,53,1,174.63
2026-01-01,11,28,1,135.93
2026-01-01,12,15,1,181.02
2026-01-02,1,144,5,1999.49
2026-01-02,2,75,4,987.08
2026-01-02,3,41,2,1126.56
2026-01-02,4,32,2,983.01
2026-01-02,5,25,0,0.0
2026-01-02,6,28,1,669.76
2026-01-02,7,31,1,287.92
2026-01-02,8,24,0,0.0
2026-01-02,9,42,1,741.28
2026-01-02,10,32,0,0.0
2026-01-02,11,18,1,178.91
2026-01-02,12,9,0,0.0
2026-01-03,1,110,2,760.02
2026-01-03,2,62,2,1360.48
2026-01-03,3,31,0,0.0
2026-01-03,4,24,1,162.31
2026-01-03,5,19,0,0.0
2026-01-03,6,27,0,0.0
2026-01-03,7,25,2,693.38
2026-01-03,8,18,1,818.36
2026-01-03,9,33,1,160.99
2026-01-03,10,23,1,627.6
2026-01-03,11,13,1,562.77
2026-01-03,12,7,0,0.0
2026-01-04,1,137,3,620.53
2026-01-04,2,80,3,479.5
2026-01-04,3,31,2,1790.52
2026-01-04,4,27,1,387.16
2026-01-04,5,22,1,434.43
2026-01-04,6,28,1,161.78
2026-01-04,7,27,0,0.0
2026-01-04,8,19,0,0.0
2026-01-04,9,40,1,736.48
2026-01-04,10,26,1,288.54
2026-01-04,11,14,1,297.8
2026-01-04,12,8,0,0.0
2026-01-05,1,228,4,2918.1
2026-01-05,2,130,2,939.2
2026-01-05,3,62,1,1508.22
2026-01-05,4,50,0,0.0
2026-01-05,5,41,0,0.0
2026-01-05,6,43,1,640.55
2026-01-05,7,59,2,1422.12
2026-01-05,8,42,3,692.48
2026-01-05,9,69,6,2506.69
2026-01-05,10,43,3,1065.23
2026-01-05,11,32,0,0.0
2026-01-05,12,16,1,181.69
2026-01-06,1,95,5,1571.83
2026-01-06,2,51,0,0.0
2026-01-06,3,23,0,0.0
2026-01-06,4,19,0,0.0
2026-01-06,5,17,2,668.47
2026-01-06,6,18,1,639.76
2026-01-06,7,21,1,849.78
2026-01-06,8,13,3,754.79
2026-01-06,9,27,0,0.0
2026-01-06,10,16,0,0.0
2026-01-06,11,11,0,0.0
2026-01-06,12,5,0,0.0
2026-01-07,1,194,3,950.96
2026-01-07,2,94,0,0.0
2026-01-07,3,49,1,127.63
2026-01-07,4,40,2,1277.88
2026-01-07,5,29,1,434.54
2026-01-07,6,39,1,340.06
2026-01-07,7,43,2,520.39
2026-01-07,8,27,0,0.0
2026-01-07,9,52,3,991.19
2026-01-07,10,41,2,764.58
2026-01-07,11,23,1,177.94
2026-01-07,12,13,3,1490.21
2026-01-08,1,123,4,2426.1
2026-01-08,2,64,0,0.0
2026-01-08,3,34,2,658.41
2026-01-08,4,25,1,342.72
2026-01-08,5,20,1,161.53
2026-01-08,6,25,1,377.88
2026-01-08,7,25,0,0.0
2026-01-08,8,20,1,156.63
2026-01-08,9,36,0,0.0
2026-01-08,10,26,0,0.0
2026-01-08,11,15,1,145.88
2026-01-08,12,8,0,0.0
2026-01-09,1,165,8,5298.8
2026-01-09,2,107,5,2548.53
2026-01-09,3,45,0,0.0
2026-01-09,4,38,2,398.87
2026-01-09,5,32,1,217.25
2026-01-09,6,38,0,0.0
2026-01-09,7,43,1,160.48
2026-01-09,8,29,0,0.0
2026-01-09,9,55,1,212.86
2026-01-09,10,43,0,0.0
2026-01-09,11,23,1,501.54
2026-01-09,12,13,0,0.0
2026-01-10,1,101,2,806.74
2026-01-10,2,51,1,432.27
2026-01-10,3,24,1,136.93
2026-01-10,4,19,1,624.3
2026-01-10,5,14,0,0.0
2026-01-10,6,18,0,0.0
2026-01-10,7,20,2,596.93
2026-01-10,8,16,0,0.0
2026-01-10,9,27,0,0.0
2026-01-10,10,21,1,466.77
2026-01-10,11,12,0,0.0
2026-01-10,12,5,1,482.88
2026-01-11,1,145,5,1583.55
2026-01-11,2,76,1,198.94
2026-01-11,3,39,0,0.0
2026-01-11,4,31,1,386.94
2026-01-11,5,24,0,0.0
2026-01-11,6,30,0,0.0
2026-01-11,7,31,0,0.0
2026-01-11,8,22,0,0.0
2026-01-11,9,38,1,380.28
2026-01-11,10,29,1,174.98
2026-01-11,11,17,1,903.2
2026-01-11,12,10,0,0.0
2026-01-12,1,144,3,1343.57
2026-01-12,2,71,2,511.35
2026-01-12,3,38,1,454.42
2026-01-12,4,33,1,1283.73
2026-01-12,5,23,0,0.0
2026-01-12,6,31,0,0.0
2026-01-12,7,33,1,143.34
2026-01-12,8,23,2,294.88
2026-01-12,9,41,2,357.67
2026-01-12,10,37,1,332.6
2026-01-12,11,19,0,0.0
2026-01-12,12,9,0,0.0
2026-01-13,1,288,7,3016.26
2026-01-13,2,140,4,1947.44
2026-01-13,3,74,1,523.9
2026-01-13,4,61,0,0.0
2026-01-13,5,48,3,1838.94
2026-01-13,6,58,2,961.82
2026-01-13,7,60,0,0.0
2026-01-13,8,42,1,574.38
2026-01-13,9,76,2,460.32
2026-01-13,10,59,2,495.37
2026-01-13,11,33,0,0.0
2026-01-13,12,19,0,0.0
2026-01-14,1,217,8,3116.7
2026-01-14,2,134,1,426.26
2026-01-14,3,64,0,0.0
2026-01-14,4,58,3,1154.27
2026-01-14,5,48,0,0.0
2026-01-14,6,51,1,169.1
2026-01-14,7,49,4,1741.8
2026-01-14,8,40,2,727.79
2026-01-14,9,73,0,0.0
2026-01-14,10,51,3,777.78
2026-01-14,11,34,1,632.01
2026-01-14,12,16,0,0.0
2026-01-15,1,200,3,732.49
2026-01-15,2,110,2,365.38
2026-01-15,3,46,6,1666.85
2026-01-15,4,38,1,168.79
2026-01-15,5,34,1,526.74
2026-01-15,6,40,0,0.0
2026-01-15,7,47,0,0.0
2026-01-15,8,32,0,0.0
2026-01-15,9,62,1,762.84
2026-01-15,10,40,1,387.96
2026-01-15,11,24,0,0.0
2026-01-15,12,11,0,0.0
2026-01-16,1,159,2,521.84
2026-01-16,2,95,3,1853.87
2026-01-16,3,45,0,0.0
2026-01-16,4,37,1,324.93
2026-01-16,5,31,2,1470.52
2026-01-16,6,35,1,173.81
2026-01-16,7,33,1,234.77
2026-01-16,8,28,2,1909.95
2026-01-16,9,46,1,503.38
2026-01-16,10,35,0,0.0
2026-01-16,11,22,0,0.0
2026-01-16,12,12,0,0.0
2026-01-17,1,155,2,974.76
2026-01-17,2,84,3,1563.35
2026-01-17,3,40,1,192.07
2026-01-17,4,29,0,0.0
2026-01-17,5,22,1,380.56
2026-01-17,6,29,1,583.56
2026-01-17,7,35,0,0.0
2026-01-17,8,23,1,389.64
2026-01-17,9,44,0,0.0
2026-01-17,10,34,1,658.42
2026-01-17,11,18,1,183.78
2026-01-17,12,8,0,0.0
2026-01-18,1,156,2,635.81
2026-01-18,2,72,2,1141.34
2026-01-18,3,38,3,1240.82
2026-01-18,4,33,0,0.0
2026-01-18,5,24,1,223.02
2026-01-18,6,26,2,677.19
2026-01-18,7,31,1,292.94
2026-01-18,8,24,2,1288.66
2026-01-18,9,43,0,0.0
2026-01-18,10,32,1,150.92
2026-01-18,11,21,1,204.07
2026-01-18,12,10,1,425.38
2026-01-19,1,152,3,1038.38
2026-01-19,2,84,3,1509.89
2026-01-19,3,45,0,0.0
2026-01-19,4,33,1,190.87
2026-01-19,5,28,0,0.0
2026-01-19,6,33,3,997.56
2026-01-19,7,35,1,529.11
2026-01-19,8,26,1,314.68
2026-01-19,9,47,1,622.65
2026-01-19,10,29,0,0.0
2026-01-19,11,20,1,255.22
2026-01-19,12,10,0,0.0
2026-01-20,1,191,4,2793.7
2026-01-20,2,92,1,425.68
2026-01-20,3,55,1,606.75
2026-01-20,4,41,1,188.03
2026-01-20,5,31,6,2592.63
2026-01-20,6,38,1,171.12
2026-01-20,7,44,0,0.0
2026-01-20,8,29,2,1463.04
2026-01-20,9,49,0,0.0
2026-01-20,10,35,1,473.88
2026-01-20,11,23,0,0.0
2026-01-20,12,12,0,0.0
2026-01-21,1,161,5,2126.24
2026-01-21,2,84,3,957.02
2026-01-21,3,46,1,476.54
2026-01-21,4,38,1,360.14
2026-01-21,5,28,2,1146.26
2026-01-21,6,34,1,1076.56
2026-01-21,7,38,0,0.0
2026-01-21,8,27,0,0.0
2026-01-21,9,50,0,0.0
2026-01-21,10,31,2,1611.7
2026-01-21,11,21,0,0.0
2026-01-21,12,11,0,0.0
2026-01-22,1,106,5,3732.78
2026-01-22,2,67,4,964.41
2026-01-22,3,32,0,0.0
2026-01-22,4,24,0,0.0
2026-01-22,5,21,1,546.84
2026-01-22,6,24,0,0.0
2026-01-22,7,25,0,0.0
2026-01-22,8,20,0,0.0
2026-01-22,9,36,1,765.08
2026-01-22,10,28,0,0.0
2026-01-22,11,16,0,0.0
2026-01-22,12,8,0,0.0
2026-01-23,1,194,6,2963.98
2026-01-23,2,98,0,0.0
2026-01-23,3,48,2,524.79
2026-01-23,4,41,1,1070.76
2026-01-23,5,34,0,0.0
2026-01-23,6,35,1,226.3
2026-01-23,7,39,0,0.0
2026-01-23,8,31,0,0.0
2026-01-23,9,55,1,593.79
2026-01-23,10,40,1,403.22
2026-01-23,11,25,0,0.0
2026-01-23,12,13,1,657.4
2026-01-24,1,206,6,2781.51
2026-01-24,2,126,7,3265.07
2026-01-24,3,64,1,229.14
2026-01-24,4,43,0,0.0
2026-01-24,5,37,1,184.62
2026-01-24,6,40,2,558.5
2026-01-24,7,48,1,784.2
2026-01-24,8,30,0,0.0
2026-01-24,9,56,1,180.79
2026-01-24,10,44,0,0.0
2026-01-24,11,27,0,0.0
2026-01-24,12,13,2,777.27
2026-01-25,1,126,5,2079.11
2026-01-25,2,81,4,2294.63
2026-01-25,3,37,1,150.63
2026-01-25,4,30,1,223.72
2026-01-25,5,24,0,0.0
2026-01-25,6,31,1,629.4
2026-01-25,7,29,1,936.8
2026-01-25,8,23,0,0.0
2026-01-25,9,45,0,0.0
2026-01-25,10,29,1,652.74
2026-01-25,11,18,1,389.88
2026-01-25,12,9,0,0.0
2026-01-26,1,164,1,923.96
2026-01-26,2,89,7,1590.53
2026-01-26,3,48,0,0.0
2026-01-26,4,37,1,192.39
2026-01-26,5,30,0,0.0
2026-01-26,6,32,0,0.0
2026-01-26,7,34,0,0.0
2026-01-26,8,27,0,0.0
2026-01-26,9,51,2,401.63
2026-01-26,10,36,1,748.88
2026-01-26,11,23,2,716.67
2026-01-26,12,12,0,0.0
2026-01-27,1,282,9,4391.59
2026-01-27,2,163,5,1164.68
2026-01-27,3,87,0,0.0
2026-01-27,4,70,1,848.64
2026-01-27,5,55,2,608.07
2026-01-27,6,72,1,207.35
2026-01-27,7,78,0,0.0
2026-01-27,8,56,1,1422.28
2026-01-27,9,81,1,330.22
2026-01-27,10,71,0,0.0
2026-01-27,11,42,0,0.0
2026-01-27,12,23,4,905.68
2026-01-28,1,213,5,2008.74
2026-01-28,2,119,8,3313.99
2026-01-28,3,60,0,0.0
2026-01-28,4,46,1,619.02
2026-01-28,5,37,0,0.0
2026-01-28,6,42,1,177.78
2026-01-28,7,48,3,2474.93
2026-01-28,8,31,1,664.62
2026-01-28,9,65,1,1943.91
2026-01-28,10,46,0,0.0
2026-01-28,11,28,0,0.0
2026-01-28,12,13,0,0.0
2026-01-29,1,220,9,3934.99
2026-01-29,2,118,6,1620.2
2026-01-29,3,53,2,954.08
2026-01-29,4,49,2,1341.42
2026-01-29,5,35,0,0.0
2026-01-29,6,50,0,0.0
2026-01-29,7,53,1,226.87
2026-01-29,8,43,0,0.0
2026-01-29,9,65,0,0.0
2026-01-29,10,50,1,165.62
2026-01-29,11,31,3,1241.73
2026-01-29,12,15,0,0.0
2026-01-30,1,192,6,3039.45
2026-01-30,2,102,2,459.33
2026-01-30,3,53,3,678.19
2026-01-30,4,37,0,0.0
2026-01-30,5,31,0,0.0
2026-01-30,6,36,4,2673.54
2026-01-30,7,40,0,0.0
2026-01-30,8,26,0,0.0
2026-01-30,9,54,2,869.67
2026-01-30,10,40,1,805.53
2026-01-30,11,25,0,0.0
2026-01-30,12,11,0,0.0
2026-01-31,1,180,3,2868.23
2026-01-31,2,90,1,394.02
2026-01-31,3,46,1,578.43
2026-01-31,4,36,0,0.0
2026-01-31,5,32,0,0.0
2026-01-31,6,35,0,0.0
2026-01-31,7,38,4,1555.09
2026-01-31,8,26,0,0.0
2026-01-31,9,50,2,1012.14
2026-01-31,10,34,0,0.0
2026-01-31,11,25,0,0.0
2026-01-31,12,10,1,256.63
2026-02-01,1,198,6,2396.93
2026-02-01,2,110,1,352.7
2026-02-01,3,58,2,540.14
2026-02-01,4,40,0,0.0
2026-02-01,5,35,2,1511.0
2026-02-01,6,42,3,1070.69
2026-02-01,7,48,2,1310.68
2026-02-01,8,32,1,200.75
2026-02-01,9,66,2,1314.32
2026-02-01,10,43,0,0.0
2026-02-01,11,27,1,200.58
2026-02-01,12,14,0,0.0
2026-02-02,1,198,8,3113.56
2026-02-02,2,90,2,612.67
2026-02-02,3,49,2,369.12
2026-02-02,4,36,2,883.86
2026-02-02,5,32,1,803.67
2026-02-02,6,37,1,190.86
2026-02-02,7,38,1,643.89
2026-02-02,8,29,1,377.14
2026-02-02,9,52,3,1156.09
2026-02-02,10,39,1,504.8
2026-02-02,11,23,0,0.0
2026-02-02,12,12,0,0.0
2026-02-03,1,233,5,1910.26
2026-02-03,2,134,3,2462.61
2026-02-03,3,73,2,1637.94
2026-02-03,4,55,1,198.85
2026-02-03,5,42,0,0.0
2026-02-03,6,52,0,0.0
2026-02-03,7,52,1,230.49
2026-02-03,8,44,2,2133.6
2026-02-03,9,79,3,1209.64
2026-02-03,10,52,0,0.0
2026-02-03,11,33,2,1118.87
2026-02-03,12,16,0,0.0
2026-02-04,1,162,5,1778.01
2026-02-04,2,101,3,2048.81
2026-02-04,3,46,2,567.41
2026-02-04,4,36,1,357.46
2026-02-04,5,26,1,377.5
2026-02-04,6,37,0,0.0
2026-02-04,7,34,1,328.33
2026-02-04,8,25,1,322.14
2026-02-04,9,43,2,946.54
2026-02-04,10,35,0,0.0
2026-02-04,11,24,0,0.0
2026-02-04,12,11,0,0.0
2026-02-05,1,220,5,1112.55
2026-02-05,2,121,3,871.47
2026-02-05,3,62,6,1986.18
2026-02-05,4,49,3,1471.05
2026-02-05,5,36,0,0.0
2026-02-05,6,54,0,0.0
2026-02-05,7,53,1,811.64
2026-02-05,8,38,1,375.64
2026-02-05,9,67,6,5263.66
2026-02-05,10,52,1,205.88
2026-02-05,11,30,0,0.0
2026-02-05,12,15,1,176.04
2026-02-06,1,162,2,2510.94
2026-02-06,2,94,4,883.12
2026-02-06,3,46,0,0.0
2026-02-06,4,36,2,456.12
2026-02-06,5,29,2,943.11
2026-02-06,6,31,1,1020.48
2026-02-06,7,35,0,0.0
2026-02-06,8,28,0,0.0
2026-02-06,9,47,3,1189.71
2026-02-06,10,35,0,0.0
2026-02-06,11,23,0,0.0
2026-02-06,12,11,2,1094.34
2026-02-07,1,167,3,1154.82
2026-02-07,2,96,2,713.62
2026-02-07,3,48,1,1076.7
2026-02-07,4,36,1,840.48
2026-02-07,5,26,2,617.24
2026-02-07,6,35,2,628.41
2026-02-07,7,38,1,427.82
2026-02-07,8,28,0,0.0
2026-02-07,9,47,4,1458.46
2026-02-07,10,34,3,1138.56
2026-02-07,11,21,0,0.0
2026-02-07,12,10,0,0.0
2026-02-08,1,106,4,1756.71
2026-02-08,2,61,2,1646.48
2026-02-08,3,29,2,418.85
2026-02-08,4,22,0,0.0
2026-02-08,5,21,1,234.83
2026-02-08,6,21,1,796.11
2026-02-08,7,23,1,415.16
2026-02-08,8,16,0,0.0
2026-02-08,9,31,2,376.92
2026-02-08,10,22,0,0.0
2026-02-08,11,14,0,0.0
2026-02-08,12,6,0,0.0
2026-02-09,1,192,6,3325.21
2026-02-09,2,113,4,2142.89
2026-02-09,3,60,3,1883.7
2026-02-09,4,50,1,438.62
2026-02-09,5,38,1,458.52
2026-02-09,6,44,0,0.0
2026-02-09,7,42,2,634.56
2026-02-09,8,37,0,0.0
2026-02-09,9,59,2,1545.5
2026-02-09,10,45,2,411.63
2026-02-09,11,24,0,0.0
2026-02-09,12,15,0,0.0
2026-02-10,1,288,7,4041.12
2026-02-10,2,134,3,1596.48
2026-02-10,3,65,4,1778.77
2026-02-10,4,53,1,189.81
2026-02-10,5,47,2,2350.8
2026-02-10,6,54,3,1060.23
2026-02-10,7,54,0,0.0
2026-02-10,8,43,2,1373.62
2026-02-10,9,78,1,260.45
2026-02-10,10,57,0,0.0
2026-02-10,11,30,2,614.42
2026-02-10,12,17,0,0.0
2026-02-11,1,214,5,2512.83
2026-02-11,2,118,3,2733.68
2026-02-11,3,57,4,2985.61
2026-02-11,4,43,0,0.0
2026-02-11,5,37,2,1944.56
2026-02-11,6,41,3,1795.92
2026-02-11,7,45,0,0.0
2026-02-11,8,35,1,223.18
2026-02-11,9,61,2,1071.96
2026-02-11,10,43,2,1072.65
2026-02-11,11,25,1,192.29
2026-02-11,12,15,1,265.05
2026-02-12,1,201,8,3696.82
2026-02-12,2,104,5,3055.43
2026-02-12,3,52,1,397.48
2026-02-12,4,39,0,0.0
2026-02-12,5,32,0,0.0
2026-02-12,6,41,2,1579.59
2026-02-12,7,40,0,0.0
2026-02-12,8,31,0,0.0
2026-02-12,9,53,1,476.7
2026-02-12,10,39,0,0.0
2026-02-12,11,24,0,0.0
2026-02-12,12,14,0,0.0
2026-02-13,1,216,8,2696.89
2026-02-13,2,131,5,2816.12
2026-02-13,3,58,0,0.0
2026-02-13,4,47,0,0.0
2026-02-13,5,32,0,0.0
2026-02-13,6,42,2,1920.37
2026-02-13,7,45,2,1229.86
2026-02-13,8,33,2,1234.46
2026-02-13,9,65,3,1272.73
2026-02-13,10,46,0,0.0
2026-02-13,11,25,1,187.54
2026-02-13,12,13,0,0.0
2026-02-14,1,204,6,2306.32
2026-02-14,2,109,3,1153.35
2026-02-14,3,59,3,2338.08
2026-02-14,4,39,3,1574.55
2026-02-14,5,37,0,0.0
2026-02-14,6,43,3,2835.42
2026-02-14,7,43,2,745.27
2026-02-14,8,32,0,0.0
2026-02-14,9,62,3,1264.93
2026-02-14,10,37,0,0.0
2026-02-14,11,26,0,0.0
2026-02-14,12,14,1,260.7
2026-02-15,1,272,6,1773.33
2026-02-15,2,148,6,3547.77
2026-02-15,3,67,2,964.41
2026-02-15,4,52,1,244.75
2026-02-15,5,47,1,350.82
2026-02-15,6,60,1,164.95
2026-02-15,7,59,2,2385.21
2026-02-15,8,45,2,519.43
2026-02-15,9,72,0,0.0
2026-02-15,10,57,1,225.12
2026-02-15,11,32,0,0.0
2026-02-15,12,20,0,0.0
2026-02-16,1,218,8,3593.13
2026-02-16,2,123,6,2310.7
2026-02-16,3,63,1,853.2
2026-02-16,4,49,1,198.19
2026-02-16,5,40,1,519.57
2026-02-16,6,48,1,1241.36
2026-02-16,7,50,2,1178.91
2026-02-16,8,40,0,0.0
2026-02-16,9,71,0,0.0
2026-02-16,10,44,0,0.0
2026-02-16,11,29,0,0.0
2026-02-16,12,16,0,0.0
2026-02-17,1,222,5,4383.0
2026-02-17,2,136,4,1085.53
2026-02-17,3,61,1,164.59
2026-02-17,4,44,2,943.36
2026-02-17,5,38,2,686.61
2026-02-17,6,46,3,2286.44
2026-02-17,7,50,1,898.04
2026-02-17,8,34,0,0.0
2026-02-17,9,61,3,1793.57
2026-02-17,10,47,1,621.03
2026-02-17,11,28,2,2674.73
2026-02-17,12,17,0,0.0
2026-02-18,1,216,7,2809.07
2026-02-18,2,129,5,2868.23
2026-02-18,3,62,2,1221.71
2026-02-18,4,49,0,0.0
2026-02-18,5,35,0,0.0
2026-02-18,6,45,3,1600.65
2026-02-18,7,53,1,996.24
2026-02-18,8,37,1,237.09
2026-02-18,9,63,0,0.0
2026-02-18,10,49,2,810.94
2026-02-18,11,25,0,0.0
2026-02-18,12,14,1,198.48
2026-02-19,1,255,9,3551.48
2026-02-19,2,138,6,6362.02
2026-02-19,3,63,0,0.0
2026-02-19,4,44,1,258.45
2026-02-19,5,36,0,0.0
2026-02-19,6,49,2,797.23
2026-02-19,7,51,1,406.28
2026-02-19,8,36,0,0.0
2026-02-19,9,71,1,477.18
2026-02-19,10,49,0,0.0
2026-02-19,11,27,0,0.0
2026-02-19,12,16,1,331.54
2026-02-20,1,313,7,4244.54
2026-02-20,2,149,7,2442.89
2026-02-20,3,77,1,215.41
2026-02-20,4,61,3,1550.37
2026-02-20,5,54,1,322.99
2026-02-20,6,66,1,322.83
2026-02-20,7,63,0,0.0
2026-02-20,8,47,1,1260.24
2026-02-20,9,79,1,442.06
2026-02-20,10,66,0,0.0
2026-02-20,11,37,1,436.16
2026-02-20,12,21,0,0.0
2026-02-21,1,281,9,4065.08
2026-02-21,2,155,10,4982.11
2026-02-21,3,69,3,1996.51
2026-02-21,4,61,0,0.0
2026-02-21,5,50,0,0.0
2026-02-21,6,52,3,1084.38
2026-02-21,7,68,2,739.81
2026-02-21,8,49,0,0.0
2026-02-21,9,87,2,544.88
2026-02-21,10,61,1,883.64
2026-02-21,11,38,1,1059.8
2026-02-21,12,21,1,1220.85
2026-02-22,1,188,6,3820.75
2026-02-22,2,118,1,455.28
2026-02-22,3,56,3,1239.83
2026-02-22,4,39,1,1055.19
2026-02-22,5,36,3,1811.46
2026-02-22,6,43,1,540.48
2026-02-22,7,48,0,0.0
2026-02-22,8,34,0,0.0
2026-02-22,9,62,1,301.1
2026-02-22,10,44,1,677.72
2026-02-22,11,24,1,504.1
2026-02-22,12,13,0,0.0
2026-02-23,1,312,6,3533.17
2026-02-23,2,160,5,1895.78
2026-02-23,3,81,1,312.1
2026-02-23,4,58,2,947.9
2026-02-23,5,53,0,0.0
2026-02-23,6,64,1,738.21
2026-02-23,7,68,0,0.0
2026-02-23,8,49,3,1992.72
2026-02-23,9,85,1,542.04
2026-02-23,10,68,0,0.0
2026-02-23,11,43,0,0.0
2026-02-23,12,20,1,375.58
2026-02-24,1,311,7,4301.02
2026-02-24,2,150,5,2559.82
2026-02-24,3,78,4,3135.3
2026-02-24,4,58,0,0.0
2026-02-24,5,54,1,217.35
2026-02-24,6,59,1,547.83
2026-02-24,7,59,0,0.0
2026-02-24,8,51,0,0.0
2026-02-24,9,77,0,0.0
2026-02-24,10,65,1,172.2
2026-02-24,11,38,0,0.0
2026-02-24,12,17,1,186.64
2026-02-25,1,206,6,4356.24
2026-02-25,2,109,3,2001.03
2026-02-25,3,51,1,246.83
2026-02-25,4,46,3,777.67
2026-02-25,5,36,0,0.0
2026-02-25,6,43,1,256.96
2026-02-25,7,44,0,0.0
2026-02-25,8,35,1,288.56
2026-02-25,9,57,1,240.66
2026-02-25,10,48,2,816.51
2026-02-25,11,27,0,0.0
2026-02-25,12,13,0,0.0
2026-02-26,1,267,3,1687.51
2026-02-26,2,139,8,3229.84
2026-02-26,3,73,0,0.0
2026-02-26,4,51,1,1553.28
2026-02-26,5,39,3,755.91
2026-02-26,6,53,2,407.57
2026-02-26,7,54,2,1584.54
2026-02-26,8,43,6,2429.37
2026-02-26,9,77,1,573.69
2026-02-26,10,51,0,0.0
2026-02-26,11,36,0,0.0
2026-02-26,12,17,1,1587.32
2026-02-27,1,182,10,8557.93
2026-02-27,2,108,2,708.61
2026-02-27,3,54,1,237.2
2026-02-27,4,40,1,176.28
2026-02-27,5,30,0,0.0
2026-02-27,6,36,2,1265.15
2026-02-27,7,42,1,1433.53
2026-02-27,8,32,1,468.18
2026-02-27,9,47,1,719.34
2026-02-27,10,40,3,2865.16
2026-02-27,11,23,1,248.51
2026-02-27,12,13,0,0.0
2026-02-28,1,238,6,3007.2
2026-02-28,2,154,3,971.98
2026-02-28,3,73,4,2655.43
2026-02-28,4,61,4,1741.77
2026-02-28,5,57,1,719.46
2026-02-28,6,64,0,0.0
2026-02-28,7,63,1,199.5
2026-02-28,8,41,4,1676.59
2026-02-28,9,78,3,1548.7
2026-02-28,10,64,1,253.22
2026-02-28,11,35,0,0.0
2026-02-28,12,17,1,414.24
2026-03-01,1,262,10,5245.92
2026-03-01,2,133,4,1719.9
2026-03-01,3,78,2,500.19
2026-03-01,4,76,3,953.88
2026-03-01,5,51,2,827.88
2026-03-01,6,56,2,574.14
2026-03-01,7,46,2,869.45
2026-03-01,8,45,1,430.88
2026-03-01,9,64,0,0.0
2026-03-01,10,51,0,0.0
2026-03-01,11,25,2,1168.86
2026-03-01,12,17,0,0.0
2026-03-02,1,340,7,3076.4
2026-03-02,2,155,3,2386.62
2026-03-02,3,92,2,2310.42
2026-03-02,4,99,4,2290.44
2026-03-02,5,58,1,242.32
2026-03-02,6,61,3,1598.49
2026-03-02,7,54,0,0.0
2026-03-02,8,48,3,1294.85
2026-03-02,9,75,3,1012.17
2026-03-02,10,50,2,645.71
2026-03-02,11,30,0,0.0
2026-03-02,12,28,0,0.0
2026-03-03,1,411,7,3740.44
2026-03-03,2,208,4,1958.85
2026-03-03,3,94,5,6049.71
2026-03-03,4,107,4,2423.67
2026-03-03,5,81,1,921.56
2026-03-03,6,66,4,2697.15
2026-03-03,7,61,2,1506.18
2026-03-03,8,61,1,287.14
2026-03-03,9,89,1,241.74
2026-03-03,10,69,3,670.45
2026-03-03,11,42,0,0.0
2026-03-03,12,27,0,0.0
2026-03-04,1,266,5,2804.68
2026-03-04,2,138,1,782.1
2026-03-04,3,85,3,998.34
2026-03-04,4,93,2,475.29
2026-03-04,5,63,1,585.42
2026-03-04,6,55,2,1785.4
2026-03-04,7,48,2,1092.57
2026-03-04,8,53,1,217.68
2026-03-04,9,73,3,1306.37
2026-03-04,10,52,4,1761.5
2026-03-04,11,30,0,0.0
2026-03-04,12,18,2,471.26
2026-03-05,1,353,9,6106.95
2026-03-05,2,178,6,2381.52
2026-03-05,3,90,2,1020.52
2026-03-05,4,101,2,1734.82
2026-03-05,5,71,2,437.24
2026-03-05,6,70,0,0.0
2026-03-05,7,57,1,1083.12
2026-03-05,8,58,0,0.0
2026-03-05,9,79,4,3458.79
2026-03-05,10,60,0,0.0
2026-03-05,11,35,0,0.0
2026-03-05,12,24,2,1695.99
2026-03-06,1,281,6,3965.27
2026-03-06,2,153,2,1926.97
2026-03-06,3,82,4,1907.34
2026-03-06,4,88,0,0.0
2026-03-06,5,71,1,1009.56
2026-03-06,6,66,2,1069.33
2026-03-06,7,52,2,1375.72
2026-03-06,8,52,4,1940.9
2026-03-06,9,68,2,967.75
2026-03-06,10,48,1,311.6
2026-03-06,11,33,0,0.0
2026-03-06,12,25,1,1277.45
2026-03-07,1,195,5,3101.49
2026-03-07,2,96,2,1430.3
2026-03-07,3,49,5,3069.59
2026-03-07,4,57,3,1807.41
2026-03-07,5,33,0,0.0
2026-03-07,6,38,1,604.94
2026-03-07,7,31,0,0.0
2026-03-07,8,29,1,254.69
2026-03-07,9,40,0,0.0
2026-03-07,10,33,1,1095.08
2026-03-07,11,17,1,183.86
2026-03-07,12,14,2,1234.09
2026-03-08,1,203,7,3578.51
2026-03-08,2,122,2,1658.76
2026-03-08,3,55,1,794.13
2026-03-08,4,71,5,3001.55
2026-03-08,5,44,2,1131.5
2026-03-08,6,45,1,458.56
2026-03-08,7,39,0,0.0
2026-03-08,8,36,0,0.0
2026-03-08,9,57,1,485.88
2026-03-08,10,39,2,1898.77
2026-03-08,11,21,1,277.32
2026-03-08,12,14,0,0.0
2026-03-09,1,321,8,4106.98
2026-03-09,2,171,5,1756.88
2026-03-09,3,84,2,891.76
2026-03-09,4,100,7,3708.96
2026-03-09,5,69,2,1008.09
2026-03-09,6,68,0,0.0
2026-03-09,7,54,0,0.0
2026-03-09,8,60,1,218.35
2026-03-09,9,74,2,535.31
2026-03-09,10,48,1,374.42
2026-03-09,11,29,2,1394.3
2026-03-09,12,21,1,1288.36
2026-03-10,1,260,8,3725.29
2026-03-10,2,135,3,1977.41
2026-03-10,3,71,2,1454.35
2026-03-10,4,80,4,1435.14
2026-03-10,5,51,1,1073.36
2026-03-10,6,57,2,566.4
2026-03-10,7,45,1,500.9
2026-03-10,8,49,2,641.15
2026-03-10,9,65,3,1701.57
2026-03-10,10,44,1,229.4
2026-03-10,11,27,0,0.0
2026-03-10,12,18,0,0.0
2026-03-11,1,396,9,3610.31
2026-03-11,2,223,5,2454.31
2026-03-11,3,121,3,1739.64
2026-03-11,4,112,5,3420.19
2026-03-11,5,82,0,0.0
2026-03-11,6,91,1,631.64
2026-03-11,7,75,2,2242.49
2026-03-11,8,72,1,1080.56
2026-03-11,9,103,0,0.0
2026-03-11,10,73,1,235.82
2026-03-11,11,47,2,1040.18
2026-03-11,12,27,0,0.0
2026-03-12,1,310,8,3577.98
2026-03-12,2,154,5,3137.48
2026-03-12,3,87,0,0.0
2026-03-12,4,94,3,1849.93
2026-03-12,5,62,2,1593.32
2026-03-12,6,60,4,1442.26
2026-03-12,7,50,1,190.72
2026-03-12,8,55,2,770.17
2026-03-12,9,64,3,2202.7
2026-03-12,10,47,2,1523.84
2026-03-12,11,32,0,0.0
2026-03-12,12,20,1,452.44
2026-03-13,1,485,13,6874.89
2026-03-13,2,215,2,1005.2
2026-03-13,3,119,0,0.0
2026-03-13,4,144,4,3109.88
2026-03-13,5,92,3,2791.23
2026-03-13,6,96,4,2605.89
2026-03-13,7,71,2,961.74
2026-03-13,8,77,4,1468.78
2026-03-13,9,94,1,1015.05
2026-03-13,10,80,2,902.41
2026-03-13,11,45,1,245.22
2026-03-13,12,30,1,820.96
2026-03-14,1,304,9,5398.06
2026-03-14,2,165,2,919.1
2026-03-14,3,93,2,1480.82
2026-03-14,4,91,3,766.75
2026-03-14,5,71,1,233.75
2026-03-14,6,66,3,1109.9
2026-03-14,7,51,1,1313.08
2026-03-14,8,52,3,2332.78
2026-03-14,9,78,5,1492.96
2026-03-14,10,52,2,1141.31
2026-03-14,11,34,0,0.0
2026-03-14,12,21,0,0.0
2026-03-15,1,515,13,6097.16
2026-03-15,2,251,5,3121.52
2026-03-15,3,138,6,3920.1
2026-03-15,4,147,2,2721.6
2026-03-15,5,89,2,1520.06
2026-03-15,6,97,1,809.79
2026-03-15,7,73,5,4417.55
2026-03-15,8,81,1,907.2
2026-03-15,9,116,5,1768.52
2026-03-15,10,77,2,2000.2
2026-03-15,11,46,0,0.0
2026-03-15,12,34,0,0.0
2026-03-16,1,189,1,289.8
2026-03-16,2,118,2,1532.3
2026-03-16,3,60,3,1531.45
2026-03-16,4,58,1,614.4
2026-03-16,5,36,1,692.08
2026-03-16,6,40,3,2092.97
2026-03-16,7,34,3,992.93
2026-03-16,8,36,1,851.31
2026-03-16,9,49,3,2533.88
2026-03-16,10,37,2,1311.16
2026-03-16,11,20,0,0.0
2026-03-16,12,14,1,255.43
2026-03-17,1,303,7,4311.82
2026-03-17,2,160,6,2673.05
2026-03-17,3,87,3,2178.68
2026-03-17,4,96,2,1767.3
2026-03-17,5,67,1,1121.28
2026-03-17,6,66,2,579.15
2026-03-17,7,48,0,0.0
2026-03-17,8,54,2,470.91
2026-03-17,9,71,3,1051.02
2026-03-17,10,54,0,0.0
2026-03-17,11,32,0,0.0
2026-03-17,12,20,0,0.0
2026-03-18,1,445,10,6106.61
2026-03-18,2,227,6,2715.07
2026-03-18,3,126,5,3781.94
2026-03-18,4,140,4,1802.86
2026-03-18,5,95,3,3267.28
2026-03-18,6,93,3,2447.45
2026-03-18,7,67,1,2014.88
2026-03-18,8,79,3,1432.62
2026-03-18,9,108,2,1564.98
2026-03-18,10,87,2,562.99
2026-03-18,11,47,0,0.0
2026-03-18,12,32,0,0.0
2026-03-19,1,414,7,5542.48
2026-03-19,2,205,7,3264.48
2026-03-19,3,103,1,1334.04
2026-03-19,4,123,2,1657.61
2026-03-19,5,83,1,1215.52
2026-03-19,6,79,3,806.58
2026-03-19,7,58,0,0.0
2026-03-19,8,63,0,0.0
2026-03-19,9,93,4,3812.14
2026-03-19,10,76,2,854.14
2026-03-19,11,39,0,0.0
2026-03-19,12,31,0,0.0
2026-03-20,1,344,7,5033.64
2026-03-20,2,175,3,2896.26
2026-03-20,3,92,5,2609.91
2026-03-20,4,111,3,1644.42
2026-03-20,5,68,0,0.0
2026-03-20,6,70,2,487.74
2026-03-20,7,55,1,264.76
2026-03-20,8,54,2,2396.86
2026-03-20,9,86,1,230.49
2026-03-20,10,52,5,1902.71
2026-03-20,11,34,0,0.0
2026-03-20,12,24,0,0.0
2026-03-21,1,258,10,4966.85
2026-03-21,2,134,4,3222.56
2026-03-21,3,79,0,0.0
2026-03-21,4,87,4,1670.39
2026-03-21,5,59,2,1643.64
2026-03-21,6,52,2,679.97
2026-03-21,7,47,1,264.24
2026-03-21,8,45,1,277.35
2026-03-21,9,57,3,3348.41
2026-03-21,10,43,0,0.0
2026-03-21,11,31,1,263.35
2026-03-21,12,17,2,526.12
2026-03-22,1,370,8,4788.25
2026-03-22,2,184,6,5848.93
2026-03-22,3,88,0,0.0
2026-03-22,4,119,5,3153.23
2026-03-22,5,73,2,763.14
2026-03-22,6,70,1,209.35
2026-03-22,7,64,1,269.74
2026-03-22,8,54,1,310.54
2026-03-22,9,82,3,1231.83
2026-03-22,10,63,2,808.62
2026-03-22,11,37,0,0.0
2026-03-22,12,25,1,270.61
2026-03-23,1,289,8,4139.39
2026-03-23,2,145,3,1659.28
2026-03-23,3,72,4,2389.68
2026-03-23,4,82,3,1534.48
2026-03-23,5,60,2,715.47
2026-03-23,6,54,2,2709.86
2026-03-23,7,43,0,0.0
2026-03-23,8,51,0,0.0
2026-03-23,9,81,2,1235.38
2026-03-23,10,47,3,1161.76
2026-03-23,11,27,0,0.0
2026-03-23,12,21,0,0.0
2026-03-24,1,408,9,6167.92
2026-03-24,2,216,5,3580.78
2026-03-24,3,100,3,1283.26
2026-03-24,4,117,1,504.2
2026-03-24,5,88,2,1865.37
2026-03-24,6,83,2,1496.07
2026-03-24,7,67,2,1195.65
2026-03-24,8,74,2,790.08
2026-03-24,9,99,0,0.0
2026-03-24,10,71,2,1487.54
2026-03-24,11,45,2,1092.05
2026-03-24,12,28,0,0.0
2026-03-25,1,373,8,3127.91
2026-03-25,2,215,7,2935.54
2026-03-25,3,109,4,2400.51
2026-03-25,4,118,2,2223.45
2026-03-25,5,85,1,547.66
2026-03-25,6,75,1,857.04
2026-03-25,7,67,1,269.8
2026-03-25,8,66,4,1910.26
2026-03-25,9,105,2,755.94
2026-03-25,10,74,1,248.23
2026-03-25,11,40,0,0.0
2026-03-25,12,29,0,0.0
2026-03-26,1,449,12,6035.68
2026-03-26,2,243,6,2882.33
2026-03-26,3,120,3,1128.78
2026-03-26,4,151,4,2468.46
2026-03-26,5,103,4,1655.38
2026-03-26,6,91,3,4074.08
2026-03-26,7,81,1,1268.0
2026-03-26,8,87,3,2902.73
2026-03-26,9,118,2,1375.4
2026-03-26,10,77,3,1663.34
2026-03-26,11,43,0,0.0
2026-03-26,12,33,1,250.79
2026-03-27,1,448,11,6820.82
2026-03-27,2,237,4,3016.8
2026-03-27,3,129,3,2078.32
2026-03-27,4,138,4,1627.41
2026-03-27,5,108,4,3132.33
2026-03-27,6,96,2,1531.72
2026-03-27,7,77,2,844.92
2026-03-27,8,88,2,1636.6
2026-03-27,9,112,2,604.76
2026-03-27,10,77,2,774.13
2026-03-27,11,47,1,301.05
2026-03-27,12,32,0,0.0
2026-03-28,1,363,6,4737.79
2026-03-28,2,200,6,3757.27
2026-03-28,3,101,5,3147.62
2026-03-28,4,108,0,0.0
2026-03-28,5,76,2,1307.28
2026-03-28,6,75,1,509.7
2026-03-28,7,59,2,3529.25
2026-03-28,8,56,2,1410.27
2026-03-28,9,81,5,3456.73
2026-03-28,10,60,2,1713.82
2026-03-28,11,36,0,0.0
2026-03-28,12,24,1,554.5
2026-03-29,1,262,13,8127.42
2026-03-29,2,161,5,2380.21
2026-03-29,3,90,0,0.0
2026-03-29,4,101,4,1712.68
2026-03-29,5,58,3,2076.52
2026-03-29,6,65,2,1675.38
2026-03-29,7,54,2,1031.18
2026-03-29,8,52,1,851.94
2026-03-29,9,74,1,788.73
2026-03-29,10,55,1,650.72
2026-03-29,11,28,0,0.0
2026-03-29,12,21,0,0.0
2026-03-30,1,328,10,5565.94
2026-03-30,2,176,8,3361.19
2026-03-30,3,88,2,834.19
2026-03-30,4,99,1,217.84
2026-03-30,5,66,1,282.09
2026-03-30,6,63,1,914.37
2026-03-30,7,55,0,0.0
2026-03-30,8,56,3,2804.32
2026-03-30,9,80,2,940.89
2026-03-30,10,51,2,1709.6
2026-03-30,11,30,0,0.0
2026-03-30,12,23,0,0.0
2026-03-31,1,206,8,6820.09
2026-03-31,2,113,7,5893.49
2026-03-31,3,55,3,1038.69
2026-03-31,4,73,3,822.46
2026-03-31,5,46,1,348.39
2026-03-31,6,47,0,0.0
2026-03-31,7,36,2,730.76
2026-03-31,8,36,0,0.0
2026-03-31,9,54,0,0.0
2026-03-31,10,34,1,351.75
2026-03-31,11,22,2,1314.65
2026-03-31,12,15,0,0.0
2026-04-01,1,229,8,4899.66
2026-04-01,2,128,4,1988.62
2026-04-01,3,69,3,1855.65
2026-04-01,4,82,4,3625.37
2026-04-01,5,48,1,331.74
2026-04-01,6,50,2,1230.0
2026-04-01,7,44,2,1911.9
2026-04-01,8,46,0,0.0
2026-04-01,9,64,2,782.56
2026-04-01,10,45,0,0.0
2026-04-01,11,27,1,556.28
2026-04-01,12,16,0,0.0
2026-04-02,1,332,8,6608.65
2026-04-02,2,177,5,2965.69
2026-04-02,3,102,2,1489.51
2026-04-02,4,100,2,2422.48
2026-04-02,5,82,5,3916.45
2026-04-02,6,66,1,992.72
2026-04-02,7,57,0,0.0
2026-04-02,8,62,4,1768.52
2026-04-02,9,84,0,0.0
2026-04-02,10,59,1,963.63
2026-04-02,11,35,2,1520.44
2026-04-02,12,25,0,0.0
2026-04-03,1,397,9,4068.08
2026-04-03,2,180,4,2351.96
2026-04-03,3,100,7,3456.21
2026-04-03,4,110,3,1773.79
2026-04-03,5,68,2,922.91
2026-04-03,6,70,4,1555.18
2026-04-03,7,60,0,0.0
2026-04-03,8,65,3,2695.89
2026-04-03,9,81,3,2195.15
2026-04-03,10,67,2,1694.25
2026-04-03,11,40,2,2858.08
2026-04-03,12,24,1,283.77
2026-04-04,1,342,13,9346.28
2026-04-04,2,156,7,6345.27
2026-04-04,3,89,4,4324.86
2026-04-04,4,100,0,0.0
2026-04-04,5,75,2,1255.17
2026-04-04,6,67,1,596.7
2026-04-04,7,54,1,1214.79
2026-04-04,8,56,1,243.69
2026-04-04,9,77,1,492.14
2026-04-04,10,59,2,1491.91
2026-04-04,11,31,2,870.64
2026-04-04,12,24,2,987.42
2026-04-05,1,429,12,5855.55
2026-04-05,2,261,8,6327.05
2026-04-05,3,143,1,618.0
2026-04-05,4,130,4,2304.92
2026-04-05,5,104,1,265.19
2026-04-05,6,96,1,337.95
2026-04-05,7,80,3,2047.92
2026-04-05,8,82,2,2635.92
2026-04-05,9,113,0,0.0
2026-04-05,10,74,2,604.9
2026-04-05,11,50,2,1807.24
2026-04-05,12,32,0,0.0
2026-04-06,1,460,12,8842.19
2026-04-06,2,232,5,3671.22
2026-04-06,3,121,4,2340.46
2026-04-06,4,138,6,3309.2
2026-04-06,5,87,3,2780.66
2026-04-06,6,104,2,1424.24
2026-04-06,7,70,3,1615.35
2026-04-06,8,74,5,3035.78
2026-04-06,9,110,3,989.79
2026-04-06,10,77,2,1769.2
2026-04-06,11,41,3,4964.89
2026-04-06,12,27,1,337.5
2026-04-07,1,240,4,3184.71
2026-04-07,2,119,2,2565.22
2026-04-07,3,67,5,3755.76
2026-04-07,4,84,1,580.9
2026-04-07,5,53,3,1575.46
2026-04-07,6,59,1,915.0
2026-04-07,7,41,1,1282.64
2026-04-07,8,40,0,0.0
2026-04-07,9,59,1,304.85
2026-04-07,10,40,4,2864.89
2026-04-07,11,26,0,0.0
2026-04-07,12,18,0,0.0
2026-04-08,1,359,9,7520.37
2026-04-08,2,175,10,5534.71
2026-04-08,3,96,1,288.62
2026-04-08,4,106,1,1125.0
2026-04-08,5,80,1,902.32
2026-04-08,6,75,2,1735.71
2026-04-08,7,67,1,827.4
2026-04-08,8,56,0,0.0
2026-04-08,9,100,4,2323.77
2026-04-08,10,66,4,3332.87
2026-04-08,11,39,0,0.0
2026-04-08,12,24,0,0.0
2026-04-09,1,318,9,6359.03
2026-04-09,2,142,4,2608.88
2026-04-09,3,84,4,2287.0
2026-04-09,4,93,3,1201.32
2026-04-09,5,59,3,2710.47
2026-04-09,6,61,4,1915.72
2026-04-09,7,50,1,865.71
2026-04-09,8,46,2,838.3
2026-04-09,9,66,3,4604.47
2026-04-09,10,45,3,3369.03
2026-04-09,11,31,0,0.0
2026-04-09,12,22,0,0.0
2026-04-10,1,443,15,9668.59
2026-04-10,2,203,7,6563.34
2026-04-10,3,109,3,3735.63
2026-04-10,4,117,2,1561.87
2026-04-10,5,84,3,2655.98
2026-04-10,6,90,1,883.17
2026-04-10,7,75,4,2666.68
2026-04-10,8,69,3,1011.5
2026-04-10,9,104,4,1977.18
2026-04-10,10,66,5,4827.59
2026-04-10,11,40,1,579.86
2026-04-10,12,28,2,487.2
2026-04-11,1,415,15,7588.16
2026-04-11,2,190,9,4683.42
2026-04-11,3,126,2,1120.88
2026-04-11,4,134,3,3587.13
2026-04-11,5,94,4,2766.29
2026-04-11,6,80,2,497.91
2026-04-11,7,76,3,2523.71
2026-04-11,8,77,1,280.34
2026-04-11,9,110,0,0.0
2026-04-11,10,70,0,0.0
2026-04-11,11,40,0,0.0
2026-04-11,12,29,1,273.78
2026-04-12,1,432,10,6334.08
2026-04-12,2,254,8,5940.15
2026-04-12,3,112,4,2701.92
2026-04-12,4,138,1,397.35
2026-04-12,5,96,1,588.5
2026-04-12,6,96,4,2918.09
2026-04-12,7,69,3,1582.11
2026-04-12,8,71,3,2750.67
2026-04-12,9,110,4,2082.01
2026-04-12,10,73,2,1258.29
2026-04-12,11,48,2,629.99
2026-04-12,12,34,1,320.09
2026-04-13,1,333,12,12371.32
2026-04-13,2,168,2,1385.03
2026-04-13,3,101,4,2251.3
2026-04-13,4,113,2,567.91
2026-04-13,5,68,2,686.7
2026-04-13,6,67,4,2675.38
2026-04-13,7,55,1,306.05
2026-04-13,8,68,3,1236.92
2026-04-13,9,90,0,0.0
2026-04-13,10,59,1,809.55
2026-04-13,11,35,0,0.0
2026-04-13,12,24,0,0.0
2026-04-14,1,390,10,6562.66
2026-04-14,2,184,4,3847.4
2026-04-14,3,107,1,620.78
2026-04-14,4,122,2,1832.45
2026-04-14,5,83,4,3730.58
2026-04-14,6,82,1,991.56
2026-04-14,7,71,1,304.42
2026-04-14,8,66,1,1081.72
2026-04-14,9,102,2,2438.86
2026-04-14,10,63,4,3649.44
2026-04-14,11,42,1,1243.24
2026-04-14,12,28,1,301.01
2026-04-15,1,447,7,6646.49
2026-04-15,2,223,8,4841.61
2026-04-15,3,103,1,251.84
2026-04-15,4,122,8,5872.29
2026-04-15,5,87,0,0.0
2026-04-15,6,78,1,304.46
2026-04-15,7,76,2,1943.81
2026-04-15,8,63,1,1450.36
2026-04-15,9,108,4,2671.66
2026-04-15,10,74,3,3115.97
2026-04-15,11,42,1,340.24
2026-04-15,12,29,1,309.04
2026-04-16,1,506,20,12527.96
2026-04-16,2,256,3,2748.93
2026-04-16,3,145,3,3746.67
2026-04-16,4,157,8,4801.55
2026-04-16,5,106,0,0.0
2026-04-16,6,99,3,2838.0
2026-04-16,7,75,0,0.0
2026-04-16,8,86,3,1444.93
2026-04-16,9,122,1,702.38
2026-04-16,10,82,5,2422.81
2026-04-16,11,59,2,1370.18
2026-04-16,12,35,0,0.0
2026-04-17,1,265,11,7482.54
2026-04-17,2,141,4,3524.01
2026-04-17,3,75,0,0.0
2026-04-17,4,85,1,315.15
2026-04-17,5,55,2,954.1
2026-04-17,6,56,1,703.22
2026-04-17,7,51,1,779.79
2026-04-17,8,48,1,1390.56
2026-04-17,9,69,3,1167.23
2026-04-17,10,43,2,1472.55
2026-04-17,11,25,1,690.74
2026-04-17,12,19,1,288.38
2026-04-18,1,471,13,10749.3
2026-04-18,2,224,5,4255.27
2026-04-18,3,124,4,2374.86
2026-04-18,4,125,6,3427.17
2026-04-18,5,94,4,2147.44
2026-04-18,6,90,5,2179.9
2026-04-18,7,81,3,1614.02
2026-04-18,8,74,2,600.41
2026-04-18,9,103,1,294.88
2026-04-18,10,75,3,3349.0
2026-04-18,11,44,2,584.72
2026-04-18,12,31,1,1012.02
2026-04-19,1,384,13,9914.63
2026-04-19,2,199,5,2661.06
2026-04-19,3,102,3,2195.97
2026-04-19,4,128,2,653.49
2026-04-19,5,79,1,608.24
2026-04-19,6,79,3,1931.96
2026-04-19,7,64,1,760.04
2026-04-19,8,67,4,2648.73
2026-04-19,9,92,2,1185.12
2026-04-19,10,64,0,0.0
2026-04-19,11,37,1,1098.56
2026-04-19,12,24,0,0.0
2026-04-20,1,398,9,5791.84
2026-04-20,2,195,7,5760.98
2026-04-20,3,106,0,0.0
2026-04-20,4,124,6,3144.87
2026-04-20,5,70,0,0.0
2026-04-20,6,82,3,2065.26
2026-04-20,7,61,2,559.45
2026-04-20,8,75,3,1892.45
2026-04-20,9,85,1,643.74
2026-04-20,10,64,1,1145.4
2026-04-20,11,38,0,0.0
2026-04-20,12,24,2,1687.92
2026-04-21,1,487,16,10647.81
2026-04-21,2,211,4,1534.96
2026-04-21,3,102,4,5072.54
2026-04-21,4,129,6,3498.56
2026-04-21,5,83,1,358.5
2026-04-21,6,89,1,259.32
2026-04-21,7,68,2,1706.9
2026-04-21,8,78,4,3755.53
2026-04-21,9,109,0,0.0
2026-04-21,10,73,3,2112.13
2026-04-21,11,51,1,245.74
2026-04-21,12,27,0,0.0
2026-04-22,1,318,16,8450.39
2026-04-22,2,180,5,2624.98
2026-04-22,3,95,1,293.15
2026-04-22,4,109,4,2532.7
2026-04-22,5,75,2,665.43
2026-04-22,6,75,2,2290.34
2026-04-22,7,59,1,295.0
2026-04-22,8,54,3,1478.98
2026-04-22,9,79,1,552.5
2026-04-22,10,52,1,262.72
2026-04-22,11,39,0,0.0
2026-04-22,12,21,0,0.0
2026-04-23,1,338,11,7823.43
2026-04-23,2,175,3,3946.16
2026-04-23,3,91,2,1366.36
2026-04-23,4,107,4,2158.94
2026-04-23,5,64,3,1363.9
2026-04-23,6,63,3,2028.86
2026-04-23,7,61,1,631.6
2026-04-23,8,53,0,0.0
2026-04-23,9,82,0,0.0
2026-04-23,10,57,1,256.3
2026-04-23,11,35,0,0.0
2026-04-23,12,23,1,1486.04
2026-04-24,1,381,11,7968.02
2026-04-24,2,197,3,2162.55
2026-04-24,3,97,6,3173.4
2026-04-24,4,119,1,1800.54
2026-04-24,5,81,2,2315.89
2026-04-24,6,75,4,2277.03
2026-04-24,7,65,0,0.0
2026-04-24,8,61,1,297.59
2026-04-24,9,93,2,1793.84
2026-04-24,10,64,2,1926.47
2026-04-24,11,38,1,713.96
2026-04-24,12,22,0,0.0
2026-04-25,1,354,8,5706.66
2026-04-25,2,186,8,5278.91
2026-04-25,3,103,2,1451.77
2026-04-25,4,97,3,2647.8
2026-04-25,5,62,2,704.54
2026-04-25,6,75,4,2463.74
2026-04-25,7,65,2,2786.9
2026-04-25,8,61,1,290.04
2026-04-25,9,77,2,594.0
2026-04-25,10,54,0,0.0
2026-04-25,11,34,1,288.47
2026-04-25,12,26,1,680.04
2026-04-26,1,300,10,6619.48
2026-04-26,2,170,3,2980.28
2026-04-26,3,75,2,699.72
2026-04-26,4,99,4,1895.02
2026-04-26,5,60,0,0.0
2026-04-26,6,67,1,290.44
2026-04-26,7,54,1,593.62
2026-04-26,8,51,1,290.69
2026-04-26,9,78,1,304.85
2026-04-26,10,55,2,1634.85
2026-04-26,11,31,1,1362.92
2026-04-26,12,21,1,697.0
2026-04-27,1,385,11,7260.68
2026-04-27,2,195,3,947.22
2026-04-27,3,107,2,1766.48
2026-04-27,4,115,6,3450.77
2026-04-27,5,84,2,2196.62
2026-04-27,6,88,2,1525.86
2026-04-27,7,65,2,1182.12
2026-04-27,8,70,1,360.64
2026-04-27,9,95,2,1614.11
2026-04-27,10,68,1,920.67
2026-04-27,11,41,2,575.6
2026-04-27,12,28,2,1208.86
2026-04-28,1,277,13,8138.07
2026-04-28,2,169,4,1787.69
2026-04-28,3,82,5,2793.7
2026-04-28,4,95,2,833.48
2026-04-28,5,60,3,1196.08
2026-04-28,6,64,0,0.0
2026-04-28,7,60,0,0.0
2026-04-28,8,51,2,980.28
2026-04-28,9,70,2,830.67
2026-04-28,10,56,2,2220.98
2026-04-28,11,33,2,554.46
2026-04-28,12,22,0,0.0
2026-04-29,1,367,12,7420.5
2026-04-29,2,187,4,2929.89
2026-04-29,3,99,1,1268.16
2026-04-29,4,103,1,1122.68
2026-04-29,5,66,1,266.03
2026-04-29,6,69,0,0.0
2026-04-29,7,54,4,2817.24
2026-04-29,8,58,1,1014.78
2026-04-29,9,81,2,655.43
2026-04-29,10,68,1,914.76
2026-04-29,11,38,0,0.0
2026-04-29,12,23,0,0.0
2026-04-30,1,380,13,11100.39
2026-04-30,2,171,7,3692.31
2026-04-30,3,89,2,637.66
2026-04-30,4,118,4,1824.24
2026-04-30,5,78,1,1653.28
2026-04-30,6,75,0,0.0
2026-04-30,7,60,0,0.0
2026-04-30,8,61,4,3078.61
2026-04-30,9,83,0,0.0
2026-04-30,10,63,1,1981.0
2026-04-30,11,39,2,1475.88
2026-04-30,12,25,0,0.0
2026-05-01,1,488,11,7002.58
2026-05-01,2,213,5,3215.1
2026-05-01,3,132,2,925.92
2026-05-01,4,136,4,3530.85
2026-05-01,5,86,1,710.22
2026-05-01,6,92,1,707.22
2026-05-01,7,74,3,2591.9
2026-05-01,8,82,0,0.0
2026-05-01,9,121,3,1015.12
2026-05-01,10,75,0,0.0
2026-05-01,11,47,2,1014.76
2026-05-01,12,28,0,0.0
2026-05-02,1,414,11,7446.29
2026-05-02,2,222,7,3880.09
2026-05-02,3,104,2,1575.88
2026-05-02,4,123,3,2060.97
2026-05-02,5,77,0,0.0
2026-05-02,6,77,2,1259.66
2026-05-02,7,68,3,1902.36
2026-05-02,8,64,1,603.06
2026-05-02,9,96,1,331.97
2026-05-02,10,69,1,526.4
2026-05-02,11,39,1,615.7
2026-05-02,12,29,0,0.0
2026-05-03,1,304,10,9002.62
2026-05-03,2,160,3,2428.66
2026-05-03,3,97,4,2566.41
2026-05-03,4,98,2,585.78
2026-05-03,5,68,2,1701.92
2026-05-03,6,59,2,859.18
2026-05-03,7,45,1,1175.12
2026-05-03,8,46,4,3020.66
2026-05-03,9,74,1,996.6
2026-05-03,10,50,2,2098.88
2026-05-03,11,31,1,315.67
2026-05-03,12,18,0,0.0
2026-05-04,1,251,8,3991.72
2026-05-04,2,116,1,703.72
2026-05-04,3,63,1,1864.26
2026-05-04,4,76,3,1740.34
2026-05-04,5,47,1,279.87
2026-05-04,6,49,2,2191.64
2026-05-04,7,39,1,2065.14
2026-05-04,8,43,0,0.0
2026-05-04,9,62,4,2889.7
2026-05-04,10,42,2,2067.24
2026-05-04,11,26,0,0.0
2026-05-04,12,13,0,0.0
2026-05-05,1,263,12,11474.27
2026-05-05,2,133,2,1280.67
2026-05-05,3,72,1,1115.76
2026-05-05,4,84,0,0.0
2026-05-05,5,52,0,0.0
2026-05-05,6,56,2,2607.68
2026-05-05,7,39,1,621.22
2026-05-05,8,46,0,0.0
2026-05-05,9,64,0,0.0
2026-05-05,10,46,5,5725.39
2026-05-05,11,26,1,584.96
2026-05-05,12,16,2,1380.54
2026-05-06,1,421,7,4576.25
2026-05-06,2,193,4,3040.19
2026-05-06,3,112,0,0.0
2026-05-06,4,117,2,664.46
2026-05-06,5,77,2,2247.36
2026-05-06,6,91,3,1892.09
2026-05-06,7,69,0,0.0
2026-05-06,8,66,5,2707.19
2026-05-06,9,101,1,1507.4
2026-05-06,10,62,3,956.04
2026-05-06,11,41,0,0.0
2026-05-06,12,27,0,0.0
2026-05-07,1,433,14,7930.11
2026-05-07,2,196,5,2786.62
2026-05-07,3,119,3,2217.87
2026-05-07,4,120,6,3703.35
2026-05-07,5,87,1,1413.9
2026-05-07,6,74,2,931.4
2026-05-07,7,72,0,0.0
2026-05-07,8,79,3,2177.1
2026-05-07,9,93,3,2378.67
2026-05-07,10,74,3,1213.24
2026-05-07,11,42,1,341.63
2026-05-07,12,28,0,0.0
2026-05-08,1,477,9,7232.93
2026-05-08,2,222,5,4014.25
2026-05-08,3,124,5,4246.98
2026-05-08,4,139,3,1486.19
2026-05-08,5,91,7,5485.96
2026-05-08,6,92,3,1348.09
2026-05-08,7,73,2,665.47
2026-05-08,8,72,2,2047.28
2026-05-08,9,112,3,2444.92
2026-05-08,10,78,1,315.15
2026-05-08,11,44,2,1519.67
2026-05-08,12,32,1,1208.64
2026-05-09,1,258,7,6416.6
2026-05-09,2,134,6,2883.46
2026-05-09,3,76,3,2053.09
2026-05-09,4,81,6,3631.14
2026-05-09,5,60,2,1732.88
2026-05-09,6,59,1,560.36
2026-05-09,7,48,1,347.65
2026-05-09,8,51,1,565.64
2026-05-09,9,69,2,1220.93
2026-05-09,10,48,3,1548.34
2026-05-09,11,29,1,1065.54
2026-05-09,12,19,0,0.0
2026-05-10,1,371,11,6724.64
2026-05-10,2,168,3,3227.7
2026-05-10,3,90,1,1268.96
2026-05-10,4,102,6,3335.16
2026-05-10,5,72,3,3178.04
2026-05-10,6,63,4,2400.1
2026-05-10,7,56,0,0.0
2026-05-10,8,59,0,0.0
2026-05-10,9,73,1,563.98
2026-05-10,10,55,1,360.7
2026-05-10,11,33,0,0.0
2026-05-10,12,23,0,0.0
2026-05-11,1,426,9,5452.41
2026-05-11,2,185,5,3158.46
2026-05-11,3,114,3,3819.38
2026-05-11,4,120,3,3029.39
2026-05-11,5,71,2,1349.48
2026-05-11,6,72,3,1209.73
2026-05-11,7,65,0,0.0
2026-05-11,8,66,0,0.0
2026-05-11,9,103,2,1546.35
2026-05-11,10,69,3,1097.78
2026-05-11,11,41,0,0.0
2026-05-11,12,26,0,0.0
2026-05-12,1,355,8,5290.37
2026-05-12,2,195,3,2072.63
2026-05-12,3,91,1,316.08
2026-05-12,4,114,3,2739.35
2026-05-12,5,74,1,632.16
2026-05-12,6,82,2,980.09
2026-05-12,7,55,2,1750.24
2026-05-12,8,62,2,1267.98
2026-05-12,9,80,3,1587.88
2026-05-12,10,62,2,1701.68
2026-05-12,11,37,2,1297.41
2026-05-12,12,23,1,581.1
2026-05-13,1,590,7,5883.42
2026-05-13,2,302,7,3941.03
2026-05-13,3,161,4,2705.51
2026-05-13,4,168,5,5655.69
2026-05-13,5,122,3,3624.89
2026-05-13,6,116,5,3547.18
2026-05-13,7,95,4,2362.05
2026-05-13,8,90,3,1980.18
2026-05-13,9,124,1,362.42
2026-05-13,10,90,3,3688.38
2026-05-13,11,57,0,0.0
2026-05-13,12,34,0,0.0
2026-05-14,1,356,8,7035.97
2026-05-14,2,217,6,4106.98
2026-05-14,3,106,2,927.44
2026-05-14,4,125,4,3844.1
2026-05-14,5,69,2,1384.26
2026-05-14,6,78,1,777.56
2026-05-14,7,64,3,1697.37
2026-05-14,8,59,5,3404.42
2026-05-14,9,87,2,751.33
2026-05-14,10,68,3,1810.24
2026-05-14,11,36,0,0.0
2026-05-14,12,27,0,0.0
2026-05-15,1,298,7,6167.11
2026-05-15,2,176,3,2562.92
2026-05-15,3,81,4,2601.99
2026-05-15,4,100,5,1933.52
2026-05-15,5,62,3,1029.33
2026-05-15,6,56,0,0.0
2026-05-15,7,55,3,2610.55
2026-05-15,8,60,1,658.14
2026-05-15,9,82,2,1663.74
2026-05-15,10,54,3,939.54
2026-05-15,11,32,0,0.0
2026-05-15,12,22,0,0.0
2026-05-16,1,393,9,5198.02
2026-05-16,2,215,7,4423.34
2026-05-16,3,103,4,2749.7
2026-05-16,4,130,7,5853.02
2026-05-16,5,69,3,2815.21
2026-05-16,6,87,1,268.77
2026-05-16,7,59,1,652.34
2026-05-16,8,70,1,1017.6
2026-05-16,9,98,2,1358.6
2026-05-16,10,68,2,2260.63
2026-05-16,11,41,0,0.0
2026-05-16,12,27,0,0.0
2026-05-17,1,371,13,10178.47
2026-05-17,2,178,7,2916.09
2026-05-17,3,108,2,1026.1
2026-05-17,4,123,1,334.0
2026-05-17,5,74,2,1345.38
2026-05-17,6,77,2,2338.78
2026-05-17,7,66,1,316.43
2026-05-17,8,67,1,1041.63
2026-05-17,9,88,2,1041.2
2026-05-17,10,61,1,1617.4
2026-05-17,11,34,0,0.0
2026-05-17,12,23,1,1518.16
2026-05-18,1,586,14,9367.94
2026-05-18,2,337,8,4284.67
2026-05-18,3,164,2,1072.9
2026-05-18,4,162,7,4941.49
2026-05-18,5,109,3,1012.02
2026-05-18,6,103,3,939.54
2026-05-18,7,80,4,2559.13
2026-05-18,8,101,2,1698.07
2026-05-18,9,135,3,1477.2
2026-05-18,10,91,0,0.0
2026-05-18,11,50,0,0.0
2026-05-18,12,36,0,0.0
2026-05-19,1,447,10,4616.66
2026-05-19,2,219,8,7235.14
2026-05-19,3,130,2,1771.23
2026-05-19,4,152,5,4045.44
2026-05-19,5,89,1,353.83
2026-05-19,6,94,3,2323.57
2026-05-19,7,81,2,1537.65
2026-05-19,8,68,0,0.0
2026-05-19,9,98,6,3532.15
2026-05-19,10,83,3,1348.85
2026-05-19,11,45,1,683.46
2026-05-19,12,33,1,610.38
2026-05-20,1,460,9,5579.41
2026-05-20,2,228,6,4675.28
2026-05-20,3,114,5,5537.63
2026-05-20,4,139,2,1946.82
2026-05-20,5,100,3,1614.0
2026-05-20,6,96,2,725.38
2026-05-20,7,71,1,680.16
2026-05-20,8,67,2,873.64
2026-05-20,9,108,6,4121.93
2026-05-20,10,77,1,1158.56
2026-05-20,11,42,0,0.0
2026-05-20,12,31,1,327.8
2026-05-21,1,310,12,8806.45
2026-05-21,2,158,5,3565.63
2026-05-21,3,89,1,338.42
2026-05-21,4,92,4,3424.39
2026-05-21,5,64,0,0.0
2026-05-21,6,64,2,954.53
2026-05-21,7,56,1,364.64
2026-05-21,8,53,1,304.54
2026-05-21,9,73,2,1192.11
2026-05-21,10,51,1,644.62
2026-05-21,11,35,4,3610.51
2026-05-21,12,20,0,0.0
2026-05-22,1,548,8,4685.55
2026-05-22,2,272,4,1894.25
2026-05-22,3,145,5,2246.62
2026-05-22,4,155,6,6059.19
2026-05-22,5,107,11,6430.63
2026-05-22,6,104,0,0.0
2026-05-22,7,97,1,976.26
2026-05-22,8,91,0,0.0
2026-05-22,9,126,5,4021.98
2026-05-22,10,92,1,1354.76
2026-05-22,11,57,1,367.24
2026-05-22,12,37,2,639.34
2026-05-23,1,332,10,5561.35
2026-05-23,2,169,3,3410.65
2026-05-23,3,93,0,0.0
2026-05-23,4,92,3,2064.01
2026-05-23,5,66,2,1979.02
2026-05-23,6,67,2,2069.32
2026-05-23,7,55,1,307.14
2026-05-23,8,55,2,1302.27
2026-05-23,9,86,3,4926.68
2026-05-23,10,57,0,0.0
2026-05-23,11,31,3,2466.55
2026-05-23,12,20,0,0.0
2026-05-24,1,306,6,4297.25
2026-05-24,2,141,1,331.19
2026-05-24,3,78,0,0.0
2026-05-24,4,86,6,4402.62
2026-05-24,5,60,3,1978.9
2026-05-24,6,56,2,1758.62
2026-05-24,7,49,3,1728.68
2026-05-24,8,48,0,0.0
2026-05-24,9,73,3,1294.8
2026-05-24,10,48,3,2237.04
2026-05-24,11,30,0,0.0
2026-05-24,12,17,0,0.0
2026-05-25,1,471,14,7912.07
2026-05-25,2,253,9,6140.14
2026-05-25,3,126,4,3268.7
2026-05-25,4,131,3,3168.95
2026-05-25,5,98,2,629.36
2026-05-25,6,107,5,4604.76
2026-05-25,7,84,0,0.0
2026-05-25,8,80,2,1663.36
2026-05-25,9,107,1,582.42
2026-05-25,10,80,1,342.78
2026-05-25,11,52,2,1629.42
2026-05-25,12,35,2,1915.48
2026-05-26,1,492,9,7561.09
2026-05-26,2,240,11,8043.96
2026-05-26,3,131,3,2439.57
2026-05-26,4,149,3,2178.39
2026-05-26,5,93,2,4423.05
2026-05-26,6,103,4,2196.55
2026-05-26,7,83,2,1001.66
2026-05-26,8,95,2,1726.41
2026-05-26,9,120,3,2936.78
2026-05-26,10,81,1,358.68
2026-05-26,11,53,1,286.52
2026-05-26,12,34,1,348.38
2026-05-27,1,318,9,5822.68
2026-05-27,2,190,5,3841.63
2026-05-27,3,98,3,3175.4
2026-05-27,4,108,2,1394.18
2026-05-27,5,72,4,2322.47
2026-05-27,6,76,2,1743.83
2026-05-27,7,61,0,0.0
2026-05-27,8,64,0,0.0
2026-05-27,9,88,3,1965.22
2026-05-27,10,64,3,3158.27
2026-05-27,11,38,0,0.0
2026-05-27,12,24,0,0.0
2026-05-28,1,376,6,7064.78
2026-05-28,2,200,6,4042.04
2026-05-28,3,93,3,3795.04
2026-05-28,4,124,4,2537.99
2026-05-28,5,80,3,2698.56
2026-05-28,6,83,2,1329.63
2026-05-28,7,63,1,954.99
2026-05-28,8,61,2,2760.9
2026-05-28,9,89,2,2837.0
2026-05-28,10,65,2,2395.76
2026-05-28,11,38,0,0.0
2026-05-28,12,26,0,0.0
2026-05-29,1,253,8,6060.11
2026-05-29,2,126,3,1285.27
2026-05-29,3,71,1,280.06
2026-05-29,4,80,5,3839.54
2026-05-29,5,55,2,1371.79
2026-05-29,6,55,2,1018.88
2026-05-29,7,46,1,310.85
2026-05-29,8,44,1,558.06
2026-05-29,9,61,1,336.41
2026-05-29,10,48,0,0.0
2026-05-29,11,25,1,1280.24
2026-05-29,12,19,1,640.84
2026-05-30,1,460,6,3858.28
2026-05-30,2,241,3,2218.75
2026-05-30,3,131,2,911.6
2026-05-30,4,142,4,3676.43
2026-05-30,5,93,5,4917.89
2026-05-30,6,93,2,1762.65
2026-05-30,7,71,0,0.0
2026-05-30,8,79,0,0.0
2026-05-30,9,101,4,1731.54
2026-05-30,10,72,4,3819.87
2026-05-30,11,46,2,968.58
2026-05-30,12,28,0,0.0
2026-05-31,1,381,7,2393.93
2026-05-31,2,231,8,6472.19
2026-05-31,3,121,2,1825.21
2026-05-31,4,123,10,8804.16
2026-05-31,5,83,4,1710.75
2026-05-31,6,87,3,2338.25
2026-05-31,7,81,0,0.0
2026-05-31,8,70,3,1010.25
2026-05-31,9,92,3,906.05
2026-05-31,10,66,0,0.0
2026-05-31,11,43,1,356.36
2026-05-31,12,28,1,1598.76
2026-06-01,1,411,12,7331.4
2026-06-01,2,186,3,2464.36
2026-06-01,3,110,3,2790.45
2026-06-01,4,175,6,6135.12
2026-06-01,5,98,2,3184.92
2026-06-01,6,82,2,590.61
2026-06-01,7,59,3,1277.19
2026-06-01,8,69,0,0.0
2026-06-01,9,94,0,0.0
2026-06-01,10,63,2,1432.51
2026-06-01,11,33,1,326.25
2026-06-01,12,27,0,0.0
2026-06-02,1,306,7,4701.15
2026-06-02,2,161,5,2679.1
2026-06-02,3,90,3,4002.6
2026-06-02,4,159,6,2889.8
2026-06-02,5,98,4,4523.26
2026-06-02,6,71,3,1355.8
2026-06-02,7,57,1,1058.32
2026-06-02,8,67,5,2666.86
2026-06-02,9,81,4,4194.55
2026-06-02,10,54,0,0.0
2026-06-02,11,32,3,2014.75
2026-06-02,12,25,1,1259.2
2026-06-03,1,520,13,10620.19
2026-06-03,2,305,6,6036.12
2026-06-03,3,132,3,2014.2
2026-06-03,4,246,7,7115.8
2026-06-03,5,134,1,669.68
2026-06-03,6,122,2,1731.51
2026-06-03,7,86,3,4307.91
2026-06-03,8,100,1,654.72
2026-06-03,9,119,3,4502.72
2026-06-03,10,85,2,2500.56
2026-06-03,11,47,0,0.0
2026-06-03,12,36,1,1775.34
2026-06-04,1,385,12,7062.96
2026-06-04,2,202,6,5179.92
2026-06-04,3,107,1,628.4
2026-06-04,4,183,4,2012.77
2026-06-04,5,94,5,2468.2
2026-06-04,6,92,3,2019.11
2026-06-04,7,64,0,0.0
2026-06-04,8,69,2,4012.25
2026-06-04,9,83,1,374.62
2026-06-04,10,63,2,984.68
2026-06-04,11,33,3,2893.55
2026-06-04,12,27,0,0.0
2026-06-05,1,416,13,9286.21
2026-06-05,2,222,8,7179.72
2026-06-05,3,106,2,1276.54
2026-06-05,4,183,4,1215.78
2026-06-05,5,107,1,356.84
2026-06-05,6,94,4,3497.58
2026-06-05,7,63,3,2369.75
2026-06-05,8,80,0,0.0
2026-06-05,9,93,5,3756.82
2026-06-05,10,69,2,1055.8
2026-06-05,11,38,1,316.46
2026-06-05,12,29,0,0.0
2026-06-06,1,274,10,7339.16
2026-06-06,2,145,4,3236.84
2026-06-06,3,70,2,1261.14
2026-06-06,4,119,3,4273.18
2026-06-06,5,75,3,2701.42
2026-06-06,6,64,2,3626.67
2026-06-06,7,44,0,0.0
2026-06-06,8,49,2,1816.69
2026-06-06,9,64,5,3636.87
2026-06-06,10,51,1,661.68
2026-06-06,11,26,0,0.0
2026-06-06,12,17,0,0.0
2026-06-07,1,516,8,4701.88
2026-06-07,2,272,6,4661.13
2026-06-07,3,134,3,3267.97
2026-06-07,4,233,6,3040.39
2026-06-07,5,133,2,3425.38
2026-06-07,6,114,1,1792.1
2026-06-07,7,75,1,1284.52
2026-06-07,8,81,4,3543.88
2026-06-07,9,121,3,1363.01
2026-06-07,10,78,0,0.0
2026-06-07,11,42,1,332.0
2026-06-07,12,39,0,0.0
2026-06-08,1,428,9,6696.82
2026-06-08,2,224,5,3350.28
2026-06-08,3,116,1,708.14
2026-06-08,4,181,6,2241.74
2026-06-08,5,100,2,1382.09
2026-06-08,6,105,1,363.96
2026-06-08,7,69,2,992.68
2026-06-08,8,81,1,296.16
2026-06-08,9,93,4,2175.51
2026-06-08,10,65,0,0.0
2026-06-08,11,44,0,0.0
2026-06-08,12,32,0,0.0
2026-06-09,1,305,13,11520.48
2026-06-09,2,185,6,5205.37
2026-06-09,3,82,1,1248.8
2026-06-09,4,136,3,956.5
2026-06-09,5,71,1,710.12
2026-06-09,6,67,1,1343.24
2026-06-09,7,47,0,0.0
2026-06-09,8,54,0,0.0
2026-06-09,9,79,2,684.7
2026-06-09,10,51,2,1579.77
2026-06-09,11,28,2,1371.98
2026-06-09,12,24,0,0.0
2026-06-10,1,473,10,4560.7
2026-06-10,2,229,12,8489.13
2026-06-10,3,113,4,1659.19
2026-06-10,4,212,9,9031.27
2026-06-10,5,110,4,3389.95
2026-06-10,6,104,2,1288.96
2026-06-10,7,65,1,1597.64
2026-06-10,8,84,0,0.0
2026-06-10,9,111,1,312.39
2026-06-10,10,68,3,2214.46
2026-06-10,11,41,1,345.12
2026-06-10,12,35,0,0.0
2026-06-11,1,362,9,9175.93
2026-06-11,2,185,6,3141.99
2026-06-11,3,95,3,2182.32
2026-06-11,4,172,5,3370.59
2026-06-11,5,77,2,1926.48
2026-06-11,6,69,2,647.02
2026-06-11,7,52,1,317.21
2026-06-11,8,65,0,0.0
2026-06-11,9,80,2,954.67
2026-06-11,10,54,2,1491.34
2026-06-11,11,34,2,915.14
2026-06-11,12,25,0,0.0
2026-06-12,1,516,14,12000.22
2026-06-12,2,253,5,2750.44
2026-06-12,3,125,0,0.0
2026-06-12,4,194,7,5116.34
2026-06-12,5,106,3,2574.6
2026-06-12,6,98,1,299.12
2026-06-12,7,66,2,675.86
2026-06-12,8,76,1,336.65
2026-06-12,9,103,2,1330.21
2026-06-12,10,86,2,631.77
2026-06-12,11,45,0,0.0
2026-06-12,12,30,0,0.0
2026-06-13,1,216,7,6412.1
2026-06-13,2,109,3,1288.58
2026-06-13,3,52,1,635.8
2026-06-13,4,97,2,1447.96
2026-06-13,5,49,0,0.0
2026-06-13,6,43,2,1747.81
2026-06-13,7,31,2,2924.72
2026-06-13,8,36,1,1385.52
2026-06-13,9,48,2,659.56
2026-06-13,10,34,1,267.3
2026-06-13,11,18,1,335.19
2026-06-13,12,16,0,0.0
2026-06-14,1,521,6,5901.51
2026-06-14,2,278,9,7362.13
2026-06-14,3,135,5,4223.55
2026-06-14,4,253,5,3217.25
2026-06-14,5,132,1,288.67
2026-06-14,6,124,4,2888.56
2026-06-14,7,88,0,0.0
2026-06-14,8,106,4,3408.91
2026-06-14,9,130,2,589.29
2026-06-14,10,96,1,1626.4
2026-06-14,11,53,2,1098.63
2026-06-14,12,39,3,3881.02
2026-06-15,1,300,3,954.34
2026-06-15,2,157,1,1115.31
2026-06-15,3,74,1,1050.08
2026-06-15,4,128,3,2348.73
2026-06-15,5,76,3,2161.38
2026-06-15,6,67,2,1256.12
2026-06-15,7,51,0,0.0
2026-06-15,8,56,3,2281.81
2026-06-15,9,70,4,1305.33
2026-06-15,10,48,3,3268.41
2026-06-15,11,31,4,5249.88
2026-06-15,12,23,0,0.0
2026-06-16,1,372,7,5457.03
2026-06-16,2,221,7,5727.71
2026-06-16,3,96,2,642.11
2026-06-16,4,211,5,3302.52
2026-06-16,5,99,2,850.47
2026-06-16,6,86,1,340.39
2026-06-16,7,50,2,1288.81
2026-06-16,8,75,2,1826.35
2026-06-16,9,88,0,0.0
2026-06-16,10,64,6,2908.41
2026-06-16,11,38,0,0.0
2026-06-16,12,30,1,1088.44
2026-06-17,1,404,6,3025.07
2026-06-17,2,214,5,2193.5
2026-06-17,3,110,2,2126.86
2026-06-17,4,183,4,2479.36
2026-06-17,5,95,3,4263.72
2026-06-17,6,98,4,3123.1
2026-06-17,7,59,2,1009.05
2026-06-17,8,80,2,1331.81
2026-06-17,9,100,1,526.68
2026-06-17,10,74,1,385.16
2026-06-17,11,37,2,2019.6
2026-06-17,12,29,2,897.56
2026-06-18,1,376,10,8323.49
2026-06-18,2,190,8,4128.56
2026-06-18,3,98,0,0.0
2026-06-18,4,175,3,1161.08
2026-06-18,5,92,1,352.85
2026-06-18,6,74,0,0.0
2026-06-18,7,64,3,2984.23
2026-06-18,8,68,3,1667.48
2026-06-18,9,84,4,2191.73
2026-06-18,10,57,0,0.0
2026-06-18,11,29,1,309.13
2026-06-18,12,23,1,828.99
2026-06-19,1,465,12,10010.93
2026-06-19,2,217,5,3500.98
2026-06-19,3,108,1,364.09
2026-06-19,4,212,8,6601.9
2026-06-19,5,117,2,1583.44
2026-06-19,6,99,1,1063.98
2026-06-19,7,76,3,3121.46
2026-06-19,8,85,2,1894.45
2026-06-19,9,108,6,2965.0
2026-06-19,10,79,2,908.4
2026-06-19,11,41,0,0.0
2026-06-19,12,32,2,1834.0
2026-06-20,1,316,8,6495.36
2026-06-20,2,165,4,3626.68
2026-06-20,3,80,3,2883.99
2026-06-20,4,168,3,2151.7
2026-06-20,5,88,3,4678.04
2026-06-20,6,71,2,1375.52
2026-06-20,7,46,0,0.0
2026-06-20,8,69,3,1058.14
2026-06-20,9,78,2,1829.3
2026-06-20,10,56,1,346.49
2026-06-20,11,29,0,0.0
2026-06-20,12,24,0,0.0
2026-06-21,1,318,10,4191.08
2026-06-21,2,140,6,4508.61
2026-06-21,3,79,1,577.68
2026-06-21,4,136,3,2212.78
2026-06-21,5,77,1,363.17
2026-06-21,6,68,2,2089.98
2026-06-21,7,45,2,981.06
2026-06-21,8,52,3,3012.44
2026-06-21,9,58,1,2167.97
2026-06-21,10,49,2,1459.2
2026-06-21,11,28,2,1395.68
2026-06-21,12,20,3,1261.75
2026-06-22,1,334,11,10085.33
2026-06-22,2,199,3,1614.79
2026-06-22,3,84,3,1185.29
2026-06-22,4,137,5,4493.97
2026-06-22,5,86,1,281.14
2026-06-22,6,71,3,2482.75
2026-06-22,7,56,2,1164.78
2026-06-22,8,65,4,2335.34
2026-06-22,9,68,2,2187.25
2026-06-22,10,55,1,295.96
2026-06-22,11,31,0,0.0
2026-06-22,12,26,1,620.7
2026-06-23,1,239,6,3824.87
2026-06-23,2,125,4,3208.6
2026-06-23,3,70,2,1562.23
2026-06-23,4,115,3,1648.01
2026-06-23,5,55,3,1652.65
2026-06-23,6,48,4,2465.66
2026-06-23,7,34,0,0.0
2026-06-23,8,43,2,683.68
2026-06-23,9,49,4,5067.19
2026-06-23,10,38,0,0.0
2026-06-23,11,21,0,0.0
2026-06-23,12,17,0,0.0
2026-06-24,1,322,8,8227.12
2026-06-24,2,163,4,2820.41
2026-06-24,3,76,4,3779.97
2026-06-24,4,138,3,2937.91
2026-06-24,5,78,1,385.43
2026-06-24,6,66,1,1802.16
2026-06-24,7,47,0,0.0
2026-06-24,8,55,2,723.79
2026-06-24,9,73,3,3015.27
2026-06-24,10,52,2,1988.6
2026-06-24,11,28,1,258.6
2026-06-24,12,24,0,0.0
2026-06-25,1,328,7,5120.87
2026-06-25,2,175,3,3113.2
2026-06-25,3,112,2,1901.14
2026-06-25,4,178,2,3919.18
2026-06-25,5,91,1,802.54
2026-06-25,6,83,2,729.06
2026-06-25,7,55,0,0.0
2026-06-25,8,78,5,2422.06
2026-06-25,9,92,1,931.17
2026-06-25,10,58,2,596.04
2026-06-25,11,35,2,2051.14
2026-06-25,12,27,0,0.0
2026-06-26,1,331,11,6694.62
2026-06-26,2,156,3,1277.73
2026-06-26,3,83,4,2862.71
2026-06-26,4,137,7,4149.24
2026-06-26,5,86,1,340.01
2026-06-26,6,73,1,345.41
2026-06-26,7,45,1,1521.16
2026-06-26,8,57,0,0.0
2026-06-26,9,69,2,2161.62
2026-06-26,10,53,1,310.26
2026-06-26,11,31,0,0.0
2026-06-26,12,24,1,1729.0
2026-06-27,1,440,11,7560.65
2026-06-27,2,221,7,4057.98
2026-06-27,3,106,2,2403.57
2026-06-27,4,193,7,4672.83
2026-06-27,5,89,1,302.43
2026-06-27,6,85,2,737.46
2026-06-27,7,55,0,0.0
2026-06-27,8,73,6,3164.81
2026-06-27,9,85,2,616.43
2026-06-27,10,67,1,653.56
2026-06-27,11,34,1,385.44
2026-06-27,12,29,1,1438.92
2026-06-28,1,460,14,9043.66
2026-06-28,2,244,10,6953.54
2026-06-28,3,121,2,666.08
2026-06-28,4,207,5,1933.08
2026-06-28,5,104,3,1664.63
2026-06-28,6,120,1,312.04
2026-06-28,7,70,2,2326.01
2026-06-28,8,93,3,1599.09
2026-06-28,9,109,0,0.0
2026-06-28,10,74,2,3060.08
2026-06-28,11,41,0,0.0
2026-06-28,12,33,0,0.0
2026-06-29,1,375,11,7274.84
2026-06-29,2,170,5,3163.08
2026-06-29,3,99,0,0.0
2026-06-29,4,158,5,5707.34
2026-06-29,5,99,1,1245.08
2026-06-29,6,86,1,1329.76
2026-06-29,7,55,2,4437.05
2026-06-29,8,64,2,3086.31
2026-06-29,9,76,3,1698.88
2026-06-29,10,61,1,1533.44
2026-06-29,11,34,0,0.0
2026-06-29,12,29,1,1388.88
2026-06-30,1,301,5,2438.14
2026-06-30,2,154,1,1334.32
2026-06-30,3,78,4,2117.32
2026-06-30,4,146,5,2527.34
2026-06-30,5,73,2,2916.57
2026-06-30,6,70,0,0.0
2026-06-30,7,48,2,1198.43
2026-06-30,8,56,3,3237.49
2026-06-30,9,76,1,1020.18
2026-06-30,10,55,0,0.0
2026-06-30,11,29,0,0.0
2026-06-30,12,24,0,0.0
2026-07-01,1,383,9,10165.96
2026-07-01,2,198,5,3089.96
2026-07-01,3,91,2,771.97
2026-07-01,4,173,5,2068.6
2026-07-01,5,89,1,361.25
2026-07-01,6,74,2,2205.1
2026-07-01,7,58,2,1779.2
2026-07-01,8,65,0,0.0
2026-07-01,9,83,2,1664.69
2026-07-01,10,61,1,526.92
2026-07-01,11,33,2,2343.34
2026-07-01,12,24,0,0.0
2026-07-02,1,380,5,4457.72
2026-07-02,2,179,5,6909.81
2026-07-02,3,90,3,1614.46
2026-07-02,4,177,4,2220.61
2026-07-02,5,87,2,2084.16
2026-07-02,6,90,4,2370.54
2026-07-02,7,57,0,0.0
2026-07-02,8,73,2,1024.45
2026-07-02,9,77,2,975.58
2026-07-02,10,54,2,735.43
2026-07-02,11,39,1,311.74
2026-07-02,12,29,2,3122.4
2026-07-03,1,393,10,8291.0
2026-07-03,2,180,5,4543.67
2026-07-03,3,95,0,0.0
2026-07-03,4,161,5,6351.1
2026-07-03,5,89,1,675.78
2026-07-03,6,83,1,348.62
2026-07-03,7,59,2,2851.86
2026-07-03,8,68,6,4717.95
2026-07-03,9,77,3,1888.4
2026-07-03,10,63,2,2011.52
2026-07-03,11,30,1,1011.75
2026-07-03,12,24,1,1291.04
2026-07-04,1,355,8,6672.54
2026-07-04,2,179,6,4114.13
2026-07-04,3,100,4,3714.8
2026-07-04,4,160,3,3125.01
2026-07-04,5,89,1,1057.2
2026-07-04,6,75,2,1002.89
2026-07-04,7,57,0,0.0
2026-07-04,8,70,1,1328.2
2026-07-04,9,83,5,4957.01
2026-07-04,10,60,1,358.06
2026-07-04,11,35,1,1697.8
2026-07-04,12,27,1,1470.52
2026-07-05,1,259,6,4047.69
2026-07-05,2,118,4,3741.9
2026-07-05,3,63,1,1395.16
2026-07-05,4,113,4,2102.42
2026-07-05,5,58,2,1848.91
2026-07-05,6,52,1,1093.8
2026-07-05,7,34,1,304.74
2026-07-05,8,53,0,0.0
2026-07-05,9,58,2,1341.96
2026-07-05,10,40,1,340.72
2026-07-05,11,25,2,964.55
2026-07-05,12,19,0,0.0
2026-07-06,1,278,7,3870.83
2026-07-06,2,148,7,4837.15
2026-07-06,3,70,2,1039.36
2026-07-06,4,132,3,2118.75
2026-07-06,5,68,2,1224.88
2026-07-06,6,58,1,361.69
2026-07-06,7,43,5,3264.92
2026-07-06,8,48,1,340.72
2026-07-06,9,64,1,307.97
2026-07-06,10,44,1,2056.74
2026-07-06,11,25,2,1013.0
2026-07-06,12,20,1,1132.38
2026-07-07,1,320,8,3224.45
2026-07-07,2,161,4,3078.38
2026-07-07,3,82,2,983.79
2026-07-07,4,142,3,2792.72
2026-07-07,5,80,1,1377.48
2026-07-07,6,70,3,2871.45
2026-07-07,7,50,2,1034.75
2026-07-07,8,54,1,318.34
2026-07-07,9,67,0,0.0
2026-07-07,10,55,3,2078.34
2026-07-07,11,29,1,652.12
2026-07-07,12,23,0,0.0
2026-07-08,1,378,9,7954.34
2026-07-08,2,188,5,4522.07
2026-07-08,3,87,0,0.0
2026-07-08,4,152,4,8029.3
2026-07-08,5,107,4,2568.44
2026-07-08,6,91,0,0.0
2026-07-08,7,63,4,5327.9
2026-07-08,8,78,5,2732.86
2026-07-08,9,87,2,1569.69
2026-07-08,10,59,1,266.85
2026-07-08,11,36,0,0.0
2026-07-08,12,27,2,1468.48
2026-07-09,1,260,5,3733.68
2026-07-09,2,138,2,693.49
2026-07-09,3,67,2,1294.5
2026-07-09,4,128,2,1037.24
2026-07-09,5,74,0,0.0
2026-07-09,6,57,2,2304.33
2026-07-09,7,43,0,0.0
2026-07-09,8,50,3,1373.18
2026-07-09,9,68,0,0.0
2026-07-09,10,47,2,1801.19
2026-07-09,11,24,0,0.0
2026-07-09,12,19,0,0.0
2026-07-10,1,353,7,3659.51
2026-07-10,2,204,9,7795.68
2026-07-10,3,91,3,2525.04
2026-07-10,4,170,3,3032.78
2026-07-10,5,95,4,3313.88
2026-07-10,6,76,4,1582.22
2026-07-10,7,59,2,2441.77
2026-07-10,8,63,0,0.0
2026-07-10,9,86,2,1664.7
2026-07-10,10,60,0,0.0
2026-07-10,11,32,0,0.0
2026-07-10,12,26,1,1166.72
2026-07-11,1,328,7,3217.48
2026-07-11,2,192,6,5590.44
2026-07-11,3,85,0,0.0
2026-07-11,4,167,1,342.53
2026-07-11,5,95,4,4327.34
2026-07-11,6,71,3,3139.17
2026-07-11,7,58,0,0.0
2026-07-11,8,64,1,1334.84
2026-07-11,9,81,1,331.53
2026-07-11,10,60,3,3858.59
2026-07-11,11,29,0,0.0
2026-07-11,12,22,1,891.78
2026-07-12,1,238,9,6990.21
2026-07-12,2,143,3,2893.68
2026-07-12,3,64,0,0.0
2026-07-12,4,120,2,651.82
2026-07-12,5,62,1,357.89
2026-07-12,6,53,1,693.02
2026-07-12,7,42,0,0.0
2026-07-12,8,47,4,1946.51
2026-07-12,9,58,0,0.0
2026-07-12,10,37,1,353.19
2026-07-12,11,24,0,0.0
2026-07-12,12,17,0,0.0
2026-07-13,1,197,7,4017.18
2026-07-13,2,106,1,964.5
2026-07-13,3,50,2,2861.14
2026-07-13,4,87,2,1655.22
2026-07-13,5,47,1,1049.4
2026-07-13,6,42,1,523.7
2026-07-13,7,31,2,1913.5
2026-07-13,8,35,1,268.35
2026-07-13,9,49,3,3597.46
2026-07-13,10,34,0,0.0
2026-07-13,11,18,1,286.17
2026-07-13,12,13,1,299.39
2026-07-14,1,240,7,6039.35
2026-07-14,2,130,7,5895.32
2026-07-14,3,71,0,0.0
2026-07-14,4,114,5,3354.34
2026-07-14,5,55,2,1033.84
2026-07-14,6,52,2,864.94
2026-07-14,7,36,1,402.2
2026-07-14,8,45,1,625.08
2026-07-14,9,54,2,1052.26
2026-07-14,10,38,1,297.61
2026-07-14,11,23,1,714.0
2026-07-14,12,15,0,0.0
2026-07-15,1,271,9,8489.91
2026-07-15,2,143,7,4128.45
2026-07-15,3,63,3,3219.9
2026-07-15,4,119,4,3551.16
2026-07-15,5,64,0,0.0
2026-07-15,6,52,0,0.0
2026-07-15,7,43,0,0.0
2026-07-15,8,55,0,0.0
2026-07-15,9,62,3,4326.13
2026-07-15,10,39,1,1595.88
2026-07-15,11,25,1,1107.93
2026-07-15,12,18,0,0.0
2026-07-16,1,305,7,6022.26
2026-07-16,2,178,5,4263.21
2026-07-16,3,82,1,373.42
2026-07-16,4,136,3,2936.67
2026-07-16,5,79,1,1289.96
2026-07-16,6,67,1,520.76
2026-07-16,7,45,1,1114.92
2026-07-16,8,61,2,708.69
2026-07-16,9,76,2,2339.01
2026-07-16,10,50,2,1002.59
2026-07-16,11,30,2,730.03
2026-07-16,12,24,1,1000.77
2026-07-17,1,305,10,7439.74
2026-07-17,2,179,3,959.05
2026-07-17,3,82,2,1255.34
2026-07-17,4,155,2,1695.07
2026-07-17,5,81,0,0.0
2026-07-17,6,75,1,1267.36
2026-07-17,7,45,1,850.74
2026-07-17,8,64,3,3820.94
2026-07-17,9,79,1,301.2
2026-07-17,10,55,0,0.0
2026-07-17,11,35,2,912.21
2026-07-17,12,23,0,0.0
2026-07-18,1,387,6,2994.21
2026-07-18,2,208,8,5113.67
2026-07-18,3,107,2,1823.06
2026-07-18,4,165,6,4143.26
2026-07-18,5,96,1,650.36
2026-07-18,6,83,2,1248.6
2026-07-18,7,53,2,2079.51
2026-07-18,8,69,1,329.77
2026-07-18,9,83,2,2598.6
2026-07-18,10,60,2,945.59
2026-07-18,11,38,0,0.0
2026-07-18,12,25,0,0.0
2026-07-19,1,286,2,659.05
2026-07-19,2,144,4,5689.46
2026-07-19,3,79,2,1308.38
2026-07-19,4,126,4,1400.31
2026-07-19,5,70,1,1724.4
2026-07-19,6,62,1,1413.2
2026-07-19,7,42,0,0.0
2026-07-19,8,49,3,3454.81
2026-07-19,9,68,0,0.0
2026-07-19,10,45,1,646.18
2026-07-19,11,27,1,1375.24
2026-07-19,12,21,1,1516.2
2026-07-20,1,400,10,9391.07
2026-07-20,2,199,3,1323.92
2026-07-20,3,95,1,657.36
2026-07-20,4,169,3,2207.87
2026-07-20,5,84,3,1675.28
2026-07-20,6,79,5,2268.34
2026-07-20,7,53,1,345.13
2026-07-20,8,74,0,0.0
2026-07-20,9,80,1,386.69
2026-07-20,10,61,2,2993.48
2026-07-20,11,33,1,637.18
2026-07-20,12,26,1,359.39
2026-07-21,1,259,11,8599.81
2026-07-21,2,119,5,5951.81
2026-07-21,3,64,4,5082.45
2026-07-21,4,106,4,4681.54
2026-07-21,5,59,0,0.0
2026-07-21,6,51,0,0.0
2026-07-21,7,37,0,0.0
2026-07-21,8,50,2,1747.6
2026-07-21,9,50,1,689.18
2026-07-21,10,37,0,0.0
2026-07-21,11,21,0,0.0
2026-07-21,12,18,0,0.0
2026-07-22,1,343,4,2444.9
2026-07-22,2,169,5,4249.71
2026-07-22,3,101,1,679.14
2026-07-22,4,140,7,3378.89
2026-07-22,5,81,0,0.0
2026-07-22,6,84,2,1498.47
2026-07-22,7,48,2,1008.46
2026-07-22,8,62,1,308.05
2026-07-22,9,86,2,927.16
2026-07-22,10,52,1,1205.96
2026-07-22,11,28,1,758.86
2026-07-22,12,24,2,1914.91
2026-07-23,1,222,8,7376.56
2026-07-23,2,122,2,1877.54
2026-07-23,3,59,3,2806.18
2026-07-23,4,94,2,1659.35
2026-07-23,5,56,1,650.16
2026-07-23,6,49,1,713.8
2026-07-23,7,35,1,301.05
2026-07-23,8,47,2,1624.11
2026-07-23,9,51,0,0.0
2026-07-23,10,37,2,1001.22
2026-07-23,11,21,0,0.0
2026-07-23,12,16,0,0.0
2026-07-24,1,291,5,3181.35
2026-07-24,2,136,0,0.0
2026-07-24,3,69,2,1256.74
2026-07-24,4,117,3,2059.9
2026-07-24,5,67,3,1788.33
2026-07-24,6,56,4,3251.14
2026-07-24,7,36,1,347.09
2026-07-24,8,46,2,678.42
2026-07-24,9,60,4,1641.63
2026-07-24,10,45,3,1930.08
2026-07-24,11,26,0,0.0
2026-07-24,12,17,0,0.0
2026-07-25,1,449,10,9596.06
2026-07-25,2,219,5,4128.14
2026-07-25,3,102,3,3198.23
2026-07-25,4,181,5,4737.58
2026-07-25,5,87,5,3653.9
2026-07-25,6,88,4,6037.34
2026-07-25,7,60,1,318.36
2026-07-25,8,72,1,781.36
2026-07-25,9,89,0,0.0
2026-07-25,10,61,0,0.0
2026-07-25,11,34,1,1548.4
2026-07-25,12,29,2,1003.9
2026-07-26,1,278,9,7054.54
2026-07-26,2,142,4,2718.03
2026-07-26,3,73,2,1455.92
2026-07-26,4,133,3,1593.27
2026-07-26,5,70,2,2025.42
2026-07-26,6,57,1,599.06
2026-07-26,7,41,1,2508.73
2026-07-26,8,52,0,0.0
2026-07-26,9,57,0,0.0
2026-07-26,10,46,0,0.0
2026-07-26,11,23,2,1452.98
2026-07-26,12,19,1,1031.67
2026-07-27,1,351,9,5983.11
2026-07-27,2,187,8,5601.65
2026-07-27,3,84,4,2615.96
2026-07-27,4,162,4,3691.68
2026-07-27,5,76,2,2054.0
2026-07-27,6,80,3,3955.42
2026-07-27,7,52,2,864.79
2026-07-27,8,64,1,1112.7
2026-07-27,9,75,5,2843.32
2026-07-27,10,61,2,636.42
2026-07-27,11,32,0,0.0
2026-07-27,12,25,1,636.74
2026-07-28,1,236,8,3479.01
2026-07-28,2,126,3,1237.19
2026-07-28,3,59,3,2052.46
2026-07-28,4,134,5,3327.01
2026-07-28,5,66,1,632.9
2026-07-28,6,55,3,1942.74
2026-07-28,7,39,1,1460.0
2026-07-28,8,56,3,5074.4
2026-07-28,9,72,1,624.16
2026-07-28,10,46,0,0.0
2026-07-28,11,25,0,0.0
2026-07-28,12,19,0,0.0
2026-07-29,1,270,6,6451.43
2026-07-29,2,161,3,1316.94
2026-07-29,3,69,1,346.46
2026-07-29,4,121,2,1336.08
2026-07-29,5,66,0,0.0
2026-07-29,6,59,1,667.02
2026-07-29,7,40,1,297.05
2026-07-29,8,53,2,1579.29
2026-07-29,9,59,2,1477.17
2026-07-29,10,38,1,313.69
2026-07-29,11,23,0,0.0
2026-07-29,12,17,0,0.0
2026-07-30,1,305,6,4871.33
2026-07-30,2,168,2,1640.38
2026-07-30,3,79,1,347.03
2026-07-30,4,143,1,971.76
2026-07-30,5,73,3,1285.87
2026-07-30,6,67,1,329.18
2026-07-30,7,48,1,351.96
2026-07-30,8,59,2,1279.16
2026-07-30,9,71,1,705.14
2026-07-30,10,54,3,1730.83
2026-07-30,11,26,0,0.0
2026-07-30,12,22,0,0.0
2026-07-31,1,284,6,3273.93
2026-07-31,2,162,7,4736.22
2026-07-31,3,71,1,688.46
2026-07-31,4,142,3,1007.08
2026-07-31,5,72,0,0.0
2026-07-31,6,62,0,0.0
2026-07-31,7,47,0,0.0
2026-07-31,8,54,1,328.42
2026-07-31,9,65,3,2154.53
2026-07-31,10,43,2,1718.61
2026-07-31,11,25,1,318.61
2026-07-31,12,22,0,0.0
2026-08-01,1,304,6,5549.84
2026-08-01,2,132,3,3653.26
2026-08-01,3,78,0,0.0
2026-08-01,4,133,4,3502.16
2026-08-01,5,70,0,0.0
2026-08-01,6,60,2,1335.48
2026-08-01,7,39,3,3493.85
2026-08-01,8,55,1,301.35
2026-08-01,9,64,1,254.27
2026-08-01,10,44,1,1112.97
2026-08-01,11,23,0,0.0
2026-08-01,12,19,1,341.49
2026-08-02,1,377,10,7382.44
2026-08-02,2,200,4,3379.32
2026-08-02,3,103,1,305.27
2026-08-02,4,170,5,2711.3
2026-08-02,5,91,1,346.46
2026-08-02,6,80,3,2384.38
2026-08-02,7,53,4,3230.34
2026-08-02,8,67,1,1560.28
2026-08-02,9,81,1,351.67
2026-08-02,10,61,2,865.92
2026-08-02,11,37,1,340.19
2026-08-02,12,27,0,0.0
2026-08-03,1,283,10,7946.98
2026-08-03,2,154,2,643.93
2026-08-03,3,76,0,0.0
2026-08-03,4,139,7,2864.24
2026-08-03,5,83,2,657.32
2026-08-03,6,72,4,4820.73
2026-08-03,7,47,1,287.18
2026-08-03,8,65,0,0.0
2026-08-03,9,70,2,1353.52
2026-08-03,10,44,1,333.99
2026-08-03,11,28,0,0.0
2026-08-03,12,22,0,0.0
2026-08-04,1,299,6,3518.36
2026-08-04,2,175,5,2158.72
2026-08-04,3,76,2,1257.42
2026-08-04,4,134,5,3151.86
2026-08-04,5,79,1,1342.88
2026-08-04,6,69,2,2795.92
2026-08-04,7,55,1,280.69
2026-08-04,8,65,1,1308.32
2026-08-04,9,67,0,0.0
2026-08-04,10,51,3,2360.18
2026-08-04,11,28,0,0.0
2026-08-04,12,25,0,0.0
2026-08-05,1,379,13,11008.02
2026-08-05,2,175,8,3910.25
2026-08-05,3,91,1,344.44
2026-08-05,4,166,2,1491.98
2026-08-05,5,96,1,316.42
2026-08-05,6,74,3,2023.27
2026-08-05,7,55,1,684.88
2026-08-05,8,66,3,2712.23
2026-08-05,9,85,1,286.03
2026-08-05,10,53,0,0.0
2026-08-05,11,33,0,0.0
2026-08-05,12,25,0,0.0
2026-08-06,1,244,7,5842.75
2026-08-06,2,141,3,2841.05
2026-08-06,3,67,2,1258.78
2026-08-06,4,126,1,336.4
2026-08-06,5,62,1,685.5
2026-08-06,6,57,0,0.0
2026-08-06,7,35,0,0.0
2026-08-06,8,50,3,2074.45
2026-08-06,9,56,1,281.17
2026-08-06,10,41,4,4716.71
2026-08-06,11,25,1,306.25
2026-08-06,12,18,0,0.0
2026-08-07,1,250,4,3035.48
2026-08-07,2,144,6,5565.25
2026-08-07,3,71,1,280.08
2026-08-07,4,126,4,1849.37
2026-08-07,5,73,1,879.69
2026-08-07,6,62,3,2503.04
2026-08-07,7,41,1,630.72
2026-08-07,8,52,1,1204.08
2026-08-07,9,57,3,2002.34
2026-08-07,10,44,1,306.32
2026-08-07,11,29,0,0.0
2026-08-07,12,21,0,0.0
2026-08-08,1,365,12,6610.24
2026-08-08,2,201,4,2006.23
2026-08-08,3,103,0,0.0
2026-08-08,4,156,5,3029.8
2026-08-08,5,88,3,2426.45
2026-08-08,6,76,0,0.0
2026-08-08,7,58,2,2216.8
2026-08-08,8,72,3,1832.15
2026-08-08,9,86,1,352.09
2026-08-08,10,59,1,358.89
2026-08-08,11,32,1,386.76
2026-08-08,12,27,0,0.0
2026-08-09,1,303,6,6274.47
2026-08-09,2,158,4,6152.51
2026-08-09,3,80,3,1487.08
2026-08-09,4,140,3,3616.08
2026-08-09,5,76,2,1269.9
2026-08-09,6,73,2,1115.46
2026-08-09,7,50,0,0.0
2026-08-09,8,65,3,1053.07
2026-08-09,9,75,3,2862.6
2026-08-09,10,53,1,604.16
2026-08-09,11,33,1,1071.33
2026-08-09,12,22,0,0.0
2026-08-10,1,206,8,6543.33
2026-08-10,2,101,3,1338.44
2026-08-10,3,56,2,655.37
2026-08-10,4,90,1,1535.52
2026-08-10,5,56,0,0.0
2026-08-10,6,42,1,584.2
2026-08-10,7,32,1,704.62
2026-08-10,8,38,1,1265.16
2026-08-10,9,49,2,1339.61
2026-08-10,10,36,1,329.38
2026-08-10,11,20,0,0.0
2026-08-10,12,15,1,687.12
2026-08-11,1,263,11,9346.99
2026-08-11,2,128,5,4497.54
2026-08-11,3,71,2,1739.7
2026-08-11,4,133,1,699.38
2026-08-11,5,68,3,1572.75
2026-08-11,6,60,0,0.0
2026-08-11,7,48,1,322.16
2026-08-11,8,55,1,610.84
2026-08-11,9,62,1,365.33
2026-08-11,10,46,1,327.56
2026-08-11,11,26,0,0.0
2026-08-11,12,22,0,0.0
2026-08-12,1,312,7,5820.08
2026-08-12,2,190,4,2373.71
2026-08-12,3,92,1,291.66
2026-08-12,4,144,4,2363.03
2026-08-12,5,83,2,1414.9
2026-08-12,6,78,4,3374.37
2026-08-12,7,50,0,0.0
2026-08-12,8,60,2,1505.42
2026-08-12,9,81,0,0.0
2026-08-12,10,50,2,1373.38
2026-08-12,11,32,0,0.0
2026-08-12,12,25,0,0.0
2026-08-13,1,194,4,1798.21
2026-08-13,2,115,2,638.44
2026-08-13,3,55,1,665.16
2026-08-13,4,104,3,1488.49
2026-08-13,5,49,2,633.62
2026-08-13,6,41,2,940.17
2026-08-13,7,30,2,1835.7
2026-08-13,8,40,0,0.0
2026-08-13,9,49,2,1477.69
2026-08-13,10,36,1,1432.36
2026-08-13,11,20,0,0.0
2026-08-13,12,16,0,0.0
2026-08-14,1,261,9,7151.9
2026-08-14,2,164,8,3002.31
2026-08-14,3,72,1,304.49
2026-08-14,4,121,1,345.85
2026-08-14,5,73,1,903.93
2026-08-14,6,53,0,0.0
2026-08-14,7,48,3,849.64
2026-08-14,8,49,1,637.9
2026-08-14,9,65,1,273.35
2026-08-14,10,45,1,308.12
2026-08-14,11,27,1,1549.44
2026-08-14,12,19,0,0.0
2026-08-15,1,237,4,2108.69
2026-08-15,2,119,4,4420.11
2026-08-15,3,61,4,2394.22
2026-08-15,4,114,2,1901.79
2026-08-15,5,60,1,1787.82
2026-08-15,6,54,2,1827.07
2026-08-15,7,37,4,2203.58
2026-08-15,8,45,1,348.08
2026-08-15,9,51,2,2024.14
2026-08-15,10,43,2,618.73
2026-08-15,11,20,0,0.0
2026-08-15,12,15,0,0.0
2026-08-16,1,287,3,2659.9
2026-08-16,2,145,4,1477.76
2026-08-16,3,79,1,323.36
2026-08-16,4,130,7,4512.86
2026-08-16,5,75,3,1815.02
2026-08-16,6,63,2,1311.48
2026-08-16,7,43,1,877.05
2026-08-16,8,49,2,920.02
2026-08-16,9,61,0,0.0
2026-08-16,10,43,0,0.0
2026-08-16,11,25,1,268.95
2026-08-16,12,21,0,0.0
2026-08-17,1,216,7,5219.95
2026-08-17,2,130,2,909.76
2026-08-17,3,73,2,1415.47
2026-08-17,4,114,6,5015.21
2026-08-17,5,76,1,1591.44
2026-08-17,6,55,2,613.9
2026-08-17,7,39,0,0.0
2026-08-17,8,48,4,3256.92
2026-08-17,9,55,2,1298.73
2026-08-17,10,38,0,0.0
2026-08-17,11,25,1,641.74
2026-08-17,12,19,0,0.0
2026-08-18,1,245,10,6896.0
2026-08-18,2,125,6,3572.04
2026-08-18,3,55,0,0.0
2026-08-18,4,107,2,1541.38
2026-08-18,5,66,0,0.0
2026-08-18,6,49,2,2065.53
2026-08-18,7,38,3,1223.54
2026-08-18,8,46,0,0.0
2026-08-18,9,50,0,0.0
2026-08-18,10,42,0,0.0
2026-08-18,11,20,0,0.0
2026-08-18,12,16,0,0.0
2026-08-19,1,395,8,6145.84
2026-08-19,2,198,6,3992.61
2026-08-19,3,99,0,0.0
2026-08-19,4,188,3,1248.46
2026-08-19,5,104,4,2100.87
2026-08-19,6,78,1,311.02
2026-08-19,7,57,3,2160.38
2026-08-19,8,74,2,986.74
2026-08-19,9,88,0,0.0
2026-08-19,10,59,3,3327.68
2026-08-19,11,37,1,310.86
2026-08-19,12,28,0,0.0
2026-08-20,1,340,8,4554.26
2026-08-20,2,187,6,3798.22
2026-08-20,3,89,4,2909.09
2026-08-20,4,154,0,0.0
2026-08-20,5,98,1,326.96
2026-08-20,6,70,2,718.28
2026-08-20,7,54,1,318.67
2026-08-20,8,73,2,1570.23
2026-08-20,9,85,1,320.07
2026-08-20,10,60,2,2361.65
2026-08-20,11,31,1,1319.36
2026-08-20,12,24,0,0.0
2026-08-21,1,231,9,4763.93
2026-08-21,2,130,3,2500.8
2026-08-21,3,62,0,0.0
2026-08-21,4,95,1,537.06
2026-08-21,5,56,0,0.0
2026-08-21,6,49,2,680.44
2026-08-21,7,35,3,2554.76
2026-08-21,8,39,0,0.0
2026-08-21,9,52,2,1012.84
2026-08-21,10,38,1,1029.81
2026-08-21,11,22,2,621.96
2026-08-21,12,15,0,0.0
2026-08-22,1,267,5,6084.91
2026-08-22,2,134,1,290.46
2026-08-22,3,71,0,0.0
2026-08-22,4,117,3,1366.88
2026-08-22,5,63,0,0.0
2026-08-22,6,51,0,0.0
2026-08-22,7,36,0,0.0
2026-08-22,8,47,2,1166.48
2026-08-22,9,62,1,258.65
2026-08-22,10,41,0,0.0
2026-08-22,11,26,2,1657.99
2026-08-22,12,17,0,0.0
2026-08-23,1,290,8,4626.17
2026-08-23,2,161,6,3434.05
2026-08-23,3,79,2,1584.22
2026-08-23,4,135,2,658.88
2026-08-23,5,73,1,656.02
2026-08-23,6,64,0,0.0
2026-08-23,7,46,3,1699.84
2026-08-23,8,63,0,0.0
2026-08-23,9,76,3,2169.94
2026-08-23,10,52,2,2391.88
2026-08-23,11,31,0,0.0
2026-08-23,12,20,2,615.22
2026-08-24,1,419,9,5828.46
2026-08-24,2,208,7,7674.43
2026-08-24,3,91,1,674.02
2026-08-24,4,186,4,3510.67
2026-08-24,5,99,0,0.0
2026-08-24,6,85,2,1276.57
2026-08-24,7,52,2,1690.31
2026-08-24,8,72,0,0.0
2026-08-24,9,87,3,2731.42
2026-08-24,10,61,3,1682.38
2026-08-24,11,37,4,2377.8
2026-08-24,12,27,0,0.0
2026-08-25,1,337,6,3568.74
2026-08-25,2,186,8,3978.32
2026-08-25,3,91,2,651.81
2026-08-25,4,159,3,3935.8
2026-08-25,5,80,2,1329.76
2026-08-25,6,72,3,1969.1
2026-08-25,7,50,1,731.08
2026-08-25,8,62,1,312.56
2026-08-25,9,87,1,265.16
2026-08-25,10,58,0,0.0
2026-08-25,11,30,2,1545.26
2026-08-25,12,26,0,0.0
2026-08-26,1,309,11,5952.26
2026-08-26,2,143,2,631.77
2026-08-26,3,73,1,324.4
2026-08-26,4,125,1,381.28
2026-08-26,5,72,2,1454.94
2026-08-26,6,58,0,0.0
2026-08-26,7,46,1,1357.68
2026-08-26,8,54,2,995.0
2026-08-26,9,67,0,0.0
2026-08-26,10,48,2,964.09
2026-08-26,11,27,0,0.0
2026-08-26,12,21,0,0.0
2026-08-27,1,325,10,8354.3
2026-08-27,2,179,6,3600.46
2026-08-27,3,95,1,331.93
2026-08-27,4,147,3,2083.02
2026-08-27,5,77,2,923.3
2026-08-27,6,76,3,1470.01
2026-08-27,7,58,2,1902.51
2026-08-27,8,65,3,1548.08
2026-08-27,9,80,2,1745.49
2026-08-27,10,61,0,0.0
2026-08-27,11,31,0,0.0
2026-08-27,12,22,1,1145.48
2026-08-28,1,338,11,5475.6
2026-08-28,2,178,4,4774.32
2026-08-28,3,88,0,0.0
2026-08-28,4,141,1,315.62
2026-08-28,5,83,0,0.0
2026-08-28,6,69,1,884.46
2026-08-28,7,51,1,630.84
2026-08-28,8,63,1,635.66
2026-08-28,9,72,1,722.0
2026-08-28,10,57,1,689.06
2026-08-28,11,30,2,1187.72
2026-08-28,12,23,2,974.58
2026-08-29,1,366,10,10300.36
2026-08-29,2,176,4,1631.48
2026-08-29,3,99,0,0.0
2026-08-29,4,150,5,3515.17
2026-08-29,5,93,2,1214.03
2026-08-29,6,74,0,0.0
2026-08-29,7,50,1,330.07
2026-08-29,8,63,0,0.0
2026-08-29,9,82,2,1971.84
2026-08-29,10,53,4,2446.38
2026-08-29,11,33,3,1280.92
2026-08-29,12,25,0,0.0
2026-08-30,1,285,11,7312.15
2026-08-30,2,158,6,4923.34
2026-08-30,3,80,4,5092.34
2026-08-30,4,139,5,5369.53
2026-08-30,5,71,1,326.75
2026-08-30,6,73,1,625.26
2026-08-30,7,46,0,0.0
2026-08-30,8,52,4,2817.37
2026-08-30,9,73,4,2695.52
2026-08-30,10,51,2,2973.68
2026-08-30,11,26,0,0.0
2026-08-30,12,21,1,1093.89
2026-08-31,1,333,6,2847.97
2026-08-31,2,163,6,5998.86
2026-08-31,3,90,3,2256.94
2026-08-31,4,155,1,958.29
2026-08-31,5,88,0,0.0
2026-08-31,6,65,2,2947.77
2026-08-31,7,51,1,1347.04
2026-08-31,8,62,0,0.0
2026-08-31,9,74,2,606.36
2026-08-31,10,57,1,299.41
2026-08-31,11,32,0,0.0
2026-08-31,12,24,3,1959.99
